bushtel_url,community_name,land_council,latitude,local_govt_council,ward,ntg_region,community_id,main_language,community_aliases,population_count,community_type,electorate,population_source,objectid,longitude,ILOC_CODE_2021,iloc_name,abs_total_population_2021,abs_indigenous_population_2021,population_final,population_final_source,population_match_status
https://bushtel.nt.gov.au/profile/1022,10 MILE,CENTRAL LAND COUNCIL,-20.40628,BARKLY,ALYAWARR,BARKLY,1022,Not recorded,"PALPANG,TEN MILE",8.0,Family Outstation,BARKLY,Homelands Service Provider Report 2023,1,134.75934,,,,,8.0,Homelands Service Provider Report 2023,BushTel population
https://bushtel.nt.gov.au/profile/1004,10 MILE OUTSTATION,CENTRAL LAND COUNCIL,-22.46667,CENTRAL DESERT,ANMATJERE,CENTRAL AUSTRALIA,1004,Not recorded,TEN MILE OUTSTATION,10.0,Family Outstation,GWOJA,Homelands Service Provider Report 2023,2,132.37658,,,,,10.0,Homelands Service Provider Report 2023,BushTel population
https://bushtel.nt.gov.au/profile/783,16 MILE CAMP,CENTRAL LAND COUNCIL,-23.45764,MACDONNELL,RODINGA,CENTRAL AUSTRALIA,783,Not recorded,"ATHENGE-LHERE,BOND SPRINGS",,Family Outstation,NAMATJIRA,Not recorded,3,133.83248,,,,,,Unavailable,No population found
https://bushtel.nt.gov.au/profile/24993,20 MILE,NORTHERN LAND COUNCIL,-16.08535,ROPER GULF,SOUTH WEST GULF,BIG RIVERS,24993,Not recorded,WUMAYALINJA,6.0,Family Outstation,BARKLY,Homelands Service Provider Report 2023,4,136.54826,,,,,6.0,Homelands Service Provider Report 2023,BushTel population
https://bushtel.nt.gov.au/profile/1006,4 MILE CAMP,TIWI LAND COUNCIL,-11.77798,TIWI ISLANDS,BATHURST ISLAND WARD,TOP END,1006,Not recorded,"FOUR MILE CAMP,NGUIU 4 MILE CAMP",7.0,Family Outstation,ARAFURA,Homelands Service Provider Report 2023,5,130.59548,,,,,7.0,Homelands Service Provider Report 2023,BushTel population
https://bushtel.nt.gov.au/profile/759,5 MILE BORE,CENTRAL LAND COUNCIL,-23.23265,MACDONNELL,LURITJA PINTUBI,CENTRAL AUSTRALIA,759,Not recorded,5 MILE,24.0,Family Outstation,GWOJA,Homelands Service Provider Report 2023,6,131.98296,,,,,24.0,Homelands Service Provider Report 2023,BushTel population
https://bushtel.nt.gov.au/profile/279,ACACIA LARRAKIA,NORTHERN LAND COUNCIL,-12.8142,LITCHFIELD,SOUTH WARD,"DARWIN, PALMERSTON, LITCHFIELD",279,Kriol,ACACIA GAP,,Family Outstation,GOYDER,Not recorded,7,131.1715,ILOC70300701,Acacia-Larrakia,799.0,106.0,,Unavailable,Rejected - ILOC area may exceed outstation
https://bushtel.nt.gov.au/profile/979,ADBANAE,NORTHERN LAND COUNCIL,-11.24167,WEST ARNHEM,BARRAH,TOP END,979,Not recorded,TREPANG BAY,,Family Outstation,ARAFURA,Not recorded,8,131.97531,,,,,,Unavailable,No population found
https://bushtel.nt.gov.au/profile/1,ADELAIDE BORE,CENTRAL LAND COUNCIL,-22.21485,CENTRAL DESERT,ANMATJERE,CENTRAL AUSTRALIA,1,Not recorded,"WOOLA,WOOLLA",14.0,Family Outstation,BARKLY,Homelands Service Provider Report 2023,9,133.93607,,,,,14.0,Homelands Service Provider Report 2023,BushTel population
https://bushtel.nt.gov.au/profile/10153,ADELAIDE RIVER,NORTHERN LAND COUNCIL,-13.2378,COOMALIE,ADELAIDE RIVER WARD,TOP END,10153,Not recorded,No aliases recorded with NTG DIPL,,Village,DALY,Not recorded,10,131.10473,,,,,,Unavailable,No population found
https://bushtel.nt.gov.au/profile/895,ADJAMARRAGU,NORTHERN LAND COUNCIL,-11.15182,WEST ARNHEM,BARRAH,TOP END,895,Not recorded,No aliases recorded with NTG DIPL,,Family Outstation,ARAFURA,Not recorded,11,132.47559,,,,,,Unavailable,No population found
https://bushtel.nt.gov.au/profile/787,AKARNENEHE WELL,CENTRAL LAND COUNCIL,-23.05992,CENTRAL DESERT,AKITYARRE,CENTRAL AUSTRALIA,787,Not recorded,APIWENTYE,,Family Outstation,NAMATJIRA,Not recorded,12,136.19361,,,,,,Unavailable,No population found
https://bushtel.nt.gov.au/profile/3,AKNGWERTNARRE,CENTRAL LAND COUNCIL,-23.6928,ALICE SPRINGS,Not recorded,CENTRAL AUSTRALIA,3,Not recorded,MORRIS SOAK,,Town Camp,BRAITLING,Not recorded,13,133.8612,,,,,,Unavailable,No population found
https://bushtel.nt.gov.au/profile/959,AKWALIRRUMANJA,ANINDILYAKWA LAND COUNCIL,-13.86346,EAST ARNHEM,ANINDILYAKWA,EAST ARNHEM,959,Not recorded,"4 MILE,FOUR MILE",35.0,Family Outstation,ARNHEM,Homelands Service Provider Report 2023,14,136.77866,,,,,35.0,Homelands Service Provider Report 2023,BushTel population
https://bushtel.nt.gov.au/profile/280,ALAMIRRA,NORTHERN LAND COUNCIL,-11.06745,WEST ARNHEM,BARRAH,TOP END,280,Not recorded,ALAMIRR,4.0,Family Outstation,ARAFURA,Homelands Service Provider Report 2023,15,132.52835,,,,,4.0,Homelands Service Provider Report 2023,BushTel population
https://bushtel.nt.gov.au/profile/693,ALATYEYE,CENTRAL LAND COUNCIL,-23.09733,CENTRAL DESERT,ANMATJERE,CENTRAL AUSTRALIA,693,Not recorded,TURNERS CAMP,3.0,Family Outstation,NAMATJIRA,Homelands Service Provider Report 2023,16,134.21897,,,,,3.0,Homelands Service Provider Report 2023,BushTel population
https://bushtel.nt.gov.au/profile/441,ALHARRGAN,NORTHERN LAND COUNCIL,-13.67507,ROPER GULF,NUMBULWAR NUMBURINDI,BIG RIVERS,441,Not recorded,CAPE BARROW,6.0,Family Outstation,ARNHEM,Homelands Service Provider Report 2023,17,136.05261,,,,,6.0,Homelands Service Provider Report 2023,BushTel population
https://bushtel.nt.gov.au/profile/202,ALI CURUNG,CENTRAL LAND COUNCIL,-21.00333,BARKLY,ALYAWARR,BARKLY,202,"Warlpiri, Alyawarr, Kaytetye and Warumungu.
","ALE-KERANGE,ALEKARENGE,WARRABRI,WARRIBRI",463.0,Major,BARKLY,Based on ABS 2021 Census SA1,18,134.40694,ILOC70700101,Ali Curung,394.0,347.0,463.0,Based on ABS 2021 Census SA1,BushTel population
https://bushtel.nt.gov.au/profile/10219,ALICE SPRINGS,CENTRAL LAND COUNCIL,-23.6994,ALICE SPRINGS,Not recorded,CENTRAL AUSTRALIA,10219,Not recorded,No aliases recorded with NTG DIPL,,Town,BRAITLING,Not recorded,19,133.8807,,,,,,Unavailable,No population found
https://bushtel.nt.gov.au/profile/852,ALICE WELL,CENTRAL LAND COUNCIL,-24.88123,MACDONNELL,RODINGA,CENTRAL AUSTRALIA,852,Not recorded,RITJINGKA,6.0,Family Outstation,NAMATJIRA,Homelands Service Provider Report 2023,20,134.22962,,,,,6.0,Homelands Service Provider Report 2023,BushTel population
https://bushtel.nt.gov.au/profile/4,ALKIPI,CENTRAL LAND COUNCIL,-23.27356,MACDONNELL,LURITJA PINTUBI,CENTRAL AUSTRALIA,4,Not recorded,"ALKIPIE,ALKPIE,MOUNT LARRY,YALKIPI",,Family Outstation,GWOJA,Not recorded,21,131.82924,,,,,,Unavailable,No population found
https://bushtel.nt.gov.au/profile/769,ALKNGARRIINTJA,CENTRAL LAND COUNCIL,-23.95602,MACDONNELL,LJIRAPINTA,CENTRAL AUSTRALIA,769,Not recorded,"ALKNGARINTJA,ILKILALAMA NO.2",8.0,Family Outstation,GWOJA,Homelands Service Provider Report 2023,22,132.46233,,,,,8.0,Homelands Service Provider Report 2023,BushTel population
https://bushtel.nt.gov.au/profile/714,ALKUPTIJA,CENTRAL LAND COUNCIL,-23.06533,MACDONNELL,RODINGA,CENTRAL AUSTRALIA,714,Not recorded,"ALKUPITJA,GILLAN BORE,GILLANS BORE,GILLEN BORE",31.0,Family Outstation,NAMATJIRA,Homelands Service Provider Report 2023,23,133.69436,,,,,31.0,Homelands Service Provider Report 2023,BushTel population
https://bushtel.nt.gov.au/profile/7,ALPARA,CENTRAL LAND COUNCIL,-25.91526,MACDONNELL,IYARRKA,CENTRAL AUSTRALIA,7,Not recorded,No aliases recorded with NTG DIPL,,Family Outstation,GWOJA,Not recorded,24,131.21242,,,,,,Unavailable,No population found
https://bushtel.nt.gov.au/profile/203,ALPURRURULAM,CENTRAL LAND COUNCIL,-20.98417,BARKLY,ALPURRURULAM,BARKLY,203,Alyawarr,"ILPERRELHELAM,LAKE NASH,WART ALPARAYETYE",411.0,Major,BARKLY,Based on ABS 2021 Census SA1,25,137.84749,ILOC70700201,Alpurrurulam,350.0,335.0,411.0,Based on ABS 2021 Census SA1,BushTel population
https://bushtel.nt.gov.au/profile/10270,ALYANGULA,ANINDILYAKWA LAND COUNCIL,-13.8506,UN-INCORPORATED (ALYANGULA),Not recorded,EAST ARNHEM,10270,Not recorded,ALYANGULA TOWN,,Town,ARNHEM,Not recorded,26,136.4191,ILOC70600101,Alyangula,751.0,41.0,751.0,ABS Census 2021 ILOC,ABS exact-name match - review recommended
https://bushtel.nt.gov.au/profile/24991,ALYARPERE,CENTRAL LAND COUNCIL,-23.70776,MACDONNELL,RODINGA,CENTRAL AUSTRALIA,24991,Not recorded,SHANNON BORE,4.0,Family Outstation,NAMATJIRA,Homelands Service Provider Report 2023,27,134.49332,,,,,4.0,Homelands Service Provider Report 2023,BushTel population
https://bushtel.nt.gov.au/profile/442,ALYINGBERRMA,ANINDILYAKWA LAND COUNCIL,-13.80934,EAST ARNHEM,ANINDILYAKWA,EAST ARNHEM,442,Not recorded,"ALYINGBARRUMA,QANTAS",,Family Outstation,ARNHEM,Not recorded,28,136.81691,,,,,,Unavailable,No population found
https://bushtel.nt.gov.au/profile/2,ALYUEN,CENTRAL LAND COUNCIL,-22.66949,CENTRAL DESERT,ANMATJERE,CENTRAL AUSTRALIA,2,Not recorded,"AILERON,ALUM,ALUM CAMP",12.0,Family Outstation,BARKLY,Homelands Service Provider Report 2023,29,133.35147,,,,,12.0,Homelands Service Provider Report 2023,BushTel population
https://bushtel.nt.gov.au/profile/622,AMANBIDJI,NORTHERN LAND COUNCIL,-16.42806,VICTORIA DALY,TIMBER CREEK,BIG RIVERS,622,Ngarinyman / Kriol,"AMANBIDGEE STATION,KILDURK,MIALUNI",88.0,Major,GWOJA,Based on ABS 2021 Census SA1,30,129.6189,,,,,88.0,Based on ABS 2021 Census SA1,BushTel population
https://bushtel.nt.gov.au/profile/445,AMANBURNUNGA,ANINDILYAKWA LAND COUNCIL,-13.92641,EAST ARNHEM,ANINDILYAKWA,EAST ARNHEM,445,Not recorded,"AMENGUNUA,SALT LAKE",,Family Outstation,ARNHEM,Not recorded,31,136.69486,,,,,,Unavailable,No population found
https://bushtel.nt.gov.au/profile/427,AMANGAL INDIGENOUS VILLAGE,NORTHERN LAND COUNCIL,-13.2445,COOMALIE,ADELAIDE RIVER WARD,TOP END,427,Not recorded,"ADELAIDE RIVER COMMUNITY,ADELAIDE RIVER TOWN CAMP,WAIRIA ASSOC",,Town Camp,DALY,Not recorded,32,131.1041,,,,,,Unavailable,No population found
https://bushtel.nt.gov.au/profile/282,AMATJATPALK,NORTHERN LAND COUNCIL,-11.59488,WEST ARNHEM,BARRAH,TOP END,282,Not recorded,"AMADJI BALK,AMADJIBAL,AMADJIBALK,GOULBURN ISLAND,SOUTH GOULBURN",,Family Outstation,ARAFURA,Not recorded,33,133.45508,,,,,,Unavailable,No population found
https://bushtel.nt.gov.au/profile/104,AMENGERNTERNEAH,CENTRAL LAND COUNCIL,-21.89767,BARKLY,ALYAWARR,BARKLY,104,Not recorded,"HEALTH CENTRE,MINGINTIRNINA,URAPENTYE,URAPUNTJA HEALTH CENTRE,UTOPIA CLINIC",,Family Outstation,BARKLY,Not recorded,34,134.84166,,,,,,Unavailable,No population found
https://bushtel.nt.gov.au/profile/446,AMIRRABA,ANINDILYAKWA LAND COUNCIL,-13.90868,EAST ARNHEM,ANINDILYAKWA,EAST ARNHEM,446,Not recorded,"8 MILE,EIGHT MILE",,Family Outstation,ARNHEM,Not recorded,35,136.85787,,,,,,Unavailable,No population found
https://bushtel.nt.gov.au/profile/9,AMOONGUNA,CENTRAL LAND COUNCIL,-23.76632,MACDONNELL,RODINGA,CENTRAL AUSTRALIA,9,Eastern Arrente,No aliases recorded with NTG DIPL,269.0,Major,NAMATJIRA,Based on ABS 2021 Census SA1,36,133.93599,ILOC70900101,Amoonguna,229.0,222.0,269.0,Based on ABS 2021 Census SA1,BushTel population
https://bushtel.nt.gov.au/profile/10,AMPILATWATJA,CENTRAL LAND COUNCIL,-21.65664,BARKLY,ALYAWARR,BARKLY,10,Alyawarr,"AHARRENG,AHERRE,AMMARO,AMMAROO,AMPERLATWATYE",515.0,Major,BARKLY,Based on ABS 2021 Census SA1,37,135.22509,,,,,515.0,Based on ABS 2021 Census SA1,BushTel population
https://bushtel.nt.gov.au/profile/11,AMPUTJUTA,CENTRAL LAND COUNCIL,-24.92956,MACDONNELL,IYARRKA,CENTRAL AUSTRALIA,11,Not recorded,UMPUTJUTA,,Family Outstation,GWOJA,Not recorded,38,129.12287,,,,,,Unavailable,No population found
https://bushtel.nt.gov.au/profile/761,AMUNDURNGUA,CENTRAL LAND COUNCIL,-23.27143,MACDONNELL,LURITJA PINTUBI,CENTRAL AUSTRALIA,761,Not recorded,No aliases recorded with NTG DIPL,10.0,Family Outstation,GWOJA,Homelands Service Provider Report 2023,39,131.42343,,,,,10.0,Homelands Service Provider Report 2023,BushTel population
https://bushtel.nt.gov.au/profile/449,ANDANANGKI,NORTHERN LAND COUNCIL,-13.60962,ROPER GULF,NUMBULWAR NUMBURINDI,BIG RIVERS,449,Not recorded,"ANDANANGGKI,ANDANANKI,ANDHANANGGI,WALKER RIVER",10.0,Family Outstation,ARNHEM,Homelands Service Provider Report 2023,40,135.76503,,,,,10.0,Homelands Service Provider Report 2023,BushTel population
https://bushtel.nt.gov.au/profile/13,ANGAS DOWNS,CENTRAL LAND COUNCIL,-25.03447,MACDONNELL,IYARRKA,CENTRAL AUSTRALIA,13,Not recorded,ANGUS DOWNS,2.0,Family Outstation,GWOJA,Homelands Service Provider Report 2023,41,132.27377,,,,,2.0,Homelands Service Provider Report 2023,BushTel population
https://bushtel.nt.gov.au/profile/916,ANGATYEPE,CENTRAL LAND COUNCIL,-23.745,MACDONNELL,RODINGA,CENTRAL AUSTRALIA,916,Not recorded,No aliases recorded with NTG DIPL,21.0,Family Outstation,NAMATJIRA,Homelands Service Provider Report 2023,42,133.7275,,,,,21.0,Homelands Service Provider Report 2023,BushTel population
https://bushtel.nt.gov.au/profile/917,ANGKERLE ARRENGE (A),CENTRAL LAND COUNCIL,-23.74599,MACDONNELL,RODINGA,CENTRAL AUSTRALIA,917,Not recorded,No aliases recorded with NTG DIPL,16.0,Family Outstation,NAMATJIRA,Homelands Service Provider Report 2023,43,133.48008,,,,,16.0,Homelands Service Provider Report 2023,BushTel population
https://bushtel.nt.gov.au/profile/918,ANGKERLE ARRENGE (B),CENTRAL LAND COUNCIL,-23.73894,MACDONNELL,RODINGA,CENTRAL AUSTRALIA,918,Not recorded,No aliases recorded with NTG DIPL,3.0,Family Outstation,NAMATJIRA,Homelands Service Provider Report 2023,44,133.47969,,,,,3.0,Homelands Service Provider Report 2023,BushTel population
https://bushtel.nt.gov.au/profile/12,ANGULA,CENTRAL LAND COUNCIL,-22.55781,CENTRAL DESERT,ANMATJERE,CENTRAL AUSTRALIA,12,Not recorded,"ANGKOLA,ANGKULA",6.0,Family Outstation,BARKLY,Homelands Service Provider Report 2023,45,134.21675,,,,,6.0,Homelands Service Provider Report 2023,BushTel population
https://bushtel.nt.gov.au/profile/451,ANGURUGU,ANINDILYAKWA LAND COUNCIL,-13.98224,EAST ARNHEM,ANINDILYAKWA,EAST ARNHEM,451,Anindilyakwa,No aliases recorded with NTG DIPL,1037.0,Major,ARNHEM,Based on ABS 2021 Census SA1,46,136.46057,ILOC70600102,Angurugu,883.0,858.0,1037.0,Based on ABS 2021 Census SA1,BushTel population
https://bushtel.nt.gov.au/profile/960,ANGWURA,ANINDILYAKWA LAND COUNCIL,-13.91942,EAST ARNHEM,ANINDILYAKWA,EAST ARNHEM,960,Not recorded,"ANGURRKURRIKBA,ANGUWARRMANJA,CENTRAL LAKE,SALT LAKE",8.0,Family Outstation,ARNHEM,Homelands Service Provider Report 2023,47,136.72609,,,,,8.0,Homelands Service Provider Report 2023,BushTel population
https://bushtel.nt.gov.au/profile/285,ANKABADBIRRI,NORTHERN LAND COUNCIL,-12.25695,WEST ARNHEM,MANINGRIDA,TOP END,285,Not recorded,"AN-GABARRBIRRIYA,ANGABABIRRAYI",18.0,Family Outstation,ARAFURA,Homelands Service Provider Report 2023,48,134.41973,,,,,18.0,Homelands Service Provider Report 2023,BushTel population
https://bushtel.nt.gov.au/profile/170,ANKERRAPW,CENTRAL LAND COUNCIL,-22.23004,BARKLY,ALYAWARR,BARKLY,170,Not recorded,"ANGKARRIPA,ANGKWETENGARENYE,ANKARRIPA,OLD UTOPIA HOMESTEAD,UTOPIA HOMESTEAD",,Family Outstation,BARKLY,Not recorded,49,134.56306,,,,,,Unavailable,No population found
https://bushtel.nt.gov.au/profile/823,ANKWELEYELENGKWE,CENTRAL LAND COUNCIL,-21.59675,CENTRAL DESERT,ANMATJERE,CENTRAL AUSTRALIA,823,Not recorded,"AMARELENGKWE,WILD PLUM",6.0,Family Outstation,BARKLY,Homelands Service Provider Report 2023,50,133.75517,,,,,6.0,Homelands Service Provider Report 2023,BushTel population
https://bushtel.nt.gov.au/profile/1021,ANNERRE,CENTRAL LAND COUNCIL,-21.26169,BARKLY,ALYAWARR,BARKLY,1021,Not recorded,No aliases recorded with NTG DIPL,,Family Outstation,BARKLY,Not recorded,51,134.00116,,,,,,Unavailable,No population found
https://bushtel.nt.gov.au/profile/14,ANNINGIE,CENTRAL LAND COUNCIL,-21.83473,CENTRAL DESERT,ANMATJERE,CENTRAL AUSTRALIA,14,Not recorded,YANGINJ,,Family Outstation,BARKLY,Not recorded,52,133.14445,,,,,,Unavailable,No population found
https://bushtel.nt.gov.au/profile/788,ANTERE,CENTRAL LAND COUNCIL,-25.66309,MACDONNELL,RODINGA,CENTRAL AUSTRALIA,788,Not recorded,"COLSONS WELL,GOYDER SR,JOKERS CAMP",,Family Outstation,NAMATJIRA,Not recorded,53,134.40934,,,,,,Unavailable,No population found
https://bushtel.nt.gov.au/profile/16,ANTHELK EWLPAYE,CENTRAL LAND COUNCIL,-23.68979,ALICE SPRINGS,Not recorded,CENTRAL AUSTRALIA,16,Not recorded,"ANTHE EWLPAYE,CHARLES CREEK,CHARLES RIVER",,Town Camp,NAMATJIRA,Not recorded,54,133.87932,ILOC70800201,Anthelk Ewlpaye,122.0,122.0,122.0,ABS Census 2021 ILOC,ABS exact-name match - review recommended
https://bushtel.nt.gov.au/profile/17,ANTHEPE,CENTRAL LAND COUNCIL,-23.7575,ALICE SPRINGS,Not recorded,CENTRAL AUSTRALIA,17,Not recorded,"DRIVE IN,NTAPA",,Town Camp,NAMATJIRA,Not recorded,55,133.8655,,,,,,Unavailable,No population found
https://bushtel.nt.gov.au/profile/19,APER ALWERRKNGE,CENTRAL LAND COUNCIL,-23.66835,ALICE SPRINGS,Not recorded,CENTRAL AUSTRALIA,19,Not recorded,"APER ALNERRKNGE,APER ALWERRNGE,PALMERS CAMP",,Town Camp,BRAITLING,Not recorded,56,133.87085,,,,,,Unavailable,No population found
https://bushtel.nt.gov.au/profile/335,ARARLAGU,NORTHERN LAND COUNCIL,-11.52722,WEST ARNHEM,BARRAH,TOP END,335,Not recorded,"ILLIARU,NORTH GOULBURN,NORTH GOULBURN ISLAND,WEIRA",,Family Outstation,ARAFURA,Not recorded,57,133.39848,,,,,,Unavailable,No population found
https://bushtel.nt.gov.au/profile/288,ARARU POINT,NORTHERN LAND COUNCIL,-11.19364,WEST ARNHEM,BARRAH,TOP END,288,Not recorded,ARARU,7.0,Family Outstation,ARAFURA,Homelands Service Provider Report 2023,58,131.87783,,,,,7.0,Homelands Service Provider Report 2023,BushTel population
https://bushtel.nt.gov.au/profile/147,ARAWERR,CENTRAL LAND COUNCIL,-22.01371,BARKLY,ALYAWARR,BARKLY,147,Not recorded,"ARRAWARRA,IYNGIYNYALA,SOAPY BORE",129.0,Minor,BARKLY,Homelands Service Provider Report 2023,59,134.84618,,,,,129.0,Homelands Service Provider Report 2023,BushTel population
https://bushtel.nt.gov.au/profile/20,AREYONGA,CENTRAL LAND COUNCIL,-24.07361,MACDONNELL,IYARRKA,CENTRAL AUSTRALIA,20,Pitjantjatjara,UTJU,277.0,Major,GWOJA,Based on ABS 2021 Census SA1,60,132.27083,ILOC70901401,Areyonga,236.0,211.0,277.0,Based on ABS 2021 Census SA1,BushTel population
https://bushtel.nt.gov.au/profile/1023,ARKANTA,CENTRAL LAND COUNCIL,-24.52148,MACDONNELL,LJIRAPINTA,CENTRAL AUSTRALIA,1023,Not recorded,"AKANTA,NO 5 BORE",12.0,Family Outstation,GWOJA,Homelands Service Provider Report 2023,61,132.81995,,,,,12.0,Homelands Service Provider Report 2023,BushTel population
https://bushtel.nt.gov.au/profile/168,ARLPARRA,CENTRAL LAND COUNCIL,-22.08779,BARKLY,ALYAWARR,BARKLY,168,Alyawarr,"AHALPERE,ANGARAPA,NEW SHOP,URAPUNTJA STORE,UTOPIA NEW STORE",110.0,Family Outstation,BARKLY,Homelands Service Provider Report 2023,62,134.77476,,,,,110.0,Homelands Service Provider Report 2023,BushTel population
https://bushtel.nt.gov.au/profile/968,ARMORRAN,NORTHERN LAND COUNCIL,-11.75575,WEST ARNHEM,BARRAH,TOP END,968,Not recorded,No aliases recorded with NTG DIPL,8.0,Family Outstation,ARAFURA,Homelands Service Provider Report 2023,63,133.38142,,,,,8.0,Homelands Service Provider Report 2023,BushTel population
https://bushtel.nt.gov.au/profile/79,ARMSTRONGS,CENTRAL LAND COUNCIL,-23.87918,MACDONNELL,LJIRAPINTA,CENTRAL AUSTRALIA,79,Not recorded,"ARMSTRONG'S CAMP,KUNOTH,KUNOTHS,KUNOTHS' CAMP",5.0,Family Outstation,GWOJA,Homelands Service Provider Report 2023,64,132.68001,,,,,5.0,Homelands Service Provider Report 2023,BushTel population
https://bushtel.nt.gov.au/profile/735,ARRAWAJIN,CENTRAL LAND COUNCIL,-20.51825,BARKLY,ALYAWARR,BARKLY,735,Not recorded,"ARRAJAWIN,ARRANJIN,WHISTLE DUCK",,Family Outstation,BARKLY,Not recorded,65,134.97551,,,,,,Unavailable,No population found
https://bushtel.nt.gov.au/profile/893,ARRGAMURRMUR,NORTHERN LAND COUNCIL,-11.17399,WEST ARNHEM,BARRAH,TOP END,893,Not recorded,KEITH WILLIAMS,,Family Outstation,ARAFURA,Not recorded,66,132.61015,,,,,,Unavailable,No population found
https://bushtel.nt.gov.au/profile/919,ARRILLHJERE,CENTRAL LAND COUNCIL,-23.77981,MACDONNELL,RODINGA,CENTRAL AUSTRALIA,919,Not recorded,ARRLIHJERE,2.0,Family Outstation,NAMATJIRA,Homelands Service Provider Report 2023,67,133.62608,,,,,2.0,Homelands Service Provider Report 2023,BushTel population
https://bushtel.nt.gov.au/profile/21,ARRKAPA,CENTRAL LAND COUNCIL,-23.98248,MACDONNELL,LJIRAPINTA,CENTRAL AUSTRALIA,21,Not recorded,"ARKANAPUTA,ARRKARNKAPUTA",2.0,Family Outstation,GWOJA,Homelands Service Provider Report 2023,68,132.82937,,,,,2.0,Homelands Service Provider Report 2023,BushTel population
https://bushtel.nt.gov.au/profile/910,ARRUNGKEE,CENTRAL LAND COUNCIL,-22.49935,CENTRAL DESERT,ANMATJERE,CENTRAL AUSTRALIA,910,Not recorded,"ARRUNGE,FERDIES BORE,GARDEN BORE",10.0,Family Outstation,GWOJA,Homelands Service Provider Report 2023,69,132.28147,,,,,10.0,Homelands Service Provider Report 2023,BushTel population
https://bushtel.nt.gov.au/profile/22,ARTEKERR,CENTRAL LAND COUNCIL,-22.29022,BARKLY,ALYAWARR,BARKLY,22,Not recorded,"ARTEKKERRE,ATIKIRRA,THREE BORES",26.0,Family Outstation,BARKLY,Homelands Service Provider Report 2023,70,134.54312,,,,,26.0,Homelands Service Provider Report 2023,BushTel population
https://bushtel.nt.gov.au/profile/712,ARTEKERRE,CENTRAL LAND COUNCIL,-23.25739,MACDONNELL,RODINGA,CENTRAL AUSTRALIA,712,Not recorded,"ARTERRE,HARRY CREEK,MCGRATH FLAT",51.0,Family Outstation,NAMATJIRA,Homelands Service Provider Report 2023,71,133.7666,,,,,51.0,Homelands Service Provider Report 2023,BushTel population
https://bushtel.nt.gov.au/profile/729,ATHELEY,CENTRAL LAND COUNCIL,-21.91757,BARKLY,ALYAWARR,BARKLY,729,Not recorded,"ATHILIYA,SILLYA",88.0,Family Outstation,BARKLY,Homelands Service Provider Report 2023,72,134.86766,,,,,88.0,Homelands Service Provider Report 2023,BushTel population
https://bushtel.nt.gov.au/profile/42,ATITJERE,CENTRAL LAND COUNCIL,-22.9843,CENTRAL DESERT,AKITYARRE,CENTRAL AUSTRALIA,42,Eastern Arrente,"ARLTARLPILTA,HART RANGE,HARTS RANGE",239.0,Major,NAMATJIRA,Based on ABS 2021 Census SA1,73,134.9341,ILOC70900501,Atitjere,204.0,157.0,239.0,Based on ABS 2021 Census SA1,BushTel population
https://bushtel.nt.gov.au/profile/1015,ATJI CREEK,CENTRAL LAND COUNCIL,-23.39945,MACDONNELL,LURITJA PINTUBI,CENTRAL AUSTRALIA,1015,Not recorded,No aliases recorded with NTG DIPL,10.0,Family Outstation,GWOJA,Homelands Service Provider Report 2023,74,131.98389,,,,,10.0,Homelands Service Provider Report 2023,BushTel population
https://bushtel.nt.gov.au/profile/146,ATNARARA,CENTRAL LAND COUNCIL,-22.02622,BARKLY,ALYAWARR,BARKLY,146,Not recorded,"AHALPERARENYE,ATNARARRA,SOAKAGE BORE",47.0,Family Outstation,BARKLY,Homelands Service Provider Report 2023,75,134.78721,,,,,47.0,Homelands Service Provider Report 2023,BushTel population
https://bushtel.nt.gov.au/profile/24995,ATNARPA,CENTRAL LAND COUNCIL,-23.52358,MACDONNELL,RODINGA,CENTRAL AUSTRALIA,24995,Not recorded,No aliases recorded with NTG DIPL,8.0,Family Outstation,NAMATJIRA,Homelands Service Provider Report 2023,76,134.78911,,,,,8.0,Homelands Service Provider Report 2023,BushTel population
https://bushtel.nt.gov.au/profile/27,ATNELTYEY,CENTRAL LAND COUNCIL,-22.03683,BARKLY,ALYAWARR,BARKLY,27,Not recorded,"ALLALGARA ANNANGARA,ANILTJIY,ATNELTYEYE,BOUNDARY BORE",51.0,Family Outstation,BARKLY,Homelands Service Provider Report 2023,77,134.61166,ILOC70901201,Atneltyey,40.0,40.0,51.0,Homelands Service Provider Report 2023,BushTel population
https://bushtel.nt.gov.au/profile/23,ATNWENGERRPE,CENTRAL LAND COUNCIL,-21.86956,BARKLY,ALYAWARR,BARKLY,23,Not recorded,"AMMAROO,ATNUNGURRPA,ATNWENGERRP,QUART POT,QUART POTS",30.0,Family Outstation,BARKLY,Homelands Service Provider Report 2023,78,134.99411,,,,,30.0,Homelands Service Provider Report 2023,BushTel population
https://bushtel.nt.gov.au/profile/754,AWUMBUNYJI,NORTHERN LAND COUNCIL,-14.44723,ROPER GULF,YUGUL MANGI,BIG RIVERS,754,Not recorded,No aliases recorded with NTG DIPL,,Family Outstation,ARNHEM,Not recorded,79,135.43529,,,,,,Unavailable,No population found
https://bushtel.nt.gov.au/profile/1011,BABUNGI,NORTHERN LAND COUNCIL,-15.74444,ROPER GULF,SOUTH WEST GULF,BIG RIVERS,1011,Not recorded,VICTORIA BAY,8.0,Family Outstation,BARKLY,Homelands Service Provider Report 2023,80,136.97858,,,,,8.0,Homelands Service Provider Report 2023,BushTel population
https://bushtel.nt.gov.au/profile/577,BADAWARRKA,NORTHERN LAND COUNCIL,-14.69603,ROPER GULF,YUGUL MANGI,BIG RIVERS,577,Not recorded,"BADANARRKKA,BADDAWARRKU,BUDDAWARKA,FIVE MILE CAMP",3.0,Family Outstation,ARNHEM,Homelands Service Provider Report 2023,81,134.44378,,,,,3.0,Homelands Service Provider Report 2023,BushTel population
https://bushtel.nt.gov.au/profile/811,BAGHETTI,NORTHERN LAND COUNCIL,-13.75874,ROPER GULF,NYIRRANGGULUNG,BIG RIVERS,811,Not recorded,No aliases recorded with NTG DIPL,2.0,Family Outstation,ARNHEM,Homelands Service Provider Report 2023,82,134.46372,,,,,2.0,Homelands Service Provider Report 2023,BushTel population
https://bushtel.nt.gov.au/profile/290,BAGOT,NORTHERN LAND COUNCIL,-12.41613,DARWIN,CHAN,"DARWIN, PALMERSTON, LITCHFIELD",290,Not recorded,No aliases recorded with NTG DIPL,,Town Camp,FANNIE BAY,Not recorded,83,130.85515,,,,,,Unavailable,No population found
https://bushtel.nt.gov.au/profile/209,BAJAMINYI,NORTHERN LAND COUNCIL,-17.77489,BARKLY,KUWARRANGU,BARKLY,209,Not recorded,"BARAMINGI,FISH RIVER",,Family Outstation,BARKLY,Not recorded,84,137.71243,,,,,,Unavailable,No population found
https://bushtel.nt.gov.au/profile/456,BALMA,NORTHERN LAND COUNCIL,-13.24939,EAST ARNHEM,GUMURR MIYARRKA,EAST ARNHEM,456,Not recorded,No aliases recorded with NTG DIPL,11.0,Family Outstation,ARNHEM,Homelands Service Provider Report 2023,85,135.84857,,,,,11.0,Homelands Service Provider Report 2023,BushTel population
https://bushtel.nt.gov.au/profile/578,BAMBOO SPRINGS,CENTRAL LAND COUNCIL,-16.95993,VICTORIA DALY,TIMBER CREEK,BIG RIVERS,578,Not recorded,JIRRNGOW,,Family Outstation,GWOJA,Not recorded,86,129.08393,,,,,,Unavailable,No population found
https://bushtel.nt.gov.au/profile/946,BANATJARL,NORTHERN LAND COUNCIL,-14.47668,ROPER GULF,NYIRRANGGULUNG,BIG RIVERS,946,Not recorded,KING VALLEY,10.0,Family Outstation,ARNHEM,Homelands Service Provider Report 2023,87,132.6514,,,,,10.0,Homelands Service Provider Report 2023,BushTel population
https://bushtel.nt.gov.au/profile/458,BANIYALA,NORTHERN LAND COUNCIL,-13.2004,EAST ARNHEM,GUMURR MIWATJ,EAST ARNHEM,458,Not recorded,"BANYALA,YILPARA",146.0,Minor,ARNHEM,Homelands Service Provider Report 2023,88,136.2261,,,,,146.0,Homelands Service Provider Report 2023,BushTel population
https://bushtel.nt.gov.au/profile/457,BANTHULA,NORTHERN LAND COUNCIL,-11.83585,EAST ARNHEM,GUMURR MARTHAKAL,EAST ARNHEM,457,Not recorded,"BAN'TALA,BANDHULA,BANT'THULA,GAMPURA,GANPURA",24.0,Family Outstation,MULKA,Homelands Service Provider Report 2023,89,135.87365,,,,,24.0,Homelands Service Provider Report 2023,BushTel population
https://bushtel.nt.gov.au/profile/865,BARDALUMBA,ANINDILYAKWA LAND COUNCIL,-13.82445,EAST ARNHEM,ANINDILYAKWA,EAST ARNHEM,865,Not recorded,"BARTALUMBA BAY,BARTELUMBA",26.0,Family Outstation,ARNHEM,Homelands Service Provider Report 2023,90,136.4489,,,,,26.0,Homelands Service Provider Report 2023,BushTel population
https://bushtel.nt.gov.au/profile/14045564,BARNJARN,NORTHERN LAND COUNCIL,-14.28264,ROPER GULF,NYIRRANGGULUNG,BIG RIVERS,14045564,Not recorded,No aliases recorded with NTG DIPL,8.0,Family Outstation,ARNHEM,Homelands Service Provider Report 2023,91,132.08321,,,,,8.0,Homelands Service Provider Report 2023,BushTel population
https://bushtel.nt.gov.au/profile/699,BARRAK BARRAK,NORTHERN LAND COUNCIL,-15.8716,VICTORIA DALY,TIMBER CREEK,BIG RIVERS,699,Not recorded,"BARRAC BARRAC,MAYAMUM",,Family Outstation,GWOJA,Not recorded,92,130.35876,,,,,,Unavailable,No population found
https://bushtel.nt.gov.au/profile/579,BARRAPUNTA,NORTHERN LAND COUNCIL,-13.15658,ROPER GULF,NYIRRANGGULUNG,BIG RIVERS,579,Not recorded,"BANAPINTA,BANURRPANDA,EMU SPRINGS",1.0,Family Outstation,ARNHEM,Homelands Service Provider Report 2023,93,134.85057,,,,,1.0,Homelands Service Provider Report 2023,BushTel population
https://bushtel.nt.gov.au/profile/938,BARRARATJPI,NORTHERN LAND COUNCIL,-13.21858,EAST ARNHEM,GUMURR MIWATJ,EAST ARNHEM,938,Not recorded,No aliases recorded with NTG DIPL,23.0,Family Outstation,ARNHEM,Homelands Service Provider Report 2023,94,136.39138,,,,,23.0,Homelands Service Provider Report 2023,BushTel population
https://bushtel.nt.gov.au/profile/792,BARRIDJOWKENG,NORTHERN LAND COUNCIL,-12.34863,WEST ARNHEM,MANINGRIDA,TOP END,792,Not recorded,"BARRIDJOWEN,BARRIHYOWKENG",2.0,Family Outstation,ARAFURA,Homelands Service Provider Report 2023,95,134.17529,,,,,2.0,Homelands Service Provider Report 2023,BushTel population
https://bushtel.nt.gov.au/profile/888,BARRKIRA,NORTHERN LAND COUNCIL,-12.0086,EAST ARNHEM,GUMURR MIWATJ,EAST ARNHEM,888,Not recorded,No aliases recorded with NTG DIPL,13.0,Family Outstation,MULKA,Homelands Service Provider Report 2023,96,136.4649,,,,,13.0,Homelands Service Provider Report 2023,BushTel population
https://bushtel.nt.gov.au/profile/580,BARUNGA,NORTHERN LAND COUNCIL,-14.52363,ROPER GULF,NYIRRANGGULUNG,BIG RIVERS,580,Eastside Kriol,BAMYILI,396.0,Major,ARNHEM,Based on ABS 2021 Census SA1,97,132.86668,ILOC70500301,Barunga,337.0,319.0,396.0,Based on ABS 2021 Census SA1,BushTel population
https://bushtel.nt.gov.au/profile/10677,BATCHELOR,NORTHERN LAND COUNCIL,-13.04629,COOMALIE,BATCHELOR TOWNSHIP WARD,TOP END,10677,Not recorded,No aliases recorded with NTG DIPL,,Village,DALY,Not recorded,98,131.02883,ILOC70300402,Batchelor,371.0,113.0,371.0,ABS Census 2021 ILOC,ABS exact-name match - review recommended
https://bushtel.nt.gov.au/profile/25070,BATTON HILL,CENTRAL LAND COUNCIL,-23.02915,CENTRAL DESERT,AKITYARRE,CENTRAL AUSTRALIA,25070,Not recorded,No aliases recorded with NTG DIPL,2.0,Family Outstation,NAMATJIRA,Homelands Service Provider Report 2023,99,136.86913,,,,,2.0,Homelands Service Provider Report 2023,BushTel population
https://bushtel.nt.gov.au/profile/212,BAUHINIA DOWNS,NORTHERN LAND COUNCIL,-16.21512,ROPER GULF,SOUTH WEST GULF,BIG RIVERS,212,Not recorded,GURDANJI BINGBINGA,11.0,Family Outstation,BARKLY,Homelands Service Provider Report 2023,100,135.46968,,,,,11.0,Homelands Service Provider Report 2023,BushTel population
https://bushtel.nt.gov.au/profile/462,BAWAKA,NORTHERN LAND COUNCIL,-12.53365,EAST ARNHEM,GUMURR MIWATJ,EAST ARNHEM,462,Not recorded,No aliases recorded with NTG DIPL,9.0,Family Outstation,MULKA,Homelands Service Provider Report 2023,101,136.76402,,,,,9.0,Homelands Service Provider Report 2023,BushTel population
https://bushtel.nt.gov.au/profile/494,BAYAGIDA,NORTHERN LAND COUNCIL,-12.04269,EAST ARNHEM,GUMURR GATTJIRRK,EAST ARNHEM,494,Not recorded,"GALUNGALI,GALUNGULI,RAPUMA,RAPUMA GALINGULLA,RAPUMA ISLAND,YABOOMA ISLAND",,Family Outstation,MULKA,Not recorded,102,134.92821,,,,,,Unavailable,No population found
https://bushtel.nt.gov.au/profile/463,BAYGURRTJI,NORTHERN LAND COUNCIL,-13.15787,EAST ARNHEM,GUMURR MIYARRKA,EAST ARNHEM,463,Not recorded,"BAGURRITJI,BAYKURRTJI",2.0,Family Outstation,ARNHEM,Homelands Service Provider Report 2023,103,135.86654,,,,,2.0,Homelands Service Provider Report 2023,BushTel population
https://bushtel.nt.gov.au/profile/25071,BEASLEY KNOB,NORTHERN LAND COUNCIL,-15.97708,VICTORIA DALY,TIMBER CREEK,BIG RIVERS,25071,Not recorded,JIYLINUM,19.0,Family Outstation,GWOJA,Homelands Service Provider Report 2023,104,129.0085,,,,,19.0,Homelands Service Provider Report 2023,BushTel population
https://bushtel.nt.gov.au/profile/844,BEER ST BORE,CENTRAL LAND COUNCIL,-25.58297,MACDONNELL,RODINGA,CENTRAL AUSTRALIA,844,Not recorded,No aliases recorded with NTG DIPL,,Family Outstation,NAMATJIRA,Not recorded,105,134.52565,,,,,,Unavailable,No population found
https://bushtel.nt.gov.au/profile/294,BELYUEN,NORTHERN LAND COUNCIL,-12.5386,BELYUEN,Not recorded,TOP END,294,Kriol,"DELISAVILLE,DELISSAVILLE",175.0,Major,DALY,Based on ABS 2021 Census SA1,106,130.6999,ILOC70300403,Belyuen,149.0,150.0,175.0,Based on ABS 2021 Census SA1,BushTel population
https://bushtel.nt.gov.au/profile/295,BERRAJA,NORTHERN LAND COUNCIL,-12.07195,WEST ARNHEM,MANINGRIDA,TOP END,295,Not recorded,"BERBAJA,BERRAIYA",,Family Outstation,ARAFURA,Not recorded,107,134.50486,,,,,,Unavailable,No population found
https://bushtel.nt.gov.au/profile/582,BINJARI,NORTHERN LAND COUNCIL,-14.5502,KATHERINE,Not recorded,BIG RIVERS,582,Kriol,"BINJARRI,WYLUNBA",282.0,Minor,KATHERINE,Based on ABS 2021 Census SA1,108,132.1815,ILOC70500501,Binjari,240.0,232.0,282.0,Based on ABS 2021 Census SA1,BushTel population
https://bushtel.nt.gov.au/profile/464,BIRANY BIRANY,NORTHERN LAND COUNCIL,-12.81703,EAST ARNHEM,GUMURR MIWATJ,EAST ARNHEM,464,Not recorded,BIRANYBIRANY,16.0,Minor,MULKA,Homelands Service Provider Report 2023,109,136.47669,,,,,16.0,Homelands Service Provider Report 2023,BushTel population
https://bushtel.nt.gov.au/profile/810,BISHOPS BORE,NORTHERN LAND COUNCIL,-14.61452,ROPER GULF,NYIRRANGGULUNG,BIG RIVERS,810,Not recorded,No aliases recorded with NTG DIPL,,Family Outstation,ARNHEM,Not recorded,110,133.07053,,,,,,Unavailable,No population found
https://bushtel.nt.gov.au/profile/24899,BLACK ROCK LANDING,NORTHERN LAND COUNCIL,-15.92062,ROPER GULF,SOUTH WEST GULF,BIG RIVERS,24899,Not recorded,No aliases recorded with NTG DIPL,4.0,Family Outstation,BARKLY,Homelands Service Provider Report 2023,111,136.51042,,,,,4.0,Homelands Service Provider Report 2023,BushTel population
https://bushtel.nt.gov.au/profile/784,BLACKTANK BORE,CENTRAL LAND COUNCIL,-23.32352,MACDONNELL,RODINGA,CENTRAL AUSTRALIA,784,Not recorded,"APMWERRE,BOND SPRINGS",18.0,Family Outstation,NAMATJIRA,Homelands Service Provider Report 2023,112,134.02049,,,,,18.0,Homelands Service Provider Report 2023,BushTel population
https://bushtel.nt.gov.au/profile/25,BLACKWATER,CENTRAL LAND COUNCIL,-23.26181,MACDONNELL,LURITJA PINTUBI,CENTRAL AUSTRALIA,25,Not recorded,ATURU,9.0,Family Outstation,GWOJA,Homelands Service Provider Report 2023,113,131.89688,,,,,9.0,Homelands Service Provider Report 2023,BushTel population
https://bushtel.nt.gov.au/profile/843,BLOODWOOD BORE,CENTRAL LAND COUNCIL,-25.76764,MACDONNELL,RODINGA,CENTRAL AUSTRALIA,843,Not recorded,No aliases recorded with NTG DIPL,,Family Outstation,NAMATJIRA,Not recorded,114,134.2883,,,,,,Unavailable,No population found
https://bushtel.nt.gov.au/profile/829,BLUE BUSH,CENTRAL LAND COUNCIL,-19.02411,BARKLY,PATTA,BARKLY,829,Not recorded,BLUEBUSH,,Family Outstation,BARKLY,Not recorded,115,133.73583,,,,,,Unavailable,No population found
https://bushtel.nt.gov.au/profile/698,BOBS YARD,NORTHERN LAND COUNCIL,-16.00945,VICTORIA DALY,TIMBER CREEK,BIG RIVERS,698,Not recorded,"IUWAKAM,KUTJULUM BURRU",,Family Outstation,GWOJA,Not recorded,116,130.61125,,,,,,Unavailable,No population found
https://bushtel.nt.gov.au/profile/465,BODIA,NORTHERN LAND COUNCIL,-12.07688,EAST ARNHEM,GUMURR GATTJIRRK,EAST ARNHEM,465,Not recorded,No aliases recorded with NTG DIPL,44.0,Family Outstation,MULKA,Homelands Service Provider Report 2023,117,134.89628,,,,,44.0,Homelands Service Provider Report 2023,BushTel population
https://bushtel.nt.gov.au/profile/298,BOLKDJAM,NORTHERN LAND COUNCIL,-12.41151,WEST ARNHEM,MANINGRIDA,TOP END,298,Not recorded,"BORLKDJAM,BULKDJAM",50.0,Family Outstation,ARAFURA,Homelands Service Provider Report 2023,118,134.41998,,,,,50.0,Homelands Service Provider Report 2023,BushTel population
https://bushtel.nt.gov.au/profile/583,BOOMERANG LAGOON,NORTHERN LAND COUNCIL,-14.45061,ROPER GULF,YUGUL MANGI,BIG RIVERS,583,Not recorded,MALANBAPOY,,Family Outstation,ARNHEM,Not recorded,119,135.03925,,,,,,Unavailable,No population found
https://bushtel.nt.gov.au/profile/481,BOROGOMARRA,NORTHERN LAND COUNCIL,-12.24159,EAST ARNHEM,BIRR RAWARRANG,EAST ARNHEM,481,Not recorded,"DJAKALAJIRAPURRA,DJAKALAJIRIPURRA,MANGBIRR,MANGBIRRI",,Family Outstation,MULKA,Not recorded,120,134.97834,,,,,,Unavailable,No population found
https://bushtel.nt.gov.au/profile/11092,BORROLOOLA,NORTHERN LAND COUNCIL,-16.0676,ROPER GULF,SOUTH WEST GULF,BIG RIVERS,11092,"Garrwa, Eastside Kriol",No aliases recorded with NTG DIPL,886.0,Village,BARKLY,Based on ABS 2021 Census SA1,121,136.3069,,,,,886.0,Based on ABS 2021 Census SA1,BushTel population
https://bushtel.nt.gov.au/profile/24904,BRUMBY PLAINS,CENTRAL LAND COUNCIL,-17.05303,VICTORIA DALY,DAGURAGU,BIG RIVERS,24904,Not recorded,No aliases recorded with NTG DIPL,8.0,Family Outstation,GWOJA,Homelands Service Provider Report 2023,122,129.01037,,,,,8.0,Homelands Service Provider Report 2023,BushTel population
https://bushtel.nt.gov.au/profile/585,BUBBLE BUBBLE,NORTHERN LAND COUNCIL,-15.81036,VICTORIA DALY,TIMBER CREEK,BIG RIVERS,585,Not recorded,"DHAMBERRAL,DJAMBORAL,DUMBARAL ASSOC,DUMBRAL,NEWRY STATION",10.0,Family Outstation,GWOJA,Homelands Service Provider Report 2023,123,129.31022,,,,,10.0,Homelands Service Provider Report 2023,BushTel population
https://bushtel.nt.gov.au/profile/700,BUCKET SPRINGS,NORTHERN LAND COUNCIL,-15.74001,VICTORIA DALY,TIMBER CREEK,BIG RIVERS,700,Not recorded,BINJEN NINGGUWUNG,,Family Outstation,GWOJA,Not recorded,124,129.16465,,,,,,Unavailable,No population found
https://bushtel.nt.gov.au/profile/986,BUDJANGA,NORTHERN LAND COUNCIL,-16.17945,ROPER GULF,SOUTH WEST GULF,BIG RIVERS,986,Not recorded,No aliases recorded with NTG DIPL,8.0,Family Outstation,BARKLY,Homelands Service Provider Report 2023,125,136.76818,,,,,8.0,Homelands Service Provider Report 2023,BushTel population
https://bushtel.nt.gov.au/profile/1027,BUFFALO FARM,NORTHERN LAND COUNCIL,-12.81369,WEST ARNHEM,KAKADU,TOP END,1027,Not recorded,No aliases recorded with NTG DIPL,6.0,Family Outstation,ARAFURA,Homelands Service Provider Report 2023,126,132.59382,,,,,6.0,Homelands Service Provider Report 2023,BushTel population
https://bushtel.nt.gov.au/profile/257,BUJAN,NORTHERN LAND COUNCIL,-16.26901,ROPER GULF,SOUTH WEST GULF,BIG RIVERS,257,Not recorded,"BUJANA,EAST WYREAN,PUJANA",4.0,Family Outstation,BARKLY,Homelands Service Provider Report 2023,127,136.87915,,,,,4.0,Homelands Service Provider Report 2023,BushTel population
https://bushtel.nt.gov.au/profile/466,BUKUDAL,NORTHERN LAND COUNCIL,-12.96647,EAST ARNHEM,GUMURR MIWATJ,EAST ARNHEM,466,Not recorded,No aliases recorded with NTG DIPL,16.0,Family Outstation,ARNHEM,Homelands Service Provider Report 2023,128,136.61353,,,,,16.0,Homelands Service Provider Report 2023,BushTel population
https://bushtel.nt.gov.au/profile/467,BULARRING,NORTHERN LAND COUNCIL,-12.04636,EAST ARNHEM,GUMURR MARTHAKAL,EAST ARNHEM,467,Not recorded,"BULARRINY,BULARRINYUR",,Family Outstation,MULKA,Not recorded,129,135.70342,,,,,,Unavailable,No population found
https://bushtel.nt.gov.au/profile/300,BULGUL,NORTHERN LAND COUNCIL,-13.08387,UN-INCORPORATED (COX-DALY),Not recorded,TOP END,300,Not recorded,WADJIGAN,21.0,Family Outstation,DALY,Homelands Service Provider Report 2023,130,130.12203,,,,,21.0,Homelands Service Provider Report 2023,BushTel population
https://bushtel.nt.gov.au/profile/586,BULLA,NORTHERN LAND COUNCIL,-15.76492,VICTORIA DALY,TIMBER CREEK,BIG RIVERS,586,Westside Kriol/ Ngarinyman,"GUDABIJIN,GURRBIJIM",95.0,Minor,GWOJA,Based on ABS 2021 Census SA1,131,130.03936,ILOC70500802,Bulla,81.0,73.0,95.0,Based on ABS 2021 Census SA1,BushTel population
https://bushtel.nt.gov.au/profile/587,BULMAN,NORTHERN LAND COUNCIL,-13.66529,ROPER GULF,NYIRRANGGULUNG,BIG RIVERS,587,Eastside Kriol,"GULIN GULIN,YULNGU",190.0,Major,ARNHEM,Based on ABS 2021 Census SA1,132,134.33335,ILOC70500308,Bulman,162.0,160.0,190.0,Based on ABS 2021 Census SA1,BushTel population
https://bushtel.nt.gov.au/profile/302,BULUHKADURU,NORTHERN LAND COUNCIL,-12.43247,WEST ARNHEM,MANINGRIDA,TOP END,302,Not recorded,"BUKUHKADURU,BULAGADARU,BULUNKADURU",32.0,Family Outstation,ARAFURA,Homelands Service Provider Report 2023,133,134.42307,,,,,32.0,Homelands Service Provider Report 2023,BushTel population
https://bushtel.nt.gov.au/profile/468,BUNDATHARRI,NORTHERN LAND COUNCIL,-12.23568,EAST ARNHEM,BIRR RAWARRANG,EAST ARNHEM,468,Not recorded,BUNDADHARRI,,Family Outstation,MULKA,Not recorded,134,134.84672,,,,,,Unavailable,No population found
https://bushtel.nt.gov.au/profile/949,BUNHANURA,NORTHERN LAND COUNCIL,-12.37449,EAST ARNHEM,GUMURR MIYARRKA,EAST ARNHEM,949,Not recorded,No aliases recorded with NTG DIPL,15.0,Family Outstation,ARNHEM,Homelands Service Provider Report 2023,135,135.72221,,,,,15.0,Homelands Service Provider Report 2023,BushTel population
https://bushtel.nt.gov.au/profile/976,BUNI-INWUNBULUK,NORTHERN LAND COUNCIL,-11.40613,WEST ARNHEM,BARRAH,TOP END,976,Not recorded,ANNESLEY POINT,10.0,Family Outstation,ARAFURA,Homelands Service Provider Report 2023,136,132.82554,,,,,10.0,Homelands Service Provider Report 2023,BushTel population
https://bushtel.nt.gov.au/profile/470,BURRUM,NORTHERN LAND COUNCIL,-12.3094,EAST ARNHEM,GUMURR MIYARRKA,EAST ARNHEM,470,Not recorded,BULAKATOR,13.0,Family Outstation,ARNHEM,Homelands Service Provider Report 2023,137,135.9605,,,,,13.0,Homelands Service Provider Report 2023,BushTel population
https://bushtel.nt.gov.au/profile/686,BURRUMBURRU,NORTHERN LAND COUNCIL,-17.74229,BARKLY,KUWARRANGU,BARKLY,686,Not recorded,DRY CREEK,,Family Outstation,BARKLY,Not recorded,138,137.78155,,,,,,Unavailable,No population found
https://bushtel.nt.gov.au/profile/713,BURT CREEK,CENTRAL LAND COUNCIL,-23.19652,MACDONNELL,RODINGA,CENTRAL AUSTRALIA,713,Not recorded,"RICE'S CAMP,YAMBA-MPWERINGE,YAMBAH-MPWERINGE",37.0,Family Outstation,NAMATJIRA,Homelands Service Provider Report 2023,139,133.74759,,,,,37.0,Homelands Service Provider Report 2023,BushTel population
https://bushtel.nt.gov.au/profile/944,BURTA WURTA,CENTRAL LAND COUNCIL,-17.53597,VICTORIA DALY,DAGURAGU,BIG RIVERS,944,Not recorded,"BARDU WARDU,BIRDIWATER",,Family Outstation,GWOJA,Not recorded,140,130.47592,,,,,,Unavailable,No population found
https://bushtel.nt.gov.au/profile/1019,BURUDU,NORTHERN LAND COUNCIL,-19.59874,BARKLY,KUWARRANGU,BARKLY,1019,Not recorded,RANKEN,4.0,Family Outstation,BARKLY,Homelands Service Provider Report 2023,141,136.92545,,,,,4.0,Homelands Service Provider Report 2023,BushTel population
https://bushtel.nt.gov.au/profile/24994,BUSHCAMP,CENTRAL LAND COUNCIL,-19.71711,BARKLY,PATTA,BARKLY,24994,Not recorded,KALYWANPA,,Family Outstation,BARKLY,Not recorded,142,134.15408,,,,,,Unavailable,No population found
https://bushtel.nt.gov.au/profile/803,BUYMARR,NORTHERN LAND COUNCIL,-12.69827,EAST ARNHEM,GUMURR MIWATJ,EAST ARNHEM,803,Not recorded,BUYMARRWUY,6.0,Family Outstation,MULKA,Homelands Service Provider Report 2023,143,136.63653,,,,,6.0,Homelands Service Provider Report 2023,BushTel population
https://bushtel.nt.gov.au/profile/728,CAMEL CAMP,CENTRAL LAND COUNCIL,-22.27181,BARKLY,ALYAWARR,BARKLY,728,Not recorded,No aliases recorded with NTG DIPL,39.0,Family Outstation,BARKLY,Homelands Service Provider Report 2023,144,134.55242,,,,,39.0,Homelands Service Provider Report 2023,BushTel population
https://bushtel.nt.gov.au/profile/768,CAMELS HUMP,CENTRAL LAND COUNCIL,-23.75175,MACDONNELL,LURITJA PINTUBI,CENTRAL AUSTRALIA,768,Not recorded,UNGKURRKUGA,3.0,Family Outstation,GWOJA,Homelands Service Provider Report 2023,145,131.59435,,,,,3.0,Homelands Service Provider Report 2023,BushTel population
https://bushtel.nt.gov.au/profile/304,CANNON HILL,NORTHERN LAND COUNCIL,-12.35758,WEST ARNHEM,KAKADU,TOP END,304,Not recorded,"EAST ALLIGATOR,MEL",8.0,Family Outstation,ARAFURA,Homelands Service Provider Report 2023,146,132.94593,,,,,8.0,Homelands Service Provider Report 2023,BushTel population
https://bushtel.nt.gov.au/profile/219,CANTEEN CREEK,CENTRAL LAND COUNCIL,-20.64508,BARKLY,ALYAWARR,BARKLY,219,Alyawarr,"ORWAITILLA,ORWAITILLYA,OWAIRTILLA",173.0,Major,BARKLY,Based on ABS 2021 Census SA1,147,135.58678,ILOC70700601,Canteen Creek,147.0,135.0,173.0,Based on ABS 2021 Census SA1,BushTel population
https://bushtel.nt.gov.au/profile/11623,CATTLE CREEK,CENTRAL LAND COUNCIL,-17.59747,VICTORIA DALY,DAGURAGU,BIG RIVERS,11623,Not recorded,No aliases recorded with NTG DIPL,,Family Outstation,GWOJA,Not recorded,148,131.54521,,,,,,Unavailable,No population found
https://bushtel.nt.gov.au/profile/846,CHARLOTTE WATERS,CENTRAL LAND COUNCIL,-25.91424,MACDONNELL,RODINGA,CENTRAL AUSTRALIA,846,Not recorded,No aliases recorded with NTG DIPL,,Family Outstation,NAMATJIRA,Not recorded,149,134.89274,,,,,,Unavailable,No population found
https://bushtel.nt.gov.au/profile/757,CHILLA WELL,CENTRAL LAND COUNCIL,-21.52777,CENTRAL DESERT,SOUTHERN TANAMI,CENTRAL AUSTRALIA,757,Not recorded,"JILA,TJILLA",,Family Outstation,GWOJA,Not recorded,150,130.97067,,,,,,Unavailable,No population found
https://bushtel.nt.gov.au/profile/779,CHULUK,NORTHERN LAND COUNCIL,-13.665,WEST DALY,THAMARRURR/PINDI PINDI,TOP END,779,Not recorded,"CHILLUK,CHILUK,DJILUK",,Family Outstation,DALY,Not recorded,151,130.26778,,,,,,Unavailable,No population found
https://bushtel.nt.gov.au/profile/1012,CONDER POINT,TIWI LAND COUNCIL,-11.65088,TIWI ISLANDS,MILIKAPITI WARD,TOP END,1012,Not recorded,"CONDOR POINT,YIMPINARI",8.0,Family Outstation,ARAFURA,Homelands Service Provider Report 2023,152,131.32757,,,,,8.0,Homelands Service Provider Report 2023,BushTel population
https://bushtel.nt.gov.au/profile/901,CONNELLS LAGOON,NORTHERN LAND COUNCIL,-18.89143,BARKLY,KUWARRANGU,BARKLY,901,Not recorded,No aliases recorded with NTG DIPL,,Family Outstation,BARKLY,Not recorded,153,136.54802,,,,,,Unavailable,No population found
https://bushtel.nt.gov.au/profile/220,CORELLA CREEK,NORTHERN LAND COUNCIL,-18.36685,BARKLY,KUWARRANGU,BARKLY,220,Not recorded,No aliases recorded with NTG DIPL,30.0,Family Outstation,BARKLY,Homelands Service Provider Report 2023,154,135.85671,,,,,30.0,Homelands Service Provider Report 2023,BushTel population
https://bushtel.nt.gov.au/profile/1009,CORKWOOD BORE,CENTRAL LAND COUNCIL,-23.31225,MACDONNELL,RODINGA,CENTRAL AUSTRALIA,1009,Not recorded,"AULPERENGE,MORRIS DAM",36.0,Family Outstation,NAMATJIRA,Homelands Service Provider Report 2023,155,133.86792,,,,,36.0,Homelands Service Provider Report 2023,BushTel population
https://bushtel.nt.gov.au/profile/590,COSTELLO,NORTHERN LAND COUNCIL,-14.56453,ROPER GULF,YUGUL MANGI,BIG RIVERS,590,Not recorded,"CASTELLO,JILWILI,KASTELLO",2.0,Family Outstation,ARNHEM,Homelands Service Provider Report 2023,156,134.88289,,,,,2.0,Homelands Service Provider Report 2023,BushTel population
https://bushtel.nt.gov.au/profile/972,COW LAGOON,NORTHERN LAND COUNCIL,-16.20751,ROPER GULF,SOUTH WEST GULF,BIG RIVERS,972,Not recorded,TALWALLAH,6.0,Family Outstation,BARKLY,Homelands Service Provider Report 2023,157,135.94962,,,,,6.0,Homelands Service Provider Report 2023,BushTel population
https://bushtel.nt.gov.au/profile/24901,CRABHOLE,NORTHERN LAND COUNCIL,-16.21525,ROPER GULF,SOUTH WEST GULF,BIG RIVERS,24901,Not recorded,No aliases recorded with NTG DIPL,2.0,Family Outstation,BARKLY,Homelands Service Provider Report 2023,158,137.09915,,,,,2.0,Homelands Service Provider Report 2023,BushTel population
https://bushtel.nt.gov.au/profile/591,DAGURAGU,CENTRAL LAND COUNCIL,-17.40059,VICTORIA DALY,DAGURAGU,BIG RIVERS,591,Gurindji / Kriol,"DAGARAGU,WATTIE CREEK",230.0,Major,GWOJA,Based on ABS 2021 Census SA1,159,130.80491,ILOC70500201,Daguragu,196.0,195.0,230.0,Based on ABS 2021 Census SA1,BushTel population
https://bushtel.nt.gov.au/profile/956,DALIWUY BAY,NORTHERN LAND COUNCIL,-12.34085,EAST ARNHEM,GUMURR MIWATJ,EAST ARNHEM,956,Not recorded,DALYWOI,,Family Outstation,MULKA,Not recorded,160,136.91835,,,,,,Unavailable,No population found
https://bushtel.nt.gov.au/profile/12194,DALY WATERS,NORTHERN LAND COUNCIL,-16.25333,ROPER GULF,NEVER NEVER,BIG RIVERS,12194,Not recorded,No aliases recorded with NTG DIPL,,Village,BARKLY,Not recorded,161,133.36932,,,,,,Unavailable,No population found
https://bushtel.nt.gov.au/profile/307,DAMDAM,NORTHERN LAND COUNCIL,-12.16556,WEST ARNHEM,MANINGRIDA,TOP END,307,Not recorded,DAM DAM,,Family Outstation,ARAFURA,Not recorded,162,134.64529,,,,,,Unavailable,No population found
https://bushtel.nt.gov.au/profile/1003,DARRANDARRA,NORTHERN LAND COUNCIL,-12.74098,LITCHFIELD,SOUTH WARD,"DARWIN, PALMERSTON, LITCHFIELD",1003,Not recorded,SOUTHPORT,,Family Outstation,DALY,Not recorded,163,130.95462,,,,,,Unavailable,No population found
https://bushtel.nt.gov.au/profile/472,DARRANGMURMANJA,ANINDILYAKWA LAND COUNCIL,-13.72486,EAST ARNHEM,ANINDILYAKWA,EAST ARNHEM,472,Not recorded,MARBLE POINT,,Family Outstation,ARNHEM,Not recorded,164,136.59277,,,,,,Unavailable,No population found
https://bushtel.nt.gov.au/profile/12218,DARWIN,NORTHERN LAND COUNCIL,-12.46153,DARWIN,LYONS,"DARWIN, PALMERSTON, LITCHFIELD",12218,Not recorded,No aliases recorded with NTG DIPL,,City,PORT DARWIN,Not recorded,165,130.84244,,,,,,Unavailable,No population found
https://bushtel.nt.gov.au/profile/775,DELEYE,NORTHERN LAND COUNCIL,-13.76535,WEST DALY,THAMARRURR/PINDI PINDI,TOP END,775,Not recorded,DELYE,31.0,Family Outstation,DALY,Homelands Service Provider Report 2023,166,129.97667,,,,,31.0,Homelands Service Provider Report 2023,BushTel population
https://bushtel.nt.gov.au/profile/473,DHALINYBUY,NORTHERN LAND COUNCIL,-12.4125,EAST ARNHEM,GUMURR MIWATJ,EAST ARNHEM,473,Not recorded,DHALINGBOY,117.0,Minor,MULKA,Homelands Service Provider Report 2023,167,136.3878,ILOC70600301,Dhalinybuy,59.0,59.0,117.0,Homelands Service Provider Report 2023,BushTel population
https://bushtel.nt.gov.au/profile/896,DHAMBALA,NORTHERN LAND COUNCIL,-12.0526,EAST ARNHEM,GUMURR MARTHAKAL,EAST ARNHEM,896,Not recorded,No aliases recorded with NTG DIPL,14.0,Family Outstation,MULKA,Homelands Service Provider Report 2023,168,135.5609,,,,,14.0,Homelands Service Provider Report 2023,BushTel population
https://bushtel.nt.gov.au/profile/812,DOOLGARINA,NORTHERN LAND COUNCIL,-16.22917,ROPER GULF,SOUTH WEST GULF,BIG RIVERS,812,Not recorded,JIBABANA,,Family Outstation,BARKLY,Not recorded,190,136.76611,,,,,,Unavailable,No population found
https://bushtel.nt.gov.au/profile/475,DHAMIYAKA,NORTHERN LAND COUNCIL,-12.6564,EAST ARNHEM,GUMURR MIYARRKA,EAST ARNHEM,475,Not recorded,No aliases recorded with NTG DIPL,2.0,Family Outstation,ARNHEM,Homelands Service Provider Report 2023,169,135.85557,,,,,2.0,Homelands Service Provider Report 2023,BushTel population
https://bushtel.nt.gov.au/profile/955,DHANIYA,NORTHERN LAND COUNCIL,-12.55007,EAST ARNHEM,GUMURR MIWATJ,EAST ARNHEM,955,Not recorded,PORT BRADSHAW,9.0,Family Outstation,MULKA,Homelands Service Provider Report 2023,170,136.73791,,,,,9.0,Homelands Service Provider Report 2023,BushTel population
https://bushtel.nt.gov.au/profile/805,DHARAWA,NORTHERN LAND COUNCIL,-11.84938,EAST ARNHEM,GUMURR MARTHAKAL,EAST ARNHEM,805,Not recorded,DHARRWAR,,Family Outstation,MULKA,Not recorded,171,135.84693,,,,,,Unavailable,No population found
https://bushtel.nt.gov.au/profile/476,DHARRNI,NORTHERN LAND COUNCIL,-13.74983,ROPER GULF,NUMBULWAR NUMBURINDI,BIG RIVERS,476,Not recorded,"DHARRI,WUYINDHANGAYN",,Family Outstation,ARNHEM,Not recorded,172,136.02005,,,,,,Unavailable,No population found
https://bushtel.nt.gov.au/profile/806,DHAYIRRI,NORTHERN LAND COUNCIL,-11.9612,EAST ARNHEM,GUMURR MARTHAKAL,EAST ARNHEM,806,Not recorded,No aliases recorded with NTG DIPL,6.0,Family Outstation,MULKA,Homelands Service Provider Report 2023,173,135.6187,,,,,6.0,Homelands Service Provider Report 2023,BushTel population
https://bushtel.nt.gov.au/profile/477,DHIPIRRINJURA,NORTHERN LAND COUNCIL,-12.24844,EAST ARNHEM,GUMURR GATTJIRRK,EAST ARNHEM,477,Not recorded,"DHIPIRRINGURA,DIPITJI",18.0,Family Outstation,MULKA,Homelands Service Provider Report 2023,174,135.09762,,,,,18.0,Homelands Service Provider Report 2023,BushTel population
https://bushtel.nt.gov.au/profile/478,DHOLTJI,NORTHERN LAND COUNCIL,-11.94835,EAST ARNHEM,GUMURR MARTHAKAL,EAST ARNHEM,478,Not recorded,No aliases recorded with NTG DIPL,,Family Outstation,MULKA,Not recorded,175,136.46161,,,,,,Unavailable,No population found
https://bushtel.nt.gov.au/profile/664,DHUDUPU,NORTHERN LAND COUNCIL,-12.0033,EAST ARNHEM,GUMURR MARTHAKAL,EAST ARNHEM,664,Not recorded,No aliases recorded with NTG DIPL,4.0,Family Outstation,MULKA,Homelands Service Provider Report 2023,176,135.5692,,,,,4.0,Homelands Service Provider Report 2023,BushTel population
https://bushtel.nt.gov.au/profile/954,DHULMULMIYA,NORTHERN LAND COUNCIL,-12.52781,EAST ARNHEM,GUMURR MIWATJ,EAST ARNHEM,954,Not recorded,SPRING CAMP,,Family Outstation,MULKA,Not recorded,177,136.72533,,,,,,Unavailable,No population found
https://bushtel.nt.gov.au/profile/479,DHUPUWAMIRRI,NORTHERN LAND COUNCIL,-12.66796,EAST ARNHEM,GUMURR MIYARRKA,EAST ARNHEM,479,Not recorded,No aliases recorded with NTG DIPL,6.0,Family Outstation,ARNHEM,Homelands Service Provider Report 2023,178,135.39218,,,,,6.0,Homelands Service Provider Report 2023,BushTel population
https://bushtel.nt.gov.au/profile/554,DHURUPUTJPI,NORTHERN LAND COUNCIL,-13.05478,EAST ARNHEM,GUMURR MIWATJ,EAST ARNHEM,554,Not recorded,"DHURPUTJPI,DHURUPUJPI,MAYUNDJI,MAYWUNDJI,RURRUNARLA",12.0,Family Outstation,ARNHEM,Homelands Service Provider Report 2023,179,136.17661,,,,,12.0,Homelands Service Provider Report 2023,BushTel population
https://bushtel.nt.gov.au/profile/819,DILLINYA,NORTHERN LAND COUNCIL,-15.85698,VICTORIA DALY,TIMBER CREEK,BIG RIVERS,819,Not recorded,DRY CREEK,,Family Outstation,DALY,Not recorded,180,132.04505,,,,,,Unavailable,No population found
https://bushtel.nt.gov.au/profile/310,DITCHI,NORTHERN LAND COUNCIL,-14.30373,WEST DALY,THAMARRURR/PINDI PINDI,TOP END,310,Not recorded,"DITHI,DITJI",,Family Outstation,DALY,Not recorded,181,129.40855,,,,,,Unavailable,No population found
https://bushtel.nt.gov.au/profile/482,DJARRAKPI,NORTHERN LAND COUNCIL,-13.29691,EAST ARNHEM,GUMURR MIWATJ,EAST ARNHEM,482,Not recorded,"CAPE SHIELD,DJARRAPI",29.0,Family Outstation,ARNHEM,Homelands Service Provider Report 2023,182,136.35162,,,,,29.0,Homelands Service Provider Report 2023,BushTel population
https://bushtel.nt.gov.au/profile/670,DJARRUNG,NORTHERN LAND COUNCIL,-14.81311,VICTORIA DALY,TIMBER CREEK,BIG RIVERS,670,Not recorded,DJURRUNG,2.0,Family Outstation,DALY,Homelands Service Provider Report 2023,183,131.53759,,,,,2.0,Homelands Service Provider Report 2023,BushTel population
https://bushtel.nt.gov.au/profile/965,DJINKARR,NORTHERN LAND COUNCIL,-12.21287,WEST ARNHEM,MANINGRIDA,TOP END,965,Not recorded,No aliases recorded with NTG DIPL,10.0,Family Outstation,ARAFURA,Homelands Service Provider Report 2023,184,134.29626,,,,,10.0,Homelands Service Provider Report 2023,BushTel population
https://bushtel.nt.gov.au/profile/981,DJIRRBIYAK,NORTHERN LAND COUNCIL,-12.72945,WEST ARNHEM,KAKADU,TOP END,981,Not recorded,WHISTLE DUCK DREAMING,30.0,Family Outstation,ARAFURA,Homelands Service Provider Report 2023,185,132.76363,,,,,30.0,Homelands Service Provider Report 2023,BushTel population
https://bushtel.nt.gov.au/profile/484,DJURRANALPI,NORTHERN LAND COUNCIL,-11.84684,EAST ARNHEM,GUMURR MARTHAKAL,EAST ARNHEM,484,Not recorded,DJANALPI,1.0,Family Outstation,MULKA,Homelands Service Provider Report 2023,186,135.87292,,,,,1.0,Homelands Service Provider Report 2023,BushTel population
https://bushtel.nt.gov.au/profile/46,DONS BORE,CENTRAL LAND COUNCIL,-22.26233,CENTRAL DESERT,ANMATJERE,CENTRAL AUSTRALIA,46,Not recorded,"ILBPILLA,ILLIPUNU,ILLIPUNY,MT ALLAN",8.0,Family Outstation,GWOJA,Homelands Service Provider Report 2023,187,131.92027,,,,,8.0,Homelands Service Provider Report 2023,BushTel population
https://bushtel.nt.gov.au/profile/485,DONYDJI,NORTHERN LAND COUNCIL,-12.89045,EAST ARNHEM,GUMURR MIYARRKA,EAST ARNHEM,485,Not recorded,"DOINDJI,DONIDJI,DOYNDJI",39.0,Family Outstation,ARNHEM,Homelands Service Provider Report 2023,188,135.47028,,,,,39.0,Homelands Service Provider Report 2023,BushTel population
https://bushtel.nt.gov.au/profile/942,DOOJUM,NORTHERN LAND COUNCIL,-15.72519,VICTORIA DALY,TIMBER CREEK,BIG RIVERS,942,Not recorded,No aliases recorded with NTG DIPL,,Family Outstation,GWOJA,Not recorded,189,129.15921,,,,,,Unavailable,No population found
https://bushtel.nt.gov.au/profile/24897,DOUBLE D,CENTRAL LAND COUNCIL,-21.23177,BARKLY,ALYAWARR,BARKLY,24897,Not recorded,No aliases recorded with NTG DIPL,1.0,Family Outstation,BARKLY,Homelands Service Provider Report 2023,191,134.94684,,,,,1.0,Homelands Service Provider Report 2023,BushTel population
https://bushtel.nt.gov.au/profile/631,DUCK PONDS,CENTRAL LAND COUNCIL,-18.77377,CENTRAL DESERT,NORTHERN TANAMI,CENTRAL AUSTRALIA,631,Not recorded,"KULINGALIMPAU,MIRRIRINYUNGU,MURRINYU",,Family Outstation,GWOJA,Not recorded,192,131.27766,,,,,,Unavailable,No population found
https://bushtel.nt.gov.au/profile/879,EAGLE VALLEY,CENTRAL LAND COUNCIL,-24.92999,MACDONNELL,IYARRKA,CENTRAL AUSTRALIA,879,Not recorded,No aliases recorded with NTG DIPL,,Family Outstation,GWOJA,Not recorded,193,129.09845,,,,,,Unavailable,No population found
https://bushtel.nt.gov.au/profile/34,EIGHT MILE,CENTRAL LAND COUNCIL,-23.88699,MACDONNELL,LJIRAPINTA,CENTRAL AUSTRALIA,34,Not recorded,"8 MILE,EROMANTATAKA,EROMBANTAKA,NEW 8 MILE,NEW EIGHT MILE",,Family Outstation,GWOJA,Not recorded,194,132.68279,,,,,,Unavailable,No population found
https://bushtel.nt.gov.au/profile/920,ELITJIA,CENTRAL LAND COUNCIL,-23.77677,MACDONNELL,RODINGA,CENTRAL AUSTRALIA,920,Not recorded,ALKIMILYA,16.0,Family Outstation,NAMATJIRA,Homelands Service Provider Report 2023,195,133.61583,,,,,16.0,Homelands Service Provider Report 2023,BushTel population
https://bushtel.nt.gov.au/profile/12641,ELLIOTT,NORTHERN LAND COUNCIL,-17.5527,BARKLY,KUWARRANGU,BARKLY,12641,Kriol,No aliases recorded with NTG DIPL,337.0,Village,BARKLY,Based on ABS 2021 Census SA1,196,133.5408,ILOC70700401,Elliott,287.0,244.0,337.0,Based on ABS 2021 Census SA1,BushTel population
https://bushtel.nt.gov.au/profile/225,ELLIOTT NORTH CAMP,NORTHERN LAND COUNCIL,-17.54989,BARKLY,KUWARRANGU,BARKLY,225,Not recorded,"ELLIOTT,GURUNGU,NORTH CAMP",,Town Camp,BARKLY,Not recorded,197,133.53597,,,,,,Unavailable,No population found
https://bushtel.nt.gov.au/profile/224,ELLIOTT SOUTH CAMP,NORTHERN LAND COUNCIL,-17.56218,BARKLY,KUWARRANGU,BARKLY,224,Not recorded,"SOUTH CAMP,WILYUGH,WILYUGOO,WILYUGU",,Town Camp,BARKLY,Not recorded,198,133.55746,,,,,,Unavailable,No population found
https://bushtel.nt.gov.au/profile/882,EMU POINT,NORTHERN LAND COUNCIL,-14.17021,WEST DALY,THAMARRURR/PINDI PINDI,TOP END,882,Not recorded,"MULYUNG,NGANAMBALA",85.0,Family Outstation,DALY,Homelands Service Provider Report 2023,199,130.32777,ILOC70400102,Emu Point,179.0,179.0,85.0,Homelands Service Provider Report 2023,BushTel population
https://bushtel.nt.gov.au/profile/33,ENGAWALA,CENTRAL LAND COUNCIL,-22.80257,CENTRAL DESERT,ANMATJERE,CENTRAL AUSTRALIA,33,"Eastern Arrente, Alyawarr",ALCOOTA,193.0,Minor,NAMATJIRA,Based on ABS 2021 Census SA1,200,134.45547,ILOC70900503,Engawala,164.0,146.0,193.0,Based on ABS 2021 Census SA1,BushTel population
https://bushtel.nt.gov.au/profile/35,EWYENPER ATWATYE,CENTRAL LAND COUNCIL,-23.7081,ALICE SPRINGS,Not recorded,CENTRAL AUSTRALIA,35,Not recorded,"HIDDEN VALLEY,ILPEA ILPEA",,Town Camp,ARALUEN,Not recorded,201,133.89974,,,,,,Unavailable,No population found
https://bushtel.nt.gov.au/profile/36,FINKE,CENTRAL LAND COUNCIL,-25.58144,MACDONNELL,RODINGA,CENTRAL AUSTRALIA,36,"Pitjantjatjara, Yankunytjatjara, Southern Luritja","APATULA,APUTULA",224.0,Major,NAMATJIRA,Based on ABS 2021 Census SA1,202,134.57842,,,,,224.0,Based on ABS 2021 Census SA1,BushTel population
https://bushtel.nt.gov.au/profile/950,FITZROY STATION,NORTHERN LAND COUNCIL,-15.56298,VICTORIA DALY,TIMBER CREEK,BIG RIVERS,950,Not recorded,No aliases recorded with NTG DIPL,12.0,Family Outstation,DALY,Homelands Service Provider Report 2023,203,130.93431,,,,,12.0,Homelands Service Provider Report 2023,BushTel population
https://bushtel.nt.gov.au/profile/57,FIVE MILE,CENTRAL LAND COUNCIL,-23.91848,MACDONNELL,LJIRAPINTA,CENTRAL AUSTRALIA,57,Not recorded,"5 MILE,INTJARRANGA,RUTJINKA",3.0,Family Outstation,GWOJA,Homelands Service Provider Report 2023,204,132.84834,,,,,3.0,Homelands Service Provider Report 2023,BushTel population
https://bushtel.nt.gov.au/profile/12769,FIVE MILE,NORTHERN LAND COUNCIL,-13.72684,VICTORIA DALY,MILNGIN,TOP END,12769,Not recorded,"FAPIWATI FAMILY OUTSTATION,FEPPIWETI FAMILY OUTSTATION",,Family Outstation,DALY,Not recorded,205,130.71831,,,,,,Unavailable,No population found
https://bushtel.nt.gov.au/profile/685,FLICKS HOLE,NORTHERN LAND COUNCIL,-15.61606,ROPER GULF,NEVER NEVER,BIG RIVERS,685,Not recorded,"FLICKS WATERHOLE,WUNOORILL ASSOC",,Family Outstation,ARNHEM,Not recorded,206,134.09331,,,,,,Unavailable,No population found
https://bushtel.nt.gov.au/profile/911,FOSSIL HEAD,NORTHERN LAND COUNCIL,-14.53778,WEST DALY,THAMARRURR/PINDI PINDI,TOP END,911,Not recorded,No aliases recorded with NTG DIPL,34.0,Family Outstation,DALY,Homelands Service Provider Report 2023,207,129.52127,,,,,34.0,Homelands Service Provider Report 2023,BushTel population
https://bushtel.nt.gov.au/profile/909,FOXALLS WELL,CENTRAL LAND COUNCIL,-23.07383,CENTRAL DESERT,AKITYARRE,CENTRAL AUSTRALIA,909,Not recorded,"FOXELLS WELL,FOXHALLS WELL",8.0,Family Outstation,NAMATJIRA,Homelands Service Provider Report 2023,208,134.82355,,,,,8.0,Homelands Service Provider Report 2023,BushTel population
https://bushtel.nt.gov.au/profile/496,GALARU,NORTHERN LAND COUNCIL,-12.16601,EAST ARNHEM,GUMURR MIWATJ,EAST ARNHEM,496,Not recorded,"EAST WOODY,GALURU",,Family Outstation,MULKA,Not recorded,209,136.75732,,,,,,Unavailable,No population found
https://bushtel.nt.gov.au/profile/807,GALAWARRA,NORTHERN LAND COUNCIL,-12.0444,EAST ARNHEM,GUMURR MARTHAKAL,EAST ARNHEM,807,Not recorded,No aliases recorded with NTG DIPL,4.0,Family Outstation,MULKA,Homelands Service Provider Report 2023,210,135.59373,,,,,4.0,Homelands Service Provider Report 2023,BushTel population
https://bushtel.nt.gov.au/profile/489,GALAWDJAPIN,NORTHERN LAND COUNCIL,-12.28695,EAST ARNHEM,BIRR RAWARRANG,EAST ARNHEM,489,Not recorded,"GALADJAPIN,GALATJAPAN",12.0,Family Outstation,MULKA,Homelands Service Provider Report 2023,211,134.81751,,,,,12.0,Homelands Service Provider Report 2023,BushTel population
https://bushtel.nt.gov.au/profile/492,GALIWINKU,NORTHERN LAND COUNCIL,-12.0235,EAST ARNHEM,GUMURR MARTHAKAL,EAST ARNHEM,492,"Yolngu Matha (Djambarrpuyngu, Gupapuyngu, Djinang)","ELCHO ISLAND,GALIWIN'KU",2582.0,Major,MULKA,Based on ABS 2021 Census SA1,212,135.5664,ILOC70600401,Galiwinku,2199.0,2027.0,2582.0,Based on ABS 2021 Census SA1,BushTel population
https://bushtel.nt.gov.au/profile/495,GALUPA,NORTHERN LAND COUNCIL,-12.1925,EAST ARNHEM,GUMURR MIWATJ,EAST ARNHEM,495,Not recorded,"KINGS VILLAGE,WARDJUK",,Family Outstation,MULKA,Not recorded,213,136.6892,,,,,,Unavailable,No population found
https://bushtel.nt.gov.au/profile/315,GAMARDI,NORTHERN LAND COUNCIL,-12.27398,WEST ARNHEM,MANINGRIDA,TOP END,315,Not recorded,"GAMEDI,JIMARDE",55.0,Family Outstation,ARAFURA,Homelands Service Provider Report 2023,214,134.68321,,,,,55.0,Homelands Service Provider Report 2023,BushTel population
https://bushtel.nt.gov.au/profile/316,GAMARGAWAN,NORTHERN LAND COUNCIL,-12.64914,WEST ARNHEM,GUNBALANYA,TOP END,316,Not recorded,"GAMARGWAN,GAMARRGAWAN",12.0,Family Outstation,ARAFURA,Homelands Service Provider Report 2023,215,134.07646,,,,,12.0,Homelands Service Provider Report 2023,BushTel population
https://bushtel.nt.gov.au/profile/498,GAN GAN,NORTHERN LAND COUNCIL,-13.04605,EAST ARNHEM,GUMURR MIWATJ,EAST ARNHEM,498,Not recorded,GANGAN,78.0,Minor,ARNHEM,Homelands Service Provider Report 2023,216,135.94354,ILOC70600302,Gan Gan,83.0,82.0,78.0,Homelands Service Provider Report 2023,BushTel population
https://bushtel.nt.gov.au/profile/1024,GANIYARRANG,NORTHERN LAND COUNCIL,-14.475,ROPER GULF,YUGUL MANGI,BIG RIVERS,1024,Not recorded,"GUNIARA,KANNIYARANG,ROSS HILL",,Family Outstation,ARNHEM,Not recorded,217,135.02131,,,,,,Unavailable,No population found
https://bushtel.nt.gov.au/profile/499,GANPURA,NORTHERN LAND COUNCIL,-11.88523,EAST ARNHEM,GUMURR MARTHAKAL,EAST ARNHEM,499,Not recorded,"BAPULU,GANABURRA,GANPURRA",5.0,Family Outstation,MULKA,Homelands Service Provider Report 2023,218,135.81235,,,,,5.0,Homelands Service Provider Report 2023,BushTel population
https://bushtel.nt.gov.au/profile/500,GAPUWIYAK,NORTHERN LAND COUNCIL,-12.50322,EAST ARNHEM,GUMURR MIYARRKA,EAST ARNHEM,500,Yolngu Matha (Djambarrpuyngu),LAKE EVELLA,828.0,Major,ARNHEM,Based on ABS 2021 Census SA1,219,135.80587,ILOC70600201,Gapuwiyak,705.0,645.0,828.0,Based on ABS 2021 Census SA1,BushTel population
https://bushtel.nt.gov.au/profile/963,GARANYDJIRR,NORTHERN LAND COUNCIL,-12.28204,EAST ARNHEM,BIRR RAWARRANG,EAST ARNHEM,963,Not recorded,No aliases recorded with NTG DIPL,8.0,Family Outstation,MULKA,Homelands Service Provider Report 2023,220,135.02095,,,,,8.0,Homelands Service Provider Report 2023,BushTel population
https://bushtel.nt.gov.au/profile/229,GARAWA 1,NORTHERN LAND COUNCIL,-16.06879,ROPER GULF,SOUTH WEST GULF,BIG RIVERS,229,Not recorded,"BORROLOOLA TOWN CAMP,GARAWA",,Town Camp,BARKLY,Not recorded,221,136.32129,,,,,,Unavailable,No population found
https://bushtel.nt.gov.au/profile/992,GARAWA 2,NORTHERN LAND COUNCIL,-16.0739,ROPER GULF,SOUTH WEST GULF,BIG RIVERS,992,Not recorded,BORROLOOLA TOWN CAMP,,Town Camp,BARKLY,Not recorded,222,136.3189,,,,,,Unavailable,No population found
https://bushtel.nt.gov.au/profile/993,GARRINJINNY,NORTHERN LAND COUNCIL,-16.67496,ROPER GULF,SOUTH WEST GULF,BIG RIVERS,993,Not recorded,GARRINJINI,8.0,Family Outstation,BARKLY,Homelands Service Provider Report 2023,223,135.64751,,,,,8.0,Homelands Service Provider Report 2023,BushTel population
https://bushtel.nt.gov.au/profile/504,GARRIYAK,NORTHERN LAND COUNCIL,-12.14861,EAST ARNHEM,GUMURR MARTHAKAL,EAST ARNHEM,504,Not recorded,"GARRANDNGJUR,GARRIYAKNGURR,GIARRIYAKGUR",,Family Outstation,MULKA,Not recorded,224,135.56284,,,,,,Unavailable,No population found
https://bushtel.nt.gov.au/profile/505,GARRTHALALA,NORTHERN LAND COUNCIL,-12.76305,EAST ARNHEM,GUMURR MIWATJ,EAST ARNHEM,505,Not recorded,GARRTBALALA,54.0,Family Outstation,MULKA,Homelands Service Provider Report 2023,225,136.56918,,,,,54.0,Homelands Service Provider Report 2023,BushTel population
https://bushtel.nt.gov.au/profile/507,GATJI,NORTHERN LAND COUNCIL,-12.27306,EAST ARNHEM,BIRR RAWARRANG,EAST ARNHEM,507,Not recorded,"GADJI,GARTJI",4.0,Family Outstation,MULKA,Homelands Service Provider Report 2023,226,134.82029,,,,,4.0,Homelands Service Provider Report 2023,BushTel population
https://bushtel.nt.gov.au/profile/508,GAWA,NORTHERN LAND COUNCIL,-11.76032,EAST ARNHEM,GUMURR MARTHAKAL,EAST ARNHEM,508,Not recorded,No aliases recorded with NTG DIPL,19.0,Family Outstation,MULKA,Homelands Service Provider Report 2023,227,135.90485,,,,,19.0,Homelands Service Provider Report 2023,BushTel population
https://bushtel.nt.gov.au/profile/509,GIKAL,NORTHERN LAND COUNCIL,-12.05218,EAST ARNHEM,GUMURR MARTHAKAL,EAST ARNHEM,509,Not recorded,No aliases recorded with NTG DIPL,,Family Outstation,MULKA,Not recorded,228,136.32037,,,,,,Unavailable,No population found
https://bushtel.nt.gov.au/profile/38,GILBERT SPRINGS,CENTRAL LAND COUNCIL,-23.97177,MACDONNELL,LJIRAPINTA,CENTRAL AUSTRALIA,38,Not recorded,LTALALTUMA,,Family Outstation,GWOJA,Not recorded,229,132.48073,,,,,,Unavailable,No population found
https://bushtel.nt.gov.au/profile/490,GILIRRI,NORTHERN LAND COUNCIL,-12.33029,EAST ARNHEM,BIRR RAWARRANG,EAST ARNHEM,490,Not recorded,"GALERRA,GELERRI",,Family Outstation,MULKA,Not recorded,230,134.81695,,,,,,Unavailable,No population found
https://bushtel.nt.gov.au/profile/597,GILWI,NORTHERN LAND COUNCIL,-15.78711,VICTORIA DALY,TIMBER CREEK,BIG RIVERS,597,Not recorded,"11 MILE,TWELVE MILE BORE,TWELVE MILE HOLE",86.0,Family Outstation,DALY,Homelands Service Provider Report 2023,231,130.53275,,,,,86.0,Homelands Service Provider Report 2023,BushTel population
https://bushtel.nt.gov.au/profile/945,GIMBAT,NORTHERN LAND COUNCIL,-13.57854,ROPER GULF,NYIRRANGGULUNG,BIG RIVERS,945,Not recorded,No aliases recorded with NTG DIPL,,Family Outstation,ARNHEM,Not recorded,232,132.60772,,,,,,Unavailable,No population found
https://bushtel.nt.gov.au/profile/510,GITAN,NORTHERN LAND COUNCIL,-11.91169,EAST ARNHEM,GUMURR MARTHAKAL,EAST ARNHEM,510,Not recorded,GITJAN,,Family Outstation,MULKA,Not recorded,233,135.78183,,,,,,Unavailable,No population found
https://bushtel.nt.gov.au/profile/319,GOCHAN JINY JIRRA,NORTHERN LAND COUNCIL,-12.19925,WEST ARNHEM,MANINGRIDA,TOP END,319,Not recorded,"CADELL GUNARDPA,GOCHAN JINY-JIRRA,GOCHIN JINY JARD,GOCHIN JINY JIRRA,GOTJANJINJIRRA",33.0,Minor,ARAFURA,Homelands Service Provider Report 2023,234,134.45751,,,,,33.0,Homelands Service Provider Report 2023,BushTel population
https://bushtel.nt.gov.au/profile/669,GONGURUWUY,NORTHERN LAND COUNCIL,-12.06638,EAST ARNHEM,GUMURR MARTHAKAL,EAST ARNHEM,669,Not recorded,"GOYNGURUMUY,GUNGURUWUY,INGLIS ISLAND,WATAYNGA",,Family Outstation,MULKA,Not recorded,235,136.15085,,,,,,Unavailable,No population found
https://bushtel.nt.gov.au/profile/723,GOOLMINYINI,NORTHERN LAND COUNCIL,-16.15829,ROPER GULF,SOUTH WEST GULF,BIG RIVERS,723,Not recorded,DEVIL SPRING,29.0,Family Outstation,BARKLY,Homelands Service Provider Report 2023,236,136.09751,,,,,29.0,Homelands Service Provider Report 2023,BushTel population
https://bushtel.nt.gov.au/profile/596,GORPULYUL,NORTHERN LAND COUNCIL,-13.34621,ROPER GULF,NYIRRANGGULUNG,BIG RIVERS,596,Not recorded,"DALANGARR,GALPULYU,GALPYUL,GULPULIYUL,GULPULYAL",,Family Outstation,ARNHEM,Not recorded,237,134.14587,,,,,,Unavailable,No population found
https://bushtel.nt.gov.au/profile/321,GORRONG-GORRONG,NORTHERN LAND COUNCIL,-12.12294,WEST ARNHEM,MANINGRIDA,TOP END,321,Not recorded,"GORONG GORONG,GORRON GORRONG",6.0,Family Outstation,ARAFURA,Homelands Service Provider Report 2023,238,134.49532,,,,,6.0,Homelands Service Provider Report 2023,BushTel population
https://bushtel.nt.gov.au/profile/44,GREEN VALLEY,CENTRAL LAND COUNCIL,-23.15051,MACDONNELL,LURITJA PINTUBI,CENTRAL AUSTRALIA,44,Not recorded,"ILILLI,KUMANJAYE",2.0,Family Outstation,GWOJA,Homelands Service Provider Report 2023,239,131.73817,,,,,2.0,Homelands Service Provider Report 2023,BushTel population
https://bushtel.nt.gov.au/profile/740,GUDJEKBIN,NORTHERN LAND COUNCIL,-12.25097,WEST ARNHEM,GUNBALANYA,TOP END,740,Not recorded,"GUBJEKBINJ,GUDJERBINJ,KUJAKBI",,Family Outstation,ARAFURA,Not recorded,240,133.80109,,,,,,Unavailable,No population found
https://bushtel.nt.gov.au/profile/741,GUL GUL,Not recorded,-11.13042,,Not recorded,Not recorded,741,Not recorded,"DANGER POINT,GULGUL",,Family Outstation,ARAFURA,Not recorded,241,132.33842,,,,,,Unavailable,No population found
https://bushtel.nt.gov.au/profile/24905,GULARDI,NORTHERN LAND COUNCIL,-15.71326,VICTORIA DALY,TIMBER CREEK,BIG RIVERS,24905,Not recorded,No aliases recorded with NTG DIPL,14.0,Family Outstation,DALY,Homelands Service Provider Report 2023,242,130.48399,,,,,14.0,Homelands Service Provider Report 2023,BushTel population
https://bushtel.nt.gov.au/profile/512,GULMARRI,NORTHERN LAND COUNCIL,-11.91701,EAST ARNHEM,GUMURR MARTHAKAL,EAST ARNHEM,512,Not recorded,"GALMARRI,GULAMARRI,GULMARI,GULUMARRI",5.0,Family Outstation,MULKA,Homelands Service Provider Report 2023,243,135.82229,,,,,5.0,Homelands Service Provider Report 2023,BushTel population
https://bushtel.nt.gov.au/profile/867,GULNGARRING,NORTHERN LAND COUNCIL,-13.13876,COOMALIE,COOMALIE RURAL WARD,TOP END,867,Not recorded,No aliases recorded with NTG DIPL,,Family Outstation,DALY,Not recorded,244,131.09811,,,,,,Unavailable,No population found
https://bushtel.nt.gov.au/profile/204,GULUNGURU,NORTHERN LAND COUNCIL,-19.35439,BARKLY,KUWARRANGU,BARKLY,204,Not recorded,"ALROY DOWNS,GULUNURRU,GULUNURU",,Family Outstation,BARKLY,Not recorded,245,136.03855,,,,,,Unavailable,No population found
https://bushtel.nt.gov.au/profile/328,GUMARRIRNBANG,NORTHERN LAND COUNCIL,-12.32945,WEST ARNHEM,GUNBALANYA,TOP END,328,Not recorded,"GUMARINBARN,GUMARRINBANG,KUMARRINBAN",31.0,Family Outstation,ARAFURA,Homelands Service Provider Report 2023,246,133.99695,,,,,31.0,Homelands Service Provider Report 2023,BushTel population
https://bushtel.nt.gov.au/profile/308,GUMERAGI,NORTHERN LAND COUNCIL,-11.1688,WEST ARNHEM,BARRAH,TOP END,308,Not recorded,"GAMURIGGI,GUMARAGI,REEF POINT",7.0,Family Outstation,ARAFURA,Homelands Service Provider Report 2023,247,132.1647,,,,,7.0,Homelands Service Provider Report 2023,BushTel population
https://bushtel.nt.gov.au/profile/691,GUMULUJI,NORTHERN LAND COUNCIL,-17.93534,BARKLY,KUWARRANGU,BARKLY,691,Not recorded,WALLIS CREEK,,Family Outstation,BARKLY,Not recorded,248,137.48038,,,,,,Unavailable,No population found
https://bushtel.nt.gov.au/profile/497,GUMURUGURU,NORTHERN LAND COUNCIL,-12.06001,EAST ARNHEM,GUMURR GATTJIRRK,EAST ARNHEM,497,Not recorded,"GAMARRAGURRA,GAMARRU GUYURRU,GAMURRU GUYURRA,GARMALATJIRRINA",,Family Outstation,ARAFURA,Not recorded,249,134.76306,,,,,,Unavailable,No population found
https://bushtel.nt.gov.au/profile/329,GUNBALANYA,NORTHERN LAND COUNCIL,-12.324,WEST ARNHEM,GUNBALANYA,TOP END,329,Kunwinjku,"KUNBARLLANJNJA,OENPELLI",1354.0,Major,ARAFURA,Based on ABS 2021 Census SA1,250,133.056,ILOC70400402,Gunbalanya,1153.0,1008.0,1354.0,Based on ABS 2021 Census SA1,BushTel population
https://bushtel.nt.gov.au/profile/514,GUNYANGARA,NORTHERN LAND COUNCIL,-12.21542,EAST ARNHEM,GUMURR MIWATJ,EAST ARNHEM,514,Yolgnu Matha(Gumatj),"DRIMMIE HEAD,MARNGARR,SKI BEACH",283.0,Minor,MULKA,Based on ABS 2021 Census SA1,251,136.70569,ILOC70600501,Gunyangara,241.0,209.0,283.0,Based on ABS 2021 Census SA1,BushTel population
https://bushtel.nt.gov.au/profile/330,GUPANGA,NORTHERN LAND COUNCIL,-12.0752,WEST ARNHEM,MANINGRIDA,TOP END,330,Not recorded,KOPUNGA,,Family Outstation,ARAFURA,Not recorded,252,134.5843,,,,,,Unavailable,No population found
https://bushtel.nt.gov.au/profile/516,GURKAWUY,NORTHERN LAND COUNCIL,-12.97616,EAST ARNHEM,GUMURR MIWATJ,EAST ARNHEM,516,Not recorded,"GURKHAWUY,GURRKUWUY NO.2,TRIAL BAY",9.0,Family Outstation,ARNHEM,Homelands Service Provider Report 2023,253,136.50362,,,,,9.0,Homelands Service Provider Report 2023,BushTel population
https://bushtel.nt.gov.au/profile/331,GURRGURR,NORTHERN LAND COUNCIL,-12.20644,WEST ARNHEM,GUNBALANYA,TOP END,331,Not recorded,"GURRHGURR,TABLE HILL",,Family Outstation,ARAFURA,Not recorded,254,134.00904,,,,,,Unavailable,No population found
https://bushtel.nt.gov.au/profile/517,GURRUMURU,NORTHERN LAND COUNCIL,-12.59224,EAST ARNHEM,GUMURR MIWATJ,EAST ARNHEM,517,Not recorded,GURRUMURRU,44.0,Minor,MULKA,Homelands Service Provider Report 2023,255,136.23168,,,,,44.0,Homelands Service Provider Report 2023,BushTel population
https://bushtel.nt.gov.au/profile/804,GUTJANGAN,NORTHERN LAND COUNCIL,-12.0839,EAST ARNHEM,GUMURR MIWATJ,EAST ARNHEM,804,Not recorded,BREMER ISLAND NORTH,37.0,Family Outstation,MULKA,Homelands Service Provider Report 2023,256,136.80857,,,,,37.0,Homelands Service Provider Report 2023,BushTel population
https://bushtel.nt.gov.au/profile/41,HAASTS BLUFF,CENTRAL LAND COUNCIL,-23.44733,MACDONNELL,LURITJA PINTUBI,CENTRAL AUSTRALIA,41,Luritja/Pintupi,"IKUNTJI,KUNPARRKA",96.0,Major,GWOJA,Based on ABS 2021 Census SA1,257,131.88129,,,,,96.0,Based on ABS 2021 Census SA1,BushTel population
https://bushtel.nt.gov.au/profile/845,HALFWAY CAMP,CENTRAL LAND COUNCIL,-25.69492,MACDONNELL,RODINGA,CENTRAL AUSTRALIA,845,Not recorded,No aliases recorded with NTG DIPL,,Family Outstation,NAMATJIRA,Not recorded,258,134.36263,,,,,,Unavailable,No population found
https://bushtel.nt.gov.au/profile/903,HATCHES CREEK,CENTRAL LAND COUNCIL,-20.84606,BARKLY,ALYAWARR,BARKLY,903,Not recorded,No aliases recorded with NTG DIPL,1.0,Family Outstation,BARKLY,Homelands Service Provider Report 2023,259,135.21349,,,,,1.0,Homelands Service Provider Report 2023,BushTel population
https://bushtel.nt.gov.au/profile/1028,HAWK DREAMING,NORTHERN LAND COUNCIL,-12.37053,WEST ARNHEM,KAKADU,TOP END,1028,Not recorded,AWARCANARJU,4.0,Family Outstation,ARAFURA,Homelands Service Provider Report 2023,260,132.93914,,,,,4.0,Homelands Service Provider Report 2023,BushTel population
https://bushtel.nt.gov.au/profile/43,HERMANNSBURG,CENTRAL LAND COUNCIL,-23.9427,MACDONNELL,LJIRAPINTA,CENTRAL AUSTRALIA,43,Western Arrernte,NTARIA,647.0,Major,GWOJA,Based on ABS 2021 Census SA1,261,132.7787,ILOC70900701,Hermannsburg,551.0,491.0,647.0,Based on ABS 2021 Census SA1,BushTel population
https://bushtel.nt.gov.au/profile/973,HINGSTONS PLACE,CENTRAL LAND COUNCIL,-19.61773,BARKLY,PATTA,BARKLY,973,Not recorded,CROW DOWNS,6.0,Family Outstation,BARKLY,Homelands Service Provider Report 2023,262,134.19703,,,,,6.0,Homelands Service Provider Report 2023,BushTel population
https://bushtel.nt.gov.au/profile/600,HODGSON RIVER STATION,NORTHERN LAND COUNCIL,-15.57495,ROPER GULF,NEVER NEVER,BIG RIVERS,600,Not recorded,STATION HOMESTEAD,,Minor,ARNHEM,Not recorded,263,134.09553,,,,,,Unavailable,No population found
https://bushtel.nt.gov.au/profile/13339033,HONEYMOON BORE,CENTRAL LAND COUNCIL,-21.66791,BARKLY,ALYAWARR,BARKLY,13339033,Not recorded,No aliases recorded with NTG DIPL,2.0,Family Outstation,BARKLY,Homelands Service Provider Report 2023,264,135.24665,,,,,2.0,Homelands Service Provider Report 2023,BushTel population
https://bushtel.nt.gov.au/profile/675,HOPPYS CAMP,CENTRAL LAND COUNCIL,-23.68405,ALICE SPRINGS,Not recorded,CENTRAL AUSTRALIA,675,Not recorded,"ALICE SPRINGS TOWN CAMP,ARMITJIRA CAMP,HOPPY'S CAMP,LHENPA-ARTNE,LHENPA-ARTNETA,NTALKA ULPAYA",,Town Camp,NAMATJIRA,Not recorded,265,133.87658,,,,,,Unavailable,No population found
https://bushtel.nt.gov.au/profile/334,HUMPTY DOO,NORTHERN LAND COUNCIL,-12.63105,LITCHFIELD,CENTRAL WARD,"DARWIN, PALMERSTON, LITCHFIELD",334,Not recorded,"KOOLPINYAH,LIMILNGAN,WARIUK ASSOC.",4.0,Family Outstation,GOYDER,Homelands Service Provider Report 2023,266,131.26078,,,,,4.0,Homelands Service Provider Report 2023,BushTel population
https://bushtel.nt.gov.au/profile/800,HUNTERS CAMP,NORTHERN LAND COUNCIL,-12.65001,WEST ARNHEM,KAKADU,TOP END,800,Not recorded,KURRAJONG FLATS,8.0,Family Outstation,ARAFURA,Homelands Service Provider Report 2023,267,132.8291,,,,,8.0,Homelands Service Provider Report 2023,BushTel population
https://bushtel.nt.gov.au/profile/813,IJARRA,NORTHERN LAND COUNCIL,-16.2152,ROPER GULF,SOUTH WEST GULF,BIG RIVERS,813,Not recorded,"CROCODILE CREEK,IJARRI",,Family Outstation,BARKLY,Not recorded,268,136.00501,,,,,,Unavailable,No population found
https://bushtel.nt.gov.au/profile/1005,ILEPARRATYE,CENTRAL LAND COUNCIL,-22.02145,CENTRAL DESERT,ANMATJERE,CENTRAL AUSTRALIA,1005,Not recorded,"ILLAPAREYE,WOODS CAMP",9.0,Family Outstation,BARKLY,Homelands Service Provider Report 2023,269,133.42931,,,,,9.0,Homelands Service Provider Report 2023,BushTel population
https://bushtel.nt.gov.au/profile/24990,ILJITJARRI,CENTRAL LAND COUNCIL,-24.53401,MACDONNELL,LJIRAPINTA,CENTRAL AUSTRALIA,24990,Not recorded,KURRKU,5.0,Family Outstation,GWOJA,Homelands Service Provider Report 2023,270,132.49215,,,,,5.0,Homelands Service Provider Report 2023,BushTel population
https://bushtel.nt.gov.au/profile/45,ILKARRALALAMA,CENTRAL LAND COUNCIL,-23.96461,MACDONNELL,LJIRAPINTA,CENTRAL AUSTRALIA,45,Not recorded,ILKARILALAMA,2.0,Family Outstation,GWOJA,Homelands Service Provider Report 2023,271,132.46504,,,,,2.0,Homelands Service Provider Report 2023,BushTel population
https://bushtel.nt.gov.au/profile/737,ILLEUWURRU,CENTRAL LAND COUNCIL,-21.60913,BARKLY,ALYAWARR,BARKLY,737,Not recorded,ILLURAHARRA,,Family Outstation,BARKLY,Not recorded,272,134.39411,,,,,,Unavailable,No population found
https://bushtel.nt.gov.au/profile/709,ILPERLE,CENTRAL LAND COUNCIL,-22.92737,CENTRAL DESERT,AKITYARRE,CENTRAL AUSTRALIA,709,Not recorded,"DEAD HORSE SOAK,ILPARLE,JINKA",3.0,Family Outstation,NAMATJIRA,Homelands Service Provider Report 2023,273,135.71575,,,,,3.0,Homelands Service Provider Report 2023,BushTel population
https://bushtel.nt.gov.au/profile/48,ILPERLE-TYATHE,CENTRAL LAND COUNCIL,-23.6656,ALICE SPRINGS,Not recorded,CENTRAL AUSTRALIA,48,Not recorded,"LLBILI TJATJA,MOTOR REGISTRY,WALPIRI,WARLPIRI CAMP",,Town Camp,BRAITLING,Not recorded,274,133.8611,,,,,,Unavailable,No population found
https://bushtel.nt.gov.au/profile/676,ILPEYE ILPEYE ESTATE,CENTRAL LAND COUNCIL,-23.70016,ALICE SPRINGS,Not recorded,CENTRAL AUSTRALIA,676,Not recorded,"ALICE SPRINGS TOWN CAMP,GOLDERS CAMP,ILPEYE ILPEYE,ILPEYE-ILPEYE,ILPIYE ILPIYE,ILPIYE-ILPIYE",,Town Camp,ARALUEN,Not recorded,275,133.90731,,,,,,Unavailable,No population found
https://bushtel.nt.gov.au/profile/49,ILPILI,CENTRAL LAND COUNCIL,-23.32393,MACDONNELL,LURITJA PINTUBI,CENTRAL AUSTRALIA,49,Not recorded,"ILBPILLA,ILLPILLA,ILLPILLI,ILPILLY",,Family Outstation,GWOJA,Not recorded,276,130.36045,,,,,,Unavailable,No population found
https://bushtel.nt.gov.au/profile/1018,ILPURLA,CENTRAL LAND COUNCIL,-24.31521,MACDONNELL,LJIRAPINTA,CENTRAL AUSTRALIA,1018,Not recorded,No aliases recorded with NTG DIPL,6.0,Family Outstation,GWOJA,Homelands Service Provider Report 2023,277,132.71446,,,,,6.0,Homelands Service Provider Report 2023,BushTel population
https://bushtel.nt.gov.au/profile/904,ILUWURRU,NORTHERN LAND COUNCIL,-19.03222,BARKLY,KUWARRANGU,BARKLY,904,Not recorded,ALEXANDRIA,,Family Outstation,BARKLY,Not recorded,278,136.65003,,,,,,Unavailable,No population found
https://bushtel.nt.gov.au/profile/50,ILYIPERENYE,CENTRAL LAND COUNCIL,-23.74382,ALICE SPRINGS,Not recorded,CENTRAL AUSTRALIA,50,Not recorded,"ALICE SPRINGS TOWN CAMP,ILPERENTYE,ILYPERENYE,OLD TIMERS CAMP",,Town Camp,NAMATJIRA,Not recorded,279,133.87079,,,,,,Unavailable,No population found
https://bushtel.nt.gov.au/profile/250,IMANGARA,CENTRAL LAND COUNCIL,-21.04961,BARKLY,ALYAWARR,BARKLY,250,Alyawarr,"IMANGARA MUNGARAI,IMANGARRA,MURRAY DOWNS,MURRY DOWNS",79.0,Minor,BARKLY,Based on ABS 2021 Census SA1,280,134.68117,ILOC70700303,Imangara,67.0,60.0,79.0,Based on ABS 2021 Census SA1,BushTel population
https://bushtel.nt.gov.au/profile/51,IMANPA,CENTRAL LAND COUNCIL,-25.13051,MACDONNELL,IYARRKA,CENTRAL AUSTRALIA,51,Pitjantjatjara,MT EBENEZER,146.0,Major,GWOJA,Based on ABS 2021 Census SA1,281,132.56999,,,,,146.0,Based on ABS 2021 Census SA1,BushTel population
https://bushtel.nt.gov.au/profile/20926,IMPADNA,CENTRAL LAND COUNCIL,-25.15452,MACDONNELL,IYARRKA,CENTRAL AUSTRALIA,20926,Not recorded,No aliases recorded with NTG DIPL,,Family Outstation,NAMATJIRA,Not recorded,282,133.56947,,,,,,Unavailable,No population found
https://bushtel.nt.gov.au/profile/961,IMPERRENTH,CENTRAL LAND COUNCIL,-21.21086,BARKLY,ALYAWARR,BARKLY,961,Not recorded,ELKEDRA,,Family Outstation,BARKLY,Not recorded,283,134.96858,,,,,,Unavailable,No population found
https://bushtel.nt.gov.au/profile/52,IMPORTNA,CENTRAL LAND COUNCIL,-23.94048,MACDONNELL,LJIRAPINTA,CENTRAL AUSTRALIA,52,Not recorded,"IMPOTNA,NAMATJIRA'S CAMP,NAMATYIRAS COTTAGE",4.0,Family Outstation,GWOJA,Homelands Service Provider Report 2023,284,132.74341,,,,,4.0,Homelands Service Provider Report 2023,BushTel population
https://bushtel.nt.gov.au/profile/90,INARLENGE,CENTRAL LAND COUNCIL,-23.72882,ALICE SPRINGS,Not recorded,CENTRAL AUSTRALIA,90,Not recorded,LITTLE SISTERS,,Town Camp,NAMATJIRA,Not recorded,285,133.85896,,,,,,Unavailable,No population found
https://bushtel.nt.gov.au/profile/932,INBINA ATWATYE,CENTRAL LAND COUNCIL,-23.74118,MACDONNELL,RODINGA,CENTRAL AUSTRALIA,932,Not recorded,TYWENPE (B),11.0,Family Outstation,NAMATJIRA,Homelands Service Provider Report 2023,286,133.71324,,,,,11.0,Homelands Service Provider Report 2023,BushTel population
https://bushtel.nt.gov.au/profile/15,INDARINGINYA,CENTRAL LAND COUNCIL,-21.67707,BARKLY,ALYAWARR,BARKLY,15,Not recorded,"ANDARININYA,ANTARRENGE,ANTARRENGENY,ANTARRINGINYA",41.0,Family Outstation,BARKLY,Homelands Service Provider Report 2023,287,134.71992,,,,,41.0,Homelands Service Provider Report 2023,BushTel population
https://bushtel.nt.gov.au/profile/54,ININTI,CENTRAL LAND COUNCIL,-23.16827,MACDONNELL,LURITJA PINTUBI,CENTRAL AUSTRALIA,54,Not recorded,"RED BANK BORE,REDBANK",,Family Outstation,GWOJA,Not recorded,288,129.15249,,,,,,Unavailable,No population found
https://bushtel.nt.gov.au/profile/336,INJILATPARRI,NORTHERN LAND COUNCIL,-11.61113,WEST ARNHEM,BARRAH,TOP END,336,Not recorded,"INJALAPARRA,INJALATPARRI,SOUTH GOULBURN",,Family Outstation,ARAFURA,Not recorded,289,133.41363,,,,,,Unavailable,No population found
https://bushtel.nt.gov.au/profile/55,INJIRRAMURRI,CENTRAL LAND COUNCIL,-22.46523,CENTRAL DESERT,SOUTHERN TANAMI,CENTRAL AUSTRALIA,55,Not recorded,"YINJIRMARDI,YINTJIRRIMARDI",,Family Outstation,GWOJA,Not recorded,290,131.12911,,,,,,Unavailable,No population found
https://bushtel.nt.gov.au/profile/8,INJULKAMA,CENTRAL LAND COUNCIL,-23.07626,MACDONNELL,RODINGA,CENTRAL AUSTRALIA,8,Not recorded,AMBURLA,,Family Outstation,NAMATJIRA,Not recorded,291,133.10673,,,,,,Unavailable,No population found
https://bushtel.nt.gov.au/profile/726,INKAWENYERRE,CENTRAL LAND COUNCIL,-21.82016,BARKLY,ALYAWARR,BARKLY,726,Not recorded,"ANGAWANGERE,MORTONS,ROCKET RANGE",43.0,Family Outstation,BARKLY,Homelands Service Provider Report 2023,292,134.84707,,,,,43.0,Homelands Service Provider Report 2023,BushTel population
https://bushtel.nt.gov.au/profile/82,INKWELAYE,CENTRAL LAND COUNCIL,-22.07951,BARKLY,ALYAWARR,BARKLY,82,Not recorded,"INGKWELAYE,KURRAJONG BORE,NGKULAYA",31.0,Family Outstation,BARKLY,Homelands Service Provider Report 2023,293,134.83153,,,,,31.0,Homelands Service Provider Report 2023,BushTel population
https://bushtel.nt.gov.au/profile/56,INTJARTNAMA,CENTRAL LAND COUNCIL,-24.06292,MACDONNELL,LJIRAPINTA,CENTRAL AUSTRALIA,56,Not recorded,"COOK'S OUTSTATION,INTJARRTNAMA",16.0,Family Outstation,GWOJA,Homelands Service Provider Report 2023,294,132.92056,,,,,16.0,Homelands Service Provider Report 2023,BushTel population
https://bushtel.nt.gov.au/profile/59,INYILINGI,CENTRAL LAND COUNCIL,-23.24973,MACDONNELL,LURITJA PINTUBI,CENTRAL AUSTRALIA,59,Not recorded,"ANILTJIY,INYALINGA,INYILINGIE,INYILINGKI",,Family Outstation,GWOJA,Not recorded,295,131.42488,,,,,,Unavailable,No population found
https://bushtel.nt.gov.au/profile/771,IPALALA,CENTRAL LAND COUNCIL,-23.92556,MACDONNELL,LJIRAPINTA,CENTRAL AUSTRALIA,771,Not recorded,No aliases recorded with NTG DIPL,3.0,Family Outstation,GWOJA,Homelands Service Provider Report 2023,296,132.67808,,,,,3.0,Homelands Service Provider Report 2023,BushTel population
https://bushtel.nt.gov.au/profile/60,IPOLERA,CENTRAL LAND COUNCIL,-23.98862,MACDONNELL,LJIRAPINTA,CENTRAL AUSTRALIA,60,Not recorded,No aliases recorded with NTG DIPL,,Family Outstation,GWOJA,Not recorded,297,132.37407,,,,,,Unavailable,No population found
https://bushtel.nt.gov.au/profile/978,IRGUL POINT,NORTHERN LAND COUNCIL,-11.34201,WEST ARNHEM,BARRAH,TOP END,978,Not recorded,URGUL,14.0,Family Outstation,ARAFURA,Homelands Service Provider Report 2023,298,132.52876,,,,,14.0,Homelands Service Provider Report 2023,BushTel population
https://bushtel.nt.gov.au/profile/1025,IRKLANCHA ATWACHA,CENTRAL LAND COUNCIL,-23.6941,ALICE SPRINGS,Not recorded,CENTRAL AUSTRALIA,1025,Not recorded,ALICE SPRINGS TOWN CAMP,,Town Camp,ARALUEN,Not recorded,299,133.9052,,,,,,Unavailable,No population found
https://bushtel.nt.gov.au/profile/826,IRON STONE,NORTHERN LAND COUNCIL,-12.89499,UN-INCORPORATED (COX-DALY),Not recorded,TOP END,826,Not recorded,"IRONSTONE,WAGAIT,WHITE EAGLE",,Family Outstation,DALY,Not recorded,300,130.43571,,,,,,Unavailable,No population found
https://bushtel.nt.gov.au/profile/703,IRRERLIRRE,CENTRAL LAND COUNCIL,-22.8462,CENTRAL DESERT,AKITYARRE,CENTRAL AUSTRALIA,703,Not recorded,"MACDONALD DOWNS,MOUNT SWAN,NO 5",40.0,Family Outstation,NAMATJIRA,Homelands Service Provider Report 2023,301,135.1345,,,,,40.0,Homelands Service Provider Report 2023,BushTel population
https://bushtel.nt.gov.au/profile/921,IRRILTYERE (A),CENTRAL LAND COUNCIL,-23.75129,MACDONNELL,RODINGA,CENTRAL AUSTRALIA,921,Not recorded,No aliases recorded with NTG DIPL,9.0,Family Outstation,NAMATJIRA,Homelands Service Provider Report 2023,302,133.69467,,,,,9.0,Homelands Service Provider Report 2023,BushTel population
https://bushtel.nt.gov.au/profile/922,IRRILTYERE (B),CENTRAL LAND COUNCIL,-23.76105,MACDONNELL,RODINGA,CENTRAL AUSTRALIA,922,Not recorded,No aliases recorded with NTG DIPL,10.0,Family Outstation,NAMATJIRA,Homelands Service Provider Report 2023,303,133.68564,,,,,10.0,Homelands Service Provider Report 2023,BushTel population
https://bushtel.nt.gov.au/profile/853,IRRMARNE,CENTRAL LAND COUNCIL,-21.65405,BARKLY,ALPURRURULAM,BARKLY,853,Not recorded,"ERMARNE,OORRATIPPA",,Family Outstation,BARKLY,Not recorded,304,136.39475,,,,,,Unavailable,No population found
https://bushtel.nt.gov.au/profile/24989,IRROWA,CENTRAL LAND COUNCIL,-24.62515,MACDONNELL,IYARRKA,CENTRAL AUSTRALIA,24989,Not recorded,No aliases recorded with NTG DIPL,9.0,Family Outstation,GWOJA,Homelands Service Provider Report 2023,305,132.33103,,,,,9.0,Homelands Service Provider Report 2023,BushTel population
https://bushtel.nt.gov.au/profile/63,IRRULTJA,CENTRAL LAND COUNCIL,-21.97997,BARKLY,ALYAWARR,BARKLY,63,Not recorded,"IRRWELTY,ITTWELTYE",45.0,Minor,BARKLY,Homelands Service Provider Report 2023,306,135.11128,ILOC70901203,Irrultja,45.0,46.0,45.0,Homelands Service Provider Report 2023,BushTel population
https://bushtel.nt.gov.au/profile/935,ITCHY KOO PARK,CENTRAL LAND COUNCIL,-23.76667,MACDONNELL,RODINGA,CENTRAL AUSTRALIA,935,Not recorded,TYWENPE (E),52.0,Family Outstation,NAMATJIRA,Homelands Service Provider Report 2023,307,133.65816,,,,,52.0,Homelands Service Provider Report 2023,BushTel population
https://bushtel.nt.gov.au/profile/923,ITEYEPINTYE,CENTRAL LAND COUNCIL,-23.76466,MACDONNELL,RODINGA,CENTRAL AUSTRALIA,923,Not recorded,No aliases recorded with NTG DIPL,25.0,Family Outstation,NAMATJIRA,Homelands Service Provider Report 2023,308,133.59994,,,,,25.0,Homelands Service Provider Report 2023,BushTel population
https://bushtel.nt.gov.au/profile/924,ITPERLYENGE,CENTRAL LAND COUNCIL,-23.76361,MACDONNELL,RODINGA,CENTRAL AUSTRALIA,924,Not recorded,No aliases recorded with NTG DIPL,23.0,Family Outstation,NAMATJIRA,Homelands Service Provider Report 2023,309,133.61103,,,,,23.0,Homelands Service Provider Report 2023,BushTel population
https://bushtel.nt.gov.au/profile/64,ITWIYETHWENGE,CENTRAL LAND COUNCIL,-23.66363,ALICE SPRINGS,Not recorded,CENTRAL AUSTRALIA,64,Not recorded,"ALICE SPRINGS TOWN CAMP,BASSO'S FARM,BAZZO'S FARM",,Town Camp,BRAITLING,Not recorded,310,133.87168,,,,,,Unavailable,No population found
https://bushtel.nt.gov.au/profile/65,IWUPATAKA,CENTRAL LAND COUNCIL,-23.79061,MACDONNELL,RODINGA,CENTRAL AUSTRALIA,65,Not recorded,JAY CREEK,,Minor,NAMATJIRA,Not recorded,311,133.50327,,,,,,Unavailable,No population found
https://bushtel.nt.gov.au/profile/727,IYLENTYE,CENTRAL LAND COUNCIL,-21.98676,BARKLY,ALYAWARR,BARKLY,727,Not recorded,"IYIYINTJA,MOSQUITO BORE,PMARA LLINTJA",33.0,Family Outstation,BARKLY,Homelands Service Provider Report 2023,312,134.72667,,,,,33.0,Homelands Service Provider Report 2023,BushTel population
https://bushtel.nt.gov.au/profile/13836,JABIRU,NORTHERN LAND COUNCIL,-12.6752,WEST ARNHEM,KAKADU,TOP END,13836,Not recorded,No aliases recorded with NTG DIPL,886.0,Village,ARAFURA,Based on ABS 2021 Census SA1,313,132.8337,ILOC70400201,Jabiru,755.0,207.0,886.0,Based on ABS 2021 Census SA1,BushTel population
https://bushtel.nt.gov.au/profile/704,JANGIRULU,NORTHERN LAND COUNCIL,-18.12561,BARKLY,KUWARRANGU,BARKLY,704,Not recorded,"JANGIRURLU,JANGULURI JANGIRURLY,POWELL CREEK",,Family Outstation,BARKLY,Not recorded,314,133.61111,,,,,,Unavailable,No population found
https://bushtel.nt.gov.au/profile/234,JARRA JARRA,CENTRAL LAND COUNCIL,-20.84765,BARKLY,ALYAWARR,BARKLY,234,Not recorded,No aliases recorded with NTG DIPL,,Family Outstation,BARKLY,Not recorded,315,133.22064,,,,,,Unavailable,No population found
https://bushtel.nt.gov.au/profile/966,JARRAMAGORNDARRA,NORTHERN LAND COUNCIL,-12.29072,WEST ARNHEM,MANINGRIDA,TOP END,966,Not recorded,JARRAMONGORNDARRA,,Family Outstation,ARAFURA,Not recorded,316,134.65311,,,,,,Unavailable,No population found
https://bushtel.nt.gov.au/profile/824,JEMELKE,CENTRAL LAND COUNCIL,-21.53389,BARKLY,ALYAWARR,BARKLY,824,Not recorded,BARROW CREEK,10.0,Family Outstation,BARKLY,Homelands Service Provider Report 2023,317,133.87473,,,,,10.0,Homelands Service Provider Report 2023,BushTel population
https://bushtel.nt.gov.au/profile/338,JI-BALBAL,NORTHERN LAND COUNCIL,-12.29755,WEST ARNHEM,MANINGRIDA,TOP END,338,Not recorded,"BAMBOO CREEK,JIBALBAL",12.0,Family Outstation,ARAFURA,Homelands Service Provider Report 2023,318,134.61989,,,,,12.0,Homelands Service Provider Report 2023,BushTel population
https://bushtel.nt.gov.au/profile/311,JI-BENA,NORTHERN LAND COUNCIL,-12.14418,WEST ARNHEM,MANINGRIDA,TOP END,311,Not recorded,DJEBENNA,29.0,Family Outstation,ARAFURA,Homelands Service Provider Report 2023,319,134.5264,,,,,29.0,Homelands Service Provider Report 2023,BushTel population
https://bushtel.nt.gov.au/profile/793,JI-MALAWA,NORTHERN LAND COUNCIL,-12.12168,WEST ARNHEM,MANINGRIDA,TOP END,793,Not recorded,"DJIMALAWA,JI-MALOWA,JIMALAWA",50.0,Family Outstation,ARAFURA,Homelands Service Provider Report 2023,320,134.67334,,,,,50.0,Homelands Service Provider Report 2023,BushTel population
https://bushtel.nt.gov.au/profile/340,JI-MARDA,NORTHERN LAND COUNCIL,-12.05613,WEST ARNHEM,MANINGRIDA,TOP END,340,Not recorded,"DJIMARDA,JIMARDA",55.0,Family Outstation,ARAFURA,Homelands Service Provider Report 2023,321,134.61501,,,,,55.0,Homelands Service Provider Report 2023,BushTel population
https://bushtel.nt.gov.au/profile/593,JILKMINGGAN,NORTHERN LAND COUNCIL,-14.95306,ROPER GULF,NEVER NEVER,BIG RIVERS,593,Eastside Kriol,"DJEMBERE,DJILKMINGGAN,DUCK CREEK,JILKMINGGAL",309.0,Minor,ARNHEM,Based on ABS 2021 Census SA1,322,133.3,ILOC70500304,Jilkminggan,263.0,254.0,309.0,Based on ABS 2021 Census SA1,BushTel population
https://bushtel.nt.gov.au/profile/261,JILUNDARINA,NORTHERN LAND COUNCIL,-17.60557,BARKLY,KUWARRANGU,BARKLY,261,Not recorded,"JURLINDARRI,SEIGAL CREEK,SIEGAL CREEK,SIEGEL CREEK",,Family Outstation,BARKLY,Not recorded,323,137.57665,,,,,,Unavailable,No population found
https://bushtel.nt.gov.au/profile/989,JIMILAYA,NORTHERN LAND COUNCIL,-15.6082,ROPER GULF,SOUTH WEST GULF,BIG RIVERS,989,Not recorded,BLACK CRAGGY ISLAND,,Family Outstation,BARKLY,Not recorded,324,136.67192,,,,,,Unavailable,No population found
https://bushtel.nt.gov.au/profile/235,JINGALOO,NORTHERN LAND COUNCIL,-17.11311,BARKLY,KUWARRANGU,BARKLY,235,Not recorded,BEETALOO,,Family Outstation,BARKLY,Not recorded,325,133.61433,,,,,,Unavailable,No population found
https://bushtel.nt.gov.au/profile/646,JIWARANPA,CENTRAL LAND COUNCIL,-19.55541,CENTRAL DESERT,NORTHERN TANAMI,CENTRAL AUSTRALIA,646,Not recorded,"JIWAN,JWARNPA,KAMARA,KAMIRA,TALBOT WELL",,Family Outstation,GWOJA,Not recorded,326,129.92674,,,,,,Unavailable,No population found
https://bushtel.nt.gov.au/profile/598,JODETLUK,NORTHERN LAND COUNCIL,-14.36,ROPER GULF,NYIRRANGGULUNG,BIG RIVERS,598,Not recorded,"GORGE CAMP,KATHERINE TOWN CAMP,MAUDE CREEK CAMP",21.0,Family Outstation,KATHERINE,Homelands Service Provider Report 2023,327,132.43333,,,,,21.0,Homelands Service Provider Report 2023,BushTel population
https://bushtel.nt.gov.au/profile/710,JOMET (URPALARWN),NORTHERN LAND COUNCIL,-15.42069,ROPER GULF,NEVER NEVER,BIG RIVERS,710,Not recorded,"BIRDUM,GORRIE,JOMET,NO 1 BORE,URPALARWN,WUBALAWAN",,Family Outstation,ARNHEM,Not recorded,328,133.11146,,,,,,Unavailable,No population found
https://bushtel.nt.gov.au/profile/602,JOWAR,NORTHERN LAND COUNCIL,-14.72747,ROPER GULF,YUGUL MANGI,BIG RIVERS,602,Not recorded,"JOYAR,JUYAR,ROPER BAR",,Family Outstation,ARNHEM,Not recorded,329,134.42881,,,,,,Unavailable,No population found
https://bushtel.nt.gov.au/profile/695,JUNGARRAYI WARRNU,CENTRAL LAND COUNCIL,-22.68594,CENTRAL DESERT,SOUTHERN TANAMI,CENTRAL AUSTRALIA,695,Not recorded,"JUNGARRAYIWARNU,NEW HAVEN YARIBILANGU,YARIPILANGU",,Family Outstation,GWOJA,Not recorded,330,131.43088,,,,,,Unavailable,No population found
https://bushtel.nt.gov.au/profile/734,JUNKAJI,CENTRAL LAND COUNCIL,-20.44656,BARKLY,PATTA,BARKLY,734,Not recorded,"GREENWOOD,JUNGKAGU,JUNGKAJI",,Family Outstation,BARKLY,Not recorded,331,134.14149,,,,,,Unavailable,No population found
https://bushtel.nt.gov.au/profile/794,KABALYARRA,NORTHERN LAND COUNCIL,-12.06946,WEST ARNHEM,MANINGRIDA,TOP END,794,Not recorded,No aliases recorded with NTG DIPL,15.0,Family Outstation,ARAFURA,Homelands Service Provider Report 2023,332,134.21279,,,,,15.0,Homelands Service Provider Report 2023,BushTel population
https://bushtel.nt.gov.au/profile/1007,KABULWARNAMYO,NORTHERN LAND COUNCIL,-12.76486,WEST ARNHEM,GUNBALANYA,TOP END,1007,Not recorded,NORHNI,4.0,Family Outstation,ARAFURA,Homelands Service Provider Report 2023,333,133.84472,,,,,4.0,Homelands Service Provider Report 2023,BushTel population
https://bushtel.nt.gov.au/profile/326,KAKODBABULDI,NORTHERN LAND COUNCIL,-12.40779,WEST ARNHEM,MANINGRIDA,TOP END,326,Not recorded,"GUGODBABULDI,KUKOTBUBULDI",20.0,Family Outstation,ARAFURA,Homelands Service Provider Report 2023,334,134.15779,,,,,20.0,Homelands Service Provider Report 2023,BushTel population
https://bushtel.nt.gov.au/profile/736,KALINJARRI,CENTRAL LAND COUNCIL,-20.39752,BARKLY,PATTA,BARKLY,736,Not recorded,"GORRIE BORE,GORRY'S BORE,KALINJARRA,KALINYMARRA",,Family Outstation,BARKLY,Not recorded,335,134.36571,,,,,,Unavailable,No population found
https://bushtel.nt.gov.au/profile/603,KALKARINDJI,CENTRAL LAND COUNCIL,-17.44675,VICTORIA DALY,DAGURAGU,BIG RIVERS,603,Gurindji / Kriol,"KALKARINGI,WAVE HILL",450.0,Major,GWOJA,Based on ABS 2021 Census SA1,336,130.83212,ILOC70500202,Kalkarindji,383.0,311.0,450.0,Based on ABS 2021 Census SA1,BushTel population
https://bushtel.nt.gov.au/profile/947,KALPITAPTA,CENTRAL LAND COUNCIL,-20.89936,BARKLY,ALYAWARR,BARKLY,947,Not recorded,KALPITAPITA,,Family Outstation,BARKLY,Not recorded,337,135.35397,,,,,,Unavailable,No population found
https://bushtel.nt.gov.au/profile/66,KALTUKATJARA,CENTRAL LAND COUNCIL,-24.87611,MACDONNELL,IYARRKA,CENTRAL AUSTRALIA,66,Pitjantjatjara,"DOCKER RIVER,KALKTUKATJARA",269.0,Major,GWOJA,Based on ABS 2021 Census SA1,338,129.07916,,,,,269.0,Based on ABS 2021 Census SA1,BushTel population
https://bushtel.nt.gov.au/profile/941,KALUMBULANI,NORTHERN LAND COUNCIL,-16.8772,VICTORIA DALY,WALANGERI,BIG RIVERS,941,Not recorded,"CAMFIELD,KULUMANBULANI",,Family Outstation,GWOJA,Not recorded,339,131.21949,,,,,,Unavailable,No population found
https://bushtel.nt.gov.au/profile/236,KALUMPURLPA,CENTRAL LAND COUNCIL,-19.00387,BARKLY,PATTA,BARKLY,236,Not recorded,"AKULUMPULPA,BLUE BUSH BORE,KALAMPURLPA,KALUMPARLPA,KALUMPULPA,KULUMPURLPA",,Family Outstation,BARKLY,Not recorded,340,133.91809,,,,,,Unavailable,No population found
https://bushtel.nt.gov.au/profile/237,KANGAROO ISLAND,NORTHERN LAND COUNCIL,-15.88848,ROPER GULF,SOUTH WEST GULF,BIG RIVERS,237,Not recorded,"LOOGANWARRA,YAMEERI",10.0,Family Outstation,BARKLY,Homelands Service Provider Report 2023,341,136.53951,,,,,10.0,Homelands Service Provider Report 2023,BushTel population
https://bushtel.nt.gov.au/profile/980,KAPALGA,NORTHERN LAND COUNCIL,-12.69876,WEST ARNHEM,KAKADU,TOP END,980,Not recorded,NARAMU,10.0,Family Outstation,ARAFURA,Homelands Service Provider Report 2023,342,132.37113,,,,,10.0,Homelands Service Provider Report 2023,BushTel population
https://bushtel.nt.gov.au/profile/67,KAPORILYA,CENTRAL LAND COUNCIL,-23.93974,MACDONNELL,LJIRAPINTA,CENTRAL AUSTRALIA,67,Not recorded,"KAPORILJA,KAPORILYA SPRINGS,KAPRILYA",9.0,Family Outstation,GWOJA,Homelands Service Provider Report 2023,343,132.72029,,,,,9.0,Homelands Service Provider Report 2023,BushTel population
https://bushtel.nt.gov.au/profile/238,KARGARU,CENTRAL LAND COUNCIL,-19.65861,BARKLY,PATTA,BARKLY,238,Not recorded,"EAST SIDE CAMP,KARGARU CAMP,TENNANT CREEK TOWN CAMP,WARTILPUNGARA",,Town Camp,BARKLY,Not recorded,344,134.19806,ILOC70700501,Kargaru,75.0,75.0,75.0,ABS Census 2021 ILOC,ABS exact-name match - review recommended
https://bushtel.nt.gov.au/profile/69,KARNTE,CENTRAL LAND COUNCIL,-23.76437,ALICE SPRINGS,Not recorded,CENTRAL AUSTRALIA,69,Not recorded,ALICE SPRINGS TOWN CAMP,,Town Camp,NAMATJIRA,Not recorded,345,133.86474,,,,,,Unavailable,No population found
https://bushtel.nt.gov.au/profile/116,KARRINYARRA,CENTRAL LAND COUNCIL,-22.66329,CENTRAL DESERT,SOUTHERN TANAMI,CENTRAL AUSTRALIA,116,Not recorded,"CENTRAL MOUNT WEDGE,KARRIYARRA,MOUNT WEDGE,MOUNT WEDGE STATION",,Family Outstation,GWOJA,Not recorded,346,131.87876,,,,,,Unavailable,No population found
https://bushtel.nt.gov.au/profile/14071,KATHERINE,NORTHERN LAND COUNCIL,-14.46676,KATHERINE,Not recorded,BIG RIVERS,14071,Not recorded,No aliases recorded with NTG DIPL,,Town,KATHERINE,Not recorded,347,132.26677,,,,,,Unavailable,No population found
https://bushtel.nt.gov.au/profile/870,KATJUTARI,CENTRAL LAND COUNCIL,-23.74085,MACDONNELL,LJIRAPINTA,CENTRAL AUSTRALIA,870,Not recorded,No aliases recorded with NTG DIPL,4.0,Family Outstation,GWOJA,Homelands Service Provider Report 2023,348,132.00474,,,,,4.0,Homelands Service Provider Report 2023,BushTel population
https://bushtel.nt.gov.au/profile/883,KELERRK,NORTHERN LAND COUNCIL,-13.95783,WEST DALY,THAMARRURR/PINDI PINDI,TOP END,883,Not recorded,No aliases recorded with NTG DIPL,,Family Outstation,DALY,Not recorded,349,130.32647,,,,,,Unavailable,No population found
https://bushtel.nt.gov.au/profile/1017,KEWULYI,NORTHERN LAND COUNCIL,-14.92699,ROPER GULF,NEVER NEVER,BIG RIVERS,1017,Not recorded,ROPER VALLEY HOMESTEAD,16.0,Family Outstation,ARNHEM,Homelands Service Provider Report 2023,350,134.00927,,,,,16.0,Homelands Service Provider Report 2023,BushTel population
https://bushtel.nt.gov.au/profile/722,KIANA,NORTHERN LAND COUNCIL,-17.24236,ROPER GULF,SOUTH WEST GULF,BIG RIVERS,722,Not recorded,No aliases recorded with NTG DIPL,15.0,Family Outstation,BARKLY,Homelands Service Provider Report 2023,351,136.18411,,,,,15.0,Homelands Service Provider Report 2023,BushTel population
https://bushtel.nt.gov.au/profile/72,KINTORE,CENTRAL LAND COUNCIL,-23.27591,MACDONNELL,LURITJA PINTUBI,CENTRAL AUSTRALIA,72,Luritja/Pintupi,"WALANGKURA,WALANGURA,WALUNGURRU",493.0,Major,GWOJA,Based on ABS 2021 Census SA1,352,129.38725,,,,,493.0,Based on ABS 2021 Census SA1,BushTel population
https://bushtel.nt.gov.au/profile/344,KNUCKEY LAGOON INDIGENOUS VILLAGE,NORTHERN LAND COUNCIL,-12.43654,LITCHFIELD,NORTH WARD,"DARWIN, PALMERSTON, LITCHFIELD",344,Not recorded,"11 MILE,ELEVEN MILE,KNUCKEY LAGOON COMMUNITY,KNUCKEY LAGOON TOWN CAMP",,Town Camp,KARAMA,Not recorded,353,130.93749,,,,,,Unavailable,No population found
https://bushtel.nt.gov.au/profile/345,KOLORBIDAHDAH,NORTHERN LAND COUNCIL,-12.61309,WEST ARNHEM,MANINGRIDA,TOP END,345,Not recorded,KORLOBIRRAHDA,14.0,Family Outstation,ARAFURA,Homelands Service Provider Report 2023,354,134.32539,,,,,14.0,Homelands Service Provider Report 2023,BushTel population
https://bushtel.nt.gov.au/profile/912,KUBUYIRR,NORTHERN LAND COUNCIL,-14.12168,WEST DALY,THAMARRURR/PINDI PINDI,TOP END,912,Not recorded,No aliases recorded with NTG DIPL,,Family Outstation,DALY,Not recorded,355,129.78499,,,,,,Unavailable,No population found
https://bushtel.nt.gov.au/profile/936,KUDANTIGA,NORTHERN LAND COUNCIL,-14.42918,WEST DALY,THAMARRURR/PINDI PINDI,TOP END,936,Not recorded,KURANTIKA,9.0,Family Outstation,DALY,Homelands Service Provider Report 2023,356,129.42918,,,,,9.0,Homelands Service Provider Report 2023,BushTel population
https://bushtel.nt.gov.au/profile/347,KULALUK,NORTHERN LAND COUNCIL,-12.39279,DARWIN,CHAN,"DARWIN, PALMERSTON, LITCHFIELD",347,Not recorded,"GWALWA DARANIEI ASSOC,GWALWA DARANIKI ASSOCIATION,MINMIRAMA",,Town Camp,NIGHTCLIFF,Not recorded,357,130.8489,ILOC70300303,Kulaluk,39.0,33.0,39.0,ABS Census 2021 ILOC,ABS exact-name match - review recommended
https://bushtel.nt.gov.au/profile/747,KULANG,CENTRAL LAND COUNCIL,-24.71557,MACDONNELL,IYARRKA,CENTRAL AUSTRALIA,747,Not recorded,KULAIL,,Family Outstation,GWOJA,Not recorded,358,129.00638,,,,,,Unavailable,No population found
https://bushtel.nt.gov.au/profile/14240,KULGERA,CENTRAL LAND COUNCIL,-25.84084,MACDONNELL,RODINGA,CENTRAL AUSTRALIA,14240,Not recorded,No aliases recorded with NTG DIPL,,Village,NAMATJIRA,Not recorded,359,133.30048,,,,,,Unavailable,No population found
https://bushtel.nt.gov.au/profile/76,KULPITHARRA,CENTRAL LAND COUNCIL,-23.73974,MACDONNELL,LJIRAPINTA,CENTRAL AUSTRALIA,76,Not recorded,"KULPITARA,KULPITARRA",2.0,Family Outstation,GWOJA,Homelands Service Provider Report 2023,360,132.00279,,,,,2.0,Homelands Service Provider Report 2023,BushTel population
https://bushtel.nt.gov.au/profile/351,KULTCHILL,NORTHERN LAND COUNCIL,-14.42586,WEST DALY,THAMARRURR/PINDI PINDI,TOP END,351,Not recorded,"KULTHIL,KUTCHILL",,Family Outstation,DALY,Not recorded,361,129.57391,,,,,,Unavailable,No population found
https://bushtel.nt.gov.au/profile/1000,KUMUNU,CENTRAL LAND COUNCIL,-18.76418,BARKLY,PATTA,BARKLY,1000,Not recorded,KUNUMU,,Family Outstation,BARKLY,Not recorded,362,133.63946,,,,,,Unavailable,No population found
https://bushtel.nt.gov.au/profile/967,KUMURRULU,NORTHERN LAND COUNCIL,-12.27171,WEST ARNHEM,GUNBALANYA,TOP END,967,Not recorded,KUMURULU,15.0,Family Outstation,ARAFURA,Homelands Service Provider Report 2023,363,134.07048,,,,,15.0,Homelands Service Provider Report 2023,BushTel population
https://bushtel.nt.gov.au/profile/77,KUNAPULA,CENTRAL LAND COUNCIL,-25.15697,MACDONNELL,IYARRKA,CENTRAL AUSTRALIA,77,Not recorded,No aliases recorded with NTG DIPL,,Family Outstation,GWOJA,Not recorded,364,129.23411,,,,,,Unavailable,No population found
https://bushtel.nt.gov.au/profile/239,KUNAYUNGKU,CENTRAL LAND COUNCIL,-19.74209,BARKLY,ALYAWARR,BARKLY,239,Not recorded,"KUNYINGU,PARARINGI,PAWARINJI,PUWARIN",,Family Outstation,BARKLY,Not recorded,365,133.72464,,,,,,Unavailable,No population found
https://bushtel.nt.gov.au/profile/391,KUNGARREWARL,NORTHERN LAND COUNCIL,-12.34346,WEST ARNHEM,GUNBALANYA,TOP END,391,Not recorded,"CLANCY'S CAMP,DJAYHGURRNGA,NAMARRING KARRAJI,NAMARRINGKARRAYI,OENPELLI CAMP",4.0,Family Outstation,ARAFURA,Homelands Service Provider Report 2023,366,133.05617,,,,,4.0,Homelands Service Provider Report 2023,BushTel population
https://bushtel.nt.gov.au/profile/78,KUNGKAYUNTI,CENTRAL LAND COUNCIL,-23.62647,MACDONNELL,LURITJA PINTUBI,CENTRAL AUSTRALIA,78,Not recorded,"BROWNS BORE,KUNGKIYUNTI",,Family Outstation,GWOJA,Not recorded,367,131.24371,,,,,,Unavailable,No population found
https://bushtel.nt.gov.au/profile/1029,KUNOTH,CENTRAL LAND COUNCIL,-23.69054,ALICE SPRINGS,Not recorded,CENTRAL AUSTRALIA,1029,Not recorded,THE VILLAGE,,Town Camp,NAMATJIRA,Not recorded,368,133.88026,,,,,,Unavailable,No population found
https://bushtel.nt.gov.au/profile/14262,KURINELLI,CENTRAL LAND COUNCIL,-20.6114,BARKLY,ALYAWARR,BARKLY,14262,Not recorded,No aliases recorded with NTG DIPL,,Family Outstation,BARKLY,Not recorded,369,135.04,,,,,,Unavailable,No population found
https://bushtel.nt.gov.au/profile/110,KURIPPI,CENTRAL LAND COUNCIL,-22.14211,CENTRAL DESERT,SOUTHERN TANAMI,CENTRAL AUSTRALIA,110,Not recorded,"JONESY'S CAMP,MOUNT DENISON",,Family Outstation,GWOJA,Not recorded,370,132.05316,,,,,,Unavailable,No population found
https://bushtel.nt.gov.au/profile/81,KURKUTJARA,CENTRAL LAND COUNCIL,-25.94178,MACDONNELL,IYARRKA,CENTRAL AUSTRALIA,81,Not recorded,No aliases recorded with NTG DIPL,,Family Outstation,GWOJA,Not recorded,371,129.41115,,,,,,Unavailable,No population found
https://bushtel.nt.gov.au/profile/905,KURNTAPURRA,NORTHERN LAND COUNCIL,-19.39177,BARKLY,KUWARRANGU,BARKLY,905,Not recorded,"FREWENA,KUNTAPURLA,KURNTURLPARA,NO 6 BORE",24.0,Family Outstation,BARKLY,Homelands Service Provider Report 2023,372,135.39788,,,,,24.0,Homelands Service Provider Report 2023,BushTel population
https://bushtel.nt.gov.au/profile/822,KURRAYA,CENTRAL LAND COUNCIL,-19.76559,BARKLY,PATTA,BARKLY,822,Not recorded,GOOSE RIVER,1.0,Family Outstation,BARKLY,Homelands Service Provider Report 2023,373,134.47545,,,,,1.0,Homelands Service Provider Report 2023,BushTel population
https://bushtel.nt.gov.au/profile/753,KURRURLDUL,NORTHERN LAND COUNCIL,-12.48806,WEST ARNHEM,MANINGRIDA,TOP END,753,Not recorded,"KURRURLOUL,KURULDU",,Family Outstation,ARAFURA,Not recorded,374,134.24012,,,,,,Unavailable,No population found
https://bushtel.nt.gov.au/profile/776,KUWUMA,NORTHERN LAND COUNCIL,-13.59805,WEST DALY,THAMARRURR/PINDI PINDI,TOP END,776,Not recorded,"DJUDIN,KUAMA,KWARMA",1.0,Family Outstation,DALY,Homelands Service Provider Report 2023,375,130.36991,,,,,1.0,Homelands Service Provider Report 2023,BushTel population
https://bushtel.nt.gov.au/profile/718,KUY,NORTHERN LAND COUNCIL,-14.03546,WEST DALY,THAMARRURR/PINDI PINDI,TOP END,718,Not recorded,No aliases recorded with NTG DIPL,29.0,Family Outstation,DALY,Homelands Service Provider Report 2023,376,129.59784,,,,,29.0,Homelands Service Provider Report 2023,BushTel population
https://bushtel.nt.gov.au/profile/83,KWALA,CENTRAL LAND COUNCIL,-23.92724,MACDONNELL,LJIRAPINTA,CENTRAL AUSTRALIA,83,Not recorded,ELLERY CREEK,4.0,Family Outstation,GWOJA,Homelands Service Provider Report 2023,377,132.88974,,,,,4.0,Homelands Service Provider Report 2023,BushTel population
https://bushtel.nt.gov.au/profile/925,KWALE KWALE,CENTRAL LAND COUNCIL,-23.76972,MACDONNELL,RODINGA,CENTRAL AUSTRALIA,925,Not recorded,PAYEPERRENTYE (A),21.0,Family Outstation,NAMATJIRA,Homelands Service Provider Report 2023,378,133.57451,,,,,21.0,Homelands Service Provider Report 2023,BushTel population
https://bushtel.nt.gov.au/profile/777,KWOMBOM,NORTHERN LAND COUNCIL,-13.95523,WEST DALY,THAMARRURR/PINDI PINDI,TOP END,777,Not recorded,KWOMBON,,Family Outstation,DALY,Not recorded,379,130.29075,,,,,,Unavailable,No population found
https://bushtel.nt.gov.au/profile/608,KYBROOK FARM,NORTHERN LAND COUNCIL,-13.86316,VICTORIA DALY,PINE CREEK,BIG RIVERS,608,Kriol,COPPERFIELD CREEK,,Minor,DALY,Not recorded,380,131.82196,,,,,,Unavailable,No population found
https://bushtel.nt.gov.au/profile/85,LABRAPUNTJA,CENTRAL LAND COUNCIL,-23.91184,MACDONNELL,LJIRAPINTA,CENTRAL AUSTRALIA,85,Not recorded,No aliases recorded with NTG DIPL,9.0,Family Outstation,GWOJA,Homelands Service Provider Report 2023,381,132.93926,,,,,9.0,Homelands Service Provider Report 2023,BushTel population
https://bushtel.nt.gov.au/profile/609,LAJAMANU,CENTRAL LAND COUNCIL,-18.33584,CENTRAL DESERT,NORTHERN TANAMI,BIG RIVERS,609,Warlpiri,HOOKER CREEK,767.0,Major,GWOJA,Based on ABS 2021 Census SA1,382,130.63834,ILOC70500601,Lajamanu,653.0,605.0,767.0,Based on ABS 2021 Census SA1,BushTel population
https://bushtel.nt.gov.au/profile/833,LAKE KATHERINE,NORTHERN LAND COUNCIL,-14.27374,ROPER GULF,YUGUL MANGI,BIG RIVERS,833,Not recorded,No aliases recorded with NTG DIPL,,Family Outstation,ARNHEM,Not recorded,383,135.06805,,,,,,Unavailable,No population found
https://bushtel.nt.gov.au/profile/519,LANGARRA,NORTHERN LAND COUNCIL,-12.09918,EAST ARNHEM,GUMURR GATTJIRRK,EAST ARNHEM,519,Not recorded,HOWARD ISLAND,23.0,Family Outstation,MULKA,Homelands Service Provider Report 2023,384,135.36168,,,,,23.0,Homelands Service Provider Report 2023,BushTel population
https://bushtel.nt.gov.au/profile/86,LARAMBA,CENTRAL LAND COUNCIL,-22.53297,CENTRAL DESERT,ANMATJERE,CENTRAL AUSTRALIA,86,Anmatyerr,NAPPERBY,222.0,Major,GWOJA,Based on ABS 2021 Census SA1,385,132.75603,ILOC70900303,Laramba,189.0,172.0,222.0,Based on ABS 2021 Census SA1,BushTel population
https://bushtel.nt.gov.au/profile/87,LARAPINTA VALLEY,CENTRAL LAND COUNCIL,-23.71104,ALICE SPRINGS,Not recorded,CENTRAL AUSTRALIA,87,Not recorded,"ALICE SPRINGS TOWN CAMP,YARINTJA ASSOC,YARRENTY ALTERE,YARRENYTY-ARLTERE",,Town Camp,NAMATJIRA,Not recorded,386,133.8514,,,,,,Unavailable,No population found
https://bushtel.nt.gov.au/profile/14359,LARRIMAH,NORTHERN LAND COUNCIL,-15.5757,ROPER GULF,NEVER NEVER,BIG RIVERS,14359,Not recorded,No aliases recorded with NTG DIPL,,Village,BARKLY,Not recorded,387,133.2163,,,,,,Unavailable,No population found
https://bushtel.nt.gov.au/profile/696,LARRPAYANJI,NORTHERN LAND COUNCIL,-14.78334,ROPER GULF,YUGUL MANGI,BIG RIVERS,696,Not recorded,MT BIRCH,,Family Outstation,ARNHEM,Not recorded,388,134.68017,,,,,,Unavailable,No population found
https://bushtel.nt.gov.au/profile/1008,LEICHARDT,NORTHERN LAND COUNCIL,-13.84806,WEST DALY,THAMARRURR/PINDI PINDI,TOP END,1008,Not recorded,No aliases recorded with NTG DIPL,,Family Outstation,DALY,Not recorded,389,130.27907,,,,,,Unavailable,No population found
https://bushtel.nt.gov.au/profile/820,LIJA MUKUMPARLA,NORTHERN LAND COUNCIL,-17.33208,BARKLY,KUWARRANGU,BARKLY,820,Not recorded,"LEIGHJA,LIJA,MUKUMPARLA,MUKUNPARLA,WOMBAYA",,Family Outstation,BARKLY,Not recorded,390,135.08074,,,,,,Unavailable,No population found
https://bushtel.nt.gov.au/profile/721,LIKKAPARTA,CENTRAL LAND COUNCIL,-19.34336,BARKLY,PATTA,BARKLY,721,Not recorded,"LIKAPARRTA,LIKIPARTA,MARAPURN",1.0,Minor,BARKLY,Homelands Service Provider Report 2023,391,134.53799,,,,,1.0,Homelands Service Provider Report 2023,BushTel population
https://bushtel.nt.gov.au/profile/610,LIKU,CENTRAL LAND COUNCIL,-17.91141,VICTORIA DALY,DAGURAGU,BIG RIVERS,610,Not recorded,"BOONEROO,BOONEROO WAVE HILL",,Family Outstation,GWOJA,Not recorded,392,130.50429,,,,,,Unavailable,No population found
https://bushtel.nt.gov.au/profile/88,LILLA,CENTRAL LAND COUNCIL,-24.3005,MACDONNELL,LJIRAPINTA,CENTRAL AUSTRALIA,88,Not recorded,"LILA,REEDY ROCKHOLE",9.0,Family Outstation,GWOJA,Homelands Service Provider Report 2023,393,131.6026,,,,,9.0,Homelands Service Provider Report 2023,BushTel population
https://bushtel.nt.gov.au/profile/93,LILTJERA,CENTRAL LAND COUNCIL,-23.9364,MACDONNELL,LJIRAPINTA,CENTRAL AUSTRALIA,93,Not recorded,"LILTJIRA,LILTSERE,LJILJERA,LYILTJARA,LYILTJERA",6.0,Family Outstation,GWOJA,Homelands Service Provider Report 2023,394,132.63779,,,,,6.0,Homelands Service Provider Report 2023,BushTel population
https://bushtel.nt.gov.au/profile/24996,LILY HOLE,NORTHERN LAND COUNCIL,-17.24737,BARKLY,KUWARRANGU,BARKLY,24996,Not recorded,"LILY HOLE BORE,LILY ROCK HOLE",6.0,Family Outstation,BARKLY,Homelands Service Provider Report 2023,395,133.74957,,,,,6.0,Homelands Service Provider Report 2023,BushTel population
https://bushtel.nt.gov.au/profile/613,LINGARA,NORTHERN LAND COUNCIL,-16.48694,VICTORIA DALY,WALANGERI,BIG RIVERS,613,Not recorded,"LINGARRA,OLD HUMBERT RIVER,WALANGERI",46.0,Family Outstation,GWOJA,Homelands Service Provider Report 2023,396,130.64333,,,,,46.0,Homelands Service Provider Report 2023,BushTel population
https://bushtel.nt.gov.au/profile/91,LITTLE WELL,CENTRAL LAND COUNCIL,-24.13547,MACDONNELL,RODINGA,CENTRAL AUSTRALIA,91,Not recorded,"ALURALKWA ASSOC,ALURALKWE",6.0,Family Outstation,NAMATJIRA,Homelands Service Provider Report 2023,397,135.33314,,,,,6.0,Homelands Service Provider Report 2023,BushTel population
https://bushtel.nt.gov.au/profile/856,LIZARD BORE,CENTRAL LAND COUNCIL,-23.30034,MACDONNELL,LURITJA PINTUBI,CENTRAL AUSTRALIA,856,Not recorded,No aliases recorded with NTG DIPL,,Family Outstation,GWOJA,Not recorded,398,131.13465,,,,,,Unavailable,No population found
https://bushtel.nt.gov.au/profile/92,LTIRA,CENTRAL LAND COUNCIL,-24.05709,MACDONNELL,LJIRAPINTA,CENTRAL AUSTRALIA,92,Not recorded,No aliases recorded with NTG DIPL,16.0,Family Outstation,GWOJA,Homelands Service Provider Report 2023,399,132.90182,,,,,16.0,Homelands Service Provider Report 2023,BushTel population
https://bushtel.nt.gov.au/profile/614,LUL-TJU,CENTRAL LAND COUNCIL,-18.37671,CENTRAL DESERT,NORTHERN TANAMI,BIG RIVERS,614,Not recorded,"LUL'TJU,LUTTJU",,Family Outstation,GWOJA,Not recorded,400,130.59313,,,,,,Unavailable,No population found
https://bushtel.nt.gov.au/profile/871,LUNTHARRA,CENTRAL LAND COUNCIL,-23.73543,MACDONNELL,LJIRAPINTA,CENTRAL AUSTRALIA,871,Not recorded,LUNTALRA,1.0,Family Outstation,GWOJA,Homelands Service Provider Report 2023,401,132.04497,,,,,1.0,Homelands Service Provider Report 2023,BushTel population
https://bushtel.nt.gov.au/profile/94,LYILYALANAMA,CENTRAL LAND COUNCIL,-23.94724,MACDONNELL,LJIRAPINTA,CENTRAL AUSTRALIA,94,Not recorded,IYNGIYNYALA,3.0,Family Outstation,GWOJA,Homelands Service Provider Report 2023,402,132.74474,,,,,3.0,Homelands Service Provider Report 2023,BushTel population
https://bushtel.nt.gov.au/profile/28,MALA,CENTRAL LAND COUNCIL,-21.69494,CENTRAL DESERT,SOUTHERN TANAMI,CENTRAL AUSTRALIA,28,Not recorded,No aliases recorded with NTG DIPL,,Family Outstation,GWOJA,Not recorded,403,130.85331,,,,,,Unavailable,No population found
https://bushtel.nt.gov.au/profile/376,MALGAWA,NORTHERN LAND COUNCIL,-12.83887,WEST ARNHEM,GUNBALANYA,TOP END,376,Not recorded,"MARLGAWO,MOLGAWO,MORLGAWO",12.0,Family Outstation,ARAFURA,Homelands Service Provider Report 2023,404,133.91826,,,,,12.0,Homelands Service Provider Report 2023,BushTel population
https://bushtel.nt.gov.au/profile/522,MALKALA,ANINDILYAKWA LAND COUNCIL,-13.8914,EAST ARNHEM,ANINDILYAKWA,EAST ARNHEM,522,Not recorded,MALKULA CREEK,97.0,Family Outstation,ARNHEM,Homelands Service Provider Report 2023,405,136.44224,,,,,97.0,Homelands Service Provider Report 2023,BushTel population
https://bushtel.nt.gov.au/profile/851,MALLARRAMI,NORTHERN LAND COUNCIL,-11.77541,EAST ARNHEM,GUMURR MARTHAKAL,EAST ARNHEM,851,Not recorded,No aliases recorded with NTG DIPL,9.0,Family Outstation,MULKA,Homelands Service Provider Report 2023,406,136.53563,,,,,9.0,Homelands Service Provider Report 2023,BushTel population
https://bushtel.nt.gov.au/profile/523,MALNJANGARNAK,NORTHERN LAND COUNCIL,-12.66057,WEST ARNHEM,MANINGRIDA,TOP END,523,Not recorded,"MALANGANAK,MALNYANGANAK",9.0,Family Outstation,ARAFURA,Homelands Service Provider Report 2023,407,134.77335,,,,,9.0,Homelands Service Provider Report 2023,BushTel population
https://bushtel.nt.gov.au/profile/355,MAMADAWERRE,NORTHERN LAND COUNCIL,-12.25629,WEST ARNHEM,GUNBALANYA,TOP END,355,Not recorded,"MAMADAWERRI,SOUTH GUMADEER",75.0,Family Outstation,ARAFURA,Homelands Service Provider Report 2023,408,133.65782,ILOC70400403,Mamadawerre,69.0,61.0,75.0,Homelands Service Provider Report 2023,BushTel population
https://bushtel.nt.gov.au/profile/694,MAMADI,CENTRAL LAND COUNCIL,-17.84951,VICTORIA DALY,DAGURAGU,BIG RIVERS,694,Not recorded,INVERWAY,,Family Outstation,GWOJA,Not recorded,409,129.63515,,,,,,Unavailable,No population found
https://bushtel.nt.gov.au/profile/687,MANABURDURMA,NORTHERN LAND COUNCIL,-12.66638,WEST ARNHEM,KAKADU,TOP END,687,Not recorded,"JABIRU TOWN CAMP,MANABADURMA,MANABURDUMA",,Town Camp,ARAFURA,Not recorded,410,132.84319,,,,,,Unavailable,No population found
https://bushtel.nt.gov.au/profile/816,MANANGOORA,NORTHERN LAND COUNCIL,-16.0515,ROPER GULF,SOUTH WEST GULF,BIG RIVERS,816,Not recorded,"WONMURRI,WONMURRIE",2.0,Family Outstation,BARKLY,Homelands Service Provider Report 2023,411,136.86085,,,,,2.0,Homelands Service Provider Report 2023,BushTel population
https://bushtel.nt.gov.au/profile/897,MANDEDJKADJANG,NORTHERN LAND COUNCIL,-12.26454,WEST ARNHEM,GUNBALANYA,TOP END,897,Not recorded,MANDAJGARDAJANG,9.0,Family Outstation,ARAFURA,Homelands Service Provider Report 2023,412,134.03056,,,,,9.0,Homelands Service Provider Report 2023,BushTel population
https://bushtel.nt.gov.au/profile/359,MANDILBARRENG,NORTHERN LAND COUNCIL,-12.27402,WEST ARNHEM,GUNBALANYA,TOP END,359,Not recorded,"MANDALBARENG,MANDILBARENG",8.0,Family Outstation,ARAFURA,Homelands Service Provider Report 2023,413,133.58456,,,,,8.0,Homelands Service Provider Report 2023,BushTel population
https://bushtel.nt.gov.au/profile/361,MANGARDUBU,NORTHERN LAND COUNCIL,-12.0937,WEST ARNHEM,GUNBALANYA,TOP END,361,Not recorded,"COOPERS CREEK,MANGADUBU,MANGARDABU",,Family Outstation,ARAFURA,Not recorded,414,133.1864,,,,,,Unavailable,No population found
https://bushtel.nt.gov.au/profile/362,MANINGRIDA,NORTHERN LAND COUNCIL,-12.05085,WEST ARNHEM,MANINGRIDA,TOP END,362,Ndjebbena,No aliases recorded with NTG DIPL,2956.0,Major,ARAFURA,Based on ABS 2021 Census SA1,415,134.22363,ILOC70400301,Maningrida,2518.0,2297.0,2956.0,Based on ABS 2021 Census SA1,BushTel population
https://bushtel.nt.gov.au/profile/360,MANKORLOD,NORTHERN LAND COUNCIL,-12.56501,WEST ARNHEM,MANINGRIDA,TOP END,360,Not recorded,"MANGALOD,NGANKDRLORD,NGANKORLOUD",26.0,Family Outstation,ARAFURA,Homelands Service Provider Report 2023,416,134.27067,,,,,26.0,Homelands Service Provider Report 2023,BushTel population
https://bushtel.nt.gov.au/profile/363,MANMOYI,NORTHERN LAND COUNCIL,-12.54064,WEST ARNHEM,GUNBALANYA,TOP END,363,Not recorded,MANMOI,81.0,Minor,ARAFURA,Homelands Service Provider Report 2023,417,134.11001,ILOC70400404,Manmoyi,90.0,93.0,81.0,Homelands Service Provider Report 2023,BushTel population
https://bushtel.nt.gov.au/profile/97,MANTAPAYIKA,CENTRAL LAND COUNCIL,-25.47458,MACDONNELL,IYARRKA,CENTRAL AUSTRALIA,97,Not recorded,No aliases recorded with NTG DIPL,,Family Outstation,GWOJA,Not recorded,418,130.22561,,,,,,Unavailable,No population found
https://bushtel.nt.gov.au/profile/595,MANYALLALUK,NORTHERN LAND COUNCIL,-14.26649,ROPER GULF,NYIRRANGGULUNG,BIG RIVERS,595,Eastside Kriol,EVA VALLEY,121.0,Minor,ARNHEM,Based on ABS 2021 Census SA1,419,132.82797,ILOC70500305,Manyallaluk,103.0,97.0,121.0,Based on ABS 2021 Census SA1,BushTel population
https://bushtel.nt.gov.au/profile/902,MAPERTE,CENTRAL LAND COUNCIL,-22.54159,CENTRAL DESERT,AKITYARRE,CENTRAL AUSTRALIA,902,Not recorded,"JERVOIS,LUCY CREEK,MAPERTA",,Family Outstation,NAMATJIRA,Not recorded,420,136.38103,,,,,,Unavailable,No population found
https://bushtel.nt.gov.au/profile/524,MAPURU,NORTHERN LAND COUNCIL,-12.25318,EAST ARNHEM,GUMURR MARTHAKAL,EAST ARNHEM,524,Not recorded,"MAPARU,MAPURA,MARPARU",81.0,Minor,MULKA,Homelands Service Provider Report 2023,421,135.43779,,,,,81.0,Homelands Service Provider Report 2023,BushTel population
https://bushtel.nt.gov.au/profile/222,MARA,NORTHERN LAND COUNCIL,-16.05085,ROPER GULF,SOUTH WEST GULF,BIG RIVERS,222,Not recorded,"BORROLOOLA TOWN CAMP,DULU,MALA CAMP",,Town Camp,BARKLY,Not recorded,422,136.30474,ILOC70500102,Mara,202.0,152.0,202.0,ABS Census 2021 ILOC,ABS exact-name match - review recommended
https://bushtel.nt.gov.au/profile/618,MARIA LAGOON,NORTHERN LAND COUNCIL,-15.29989,ROPER GULF,YUGUL MANGI,BIG RIVERS,618,Not recorded,"NUMULTJA,ST VIDGEONS' STATION",,Family Outstation,ARNHEM,Not recorded,423,135.44463,,,,,,Unavailable,No population found
https://bushtel.nt.gov.au/profile/828,MARIAH,NORTHERN LAND COUNCIL,-11.22968,WEST ARNHEM,BARRAH,TOP END,828,Not recorded,RAFFLES BAY,,Family Outstation,ARAFURA,Not recorded,424,132.38022,,,,,,Unavailable,No population found
https://bushtel.nt.gov.au/profile/994,MARINIRI,NORTHERN LAND COUNCIL,-16.67001,ROPER GULF,SOUTH WEST GULF,BIG RIVERS,994,Not recorded,MARINRI,,Family Outstation,BARKLY,Not recorded,425,136.9014,,,,,,Unavailable,No population found
https://bushtel.nt.gov.au/profile/223,MARLA MARLA,CENTRAL LAND COUNCIL,-19.655,BARKLY,PATTA,BARKLY,223,Not recorded,"DUMP CAMP,KAITEJ,LUMIN CHRISTIE,LUMIN CHRISTIE VILLAGE",,Town Camp,BARKLY,Not recorded,426,134.179,,,,,,Unavailable,No population found
https://bushtel.nt.gov.au/profile/252,MARLINJA,NORTHERN LAND COUNCIL,-17.37111,BARKLY,KUWARRANGU,BARKLY,252,Not recorded,NEWCASTLE WATERS,68.0,Minor,BARKLY,Homelands Service Provider Report 2023,427,133.40305,,,,,68.0,Homelands Service Provider Report 2023,BushTel population
https://bushtel.nt.gov.au/profile/325,MARLWON,NORTHERN LAND COUNCIL,-12.13453,WEST ARNHEM,GUNBALANYA,TOP END,325,Not recorded,"KIKIKYOWH,LADY DREAMING,MALWORN",,Family Outstation,ARAFURA,Not recorded,428,133.86307,,,,,,Unavailable,No population found
https://bushtel.nt.gov.au/profile/619,MARRALUM,NORTHERN LAND COUNCIL,-15.39109,VICTORIA DALY,TIMBER CREEK,BIG RIVERS,619,Not recorded,"LEGUNE STATION,MARRALAM",18.0,Family Outstation,GWOJA,Homelands Service Provider Report 2023,429,129.25026,,,,,18.0,Homelands Service Provider Report 2023,BushTel population
https://bushtel.nt.gov.au/profile/894,MARRAMARRANI,NORTHERN LAND COUNCIL,-11.30261,WEST ARNHEM,BARRAH,TOP END,894,Not recorded,No aliases recorded with NTG DIPL,,Family Outstation,ARAFURA,Not recorded,430,132.55341,,,,,,Unavailable,No population found
https://bushtel.nt.gov.au/profile/527,MARRAYA,NORTHERN LAND COUNCIL,-13.83939,ROPER GULF,NUMBULWAR NUMBURINDI,BIG RIVERS,527,Not recorded,MARRAIYA,,Family Outstation,ARNHEM,Not recorded,431,135.80099,,,,,,Unavailable,No population found
https://bushtel.nt.gov.au/profile/899,MARRKALAWA,NORTHERN LAND COUNCIL,-13.57423,ROPER GULF,NUMBULWAR NUMBURINDI,BIG RIVERS,899,Not recorded,No aliases recorded with NTG DIPL,10.0,Family Outstation,ARNHEM,Homelands Service Provider Report 2023,432,135.7131,,,,,10.0,Homelands Service Provider Report 2023,BushTel population
https://bushtel.nt.gov.au/profile/368,MARRKOLIDJBAN,NORTHERN LAND COUNCIL,-12.23751,WEST ARNHEM,MANINGRIDA,TOP END,368,Not recorded,"MARRGOLIDJBAN,MARRKILIDBAN,MARRKOLIDBAN",21.0,Family Outstation,ARAFURA,Homelands Service Provider Report 2023,433,134.06446,,,,,21.0,Homelands Service Provider Report 2023,BushTel population
https://bushtel.nt.gov.au/profile/528,MARTJANBA,NORTHERN LAND COUNCIL,-11.17006,EAST ARNHEM,GUMURR MARTHAKAL,EAST ARNHEM,528,Not recorded,"JENSEN BAY,MARCHINBAR ISLAND,RIMBIJA ISLAND",,Family Outstation,MULKA,Not recorded,434,136.70702,,,,,,Unavailable,No population found
https://bushtel.nt.gov.au/profile/529,MATAMATA,NORTHERN LAND COUNCIL,-12.07676,EAST ARNHEM,GUMURR MARTHAKAL,EAST ARNHEM,529,Not recorded,MATA MATA,7.0,Family Outstation,MULKA,Homelands Service Provider Report 2023,435,136.27125,,,,,7.0,Homelands Service Provider Report 2023,BushTel population
https://bushtel.nt.gov.au/profile/23547,MATARANKA,NORTHERN LAND COUNCIL,-14.92435,ROPER GULF,NEVER NEVER,BIG RIVERS,23547,Not recorded,No aliases recorded with NTG DIPL,384.0,Village,ARNHEM,Based on ABS 2021 Census SA1,436,133.06795,,,,,384.0,Based on ABS 2021 Census SA1,BushTel population
https://bushtel.nt.gov.au/profile/620,MATARANKA TOWN CAMP,NORTHERN LAND COUNCIL,-14.92618,ROPER GULF,NEVER NEVER,BIG RIVERS,620,Not recorded,MATARANKA TRANSIENT CAMP,,Town Camp,ARNHEM,Not recorded,437,133.06738,,,,,,Unavailable,No population found
https://bushtel.nt.gov.au/profile/530,MAWULYUMANJA,ANINDILYAKWA LAND COUNCIL,-13.84278,EAST ARNHEM,ANINDILYAKWA,EAST ARNHEM,530,Not recorded,"MANULYUMANJA,MAWALYUMANTTJA,THOMPSON BAY,THOMPSON'S BAY",9.0,Family Outstation,ARNHEM,Homelands Service Provider Report 2023,438,136.72335,,,,,9.0,Homelands Service Provider Report 2023,BushTel population
https://bushtel.nt.gov.au/profile/101,MBALKANAKA,CENTRAL LAND COUNCIL,-23.95349,MACDONNELL,LJIRAPINTA,CENTRAL AUSTRALIA,101,Not recorded,SALT HOLE,2.0,Family Outstation,GWOJA,Homelands Service Provider Report 2023,439,132.87547,,,,,2.0,Homelands Service Provider Report 2023,BushTel population
https://bushtel.nt.gov.au/profile/102,MBUNGHARA,CENTRAL LAND COUNCIL,-23.29071,MACDONNELL,LURITJA PINTUBI,CENTRAL AUSTRALIA,102,Not recorded,"BUNGHARA,DASHWOOD,UMPANGARA,UMPANGARI",42.0,Family Outstation,GWOJA,Homelands Service Provider Report 2023,440,132.35891,,,,,42.0,Homelands Service Provider Report 2023,BushTel population
https://bushtel.nt.gov.au/profile/847,MCDONALDS YARD,CENTRAL LAND COUNCIL,-17.78239,VICTORIA DALY,DAGURAGU,BIG RIVERS,847,Not recorded,"BURURU,PURURU",,Family Outstation,GWOJA,Not recorded,441,130.59211,,,,,,Unavailable,No population found
https://bushtel.nt.gov.au/profile/951,MENNGEN,NORTHERN LAND COUNCIL,-15.35696,VICTORIA DALY,TIMBER CREEK,BIG RIVERS,951,Not recorded,"DJALIBANG,INNESVALE STATION,JALIJBANG",43.0,Family Outstation,DALY,Homelands Service Provider Report 2023,442,131.27307,,,,,43.0,Homelands Service Provider Report 2023,BushTel population
https://bushtel.nt.gov.au/profile/872,MERRAL NTARRAKALA,CENTRAL LAND COUNCIL,-23.91418,MACDONNELL,LJIRAPINTA,CENTRAL AUSTRALIA,872,Not recorded,MERRALNTARRAKALA,7.0,Family Outstation,GWOJA,Homelands Service Provider Report 2023,443,132.82865,,,,,7.0,Homelands Service Provider Report 2023,BushTel population
https://bushtel.nt.gov.au/profile/717,MERREPEN,NORTHERN LAND COUNCIL,-14.22128,WEST DALY,THAMARRURR/PINDI PINDI,TOP END,717,Not recorded,MATAPAN,26.0,Family Outstation,DALY,Homelands Service Provider Report 2023,444,129.96735,,,,,26.0,Homelands Service Provider Report 2023,BushTel population
https://bushtel.nt.gov.au/profile/372,MEWIRNBI,NORTHERN LAND COUNCIL,-12.12529,WEST ARNHEM,MANINGRIDA,TOP END,372,Not recorded,MEWIRNABI,40.0,Family Outstation,ARAFURA,Homelands Service Provider Report 2023,445,134.76806,,,,,40.0,Homelands Service Provider Report 2023,BushTel population
https://bushtel.nt.gov.au/profile/621,MIALI BRUMBY,NORTHERN LAND COUNCIL,-14.45583,KATHERINE,Not recorded,BIG RIVERS,621,Not recorded,"KALAMO,KALAMO-MALI BRUMBY,KALANO,KALANO FARM,MIALLI",,Town Camp,KATHERINE,Not recorded,446,132.2589,,,,,,Unavailable,No population found
https://bushtel.nt.gov.au/profile/373,MIKGINJ VALLEY,NORTHERN LAND COUNCIL,-12.47966,WEST ARNHEM,GUNBALANYA,TOP END,373,Not recorded,"MIKGIN,MIKGINJ,MIKINJ,MIKINJ VALLEY",12.0,Family Outstation,ARAFURA,Homelands Service Provider Report 2023,447,133.07465,,,,,12.0,Homelands Service Provider Report 2023,BushTel population
https://bushtel.nt.gov.au/profile/987,MILIBUNTHURRA,NORTHERN LAND COUNCIL,-15.96231,ROPER GULF,SOUTH WEST GULF,BIG RIVERS,987,Not recorded,MILLIBUNTHURRA,4.0,Family Outstation,BARKLY,Homelands Service Provider Report 2023,448,136.42333,,,,,4.0,Homelands Service Provider Report 2023,BushTel population
https://bushtel.nt.gov.au/profile/374,MILIKAPITI,TIWI LAND COUNCIL,-11.42167,TIWI ISLANDS,MILIKAPITI WARD,TOP END,374,Tiwi (Modern and Traditional),SNAKE BAY,486.0,Major,ARAFURA,Based on ABS 2021 Census SA1,449,130.67418,ILOC70400601,Milikapiti,414.0,390.0,486.0,Based on ABS 2021 Census SA1,BushTel population
https://bushtel.nt.gov.au/profile/531,MILINGIMBI,NORTHERN LAND COUNCIL,-12.1036,EAST ARNHEM,GUMURR GATTJIRRK,EAST ARNHEM,531,Yolngu Matha (Djambarrpuyngu),No aliases recorded with NTG DIPL,1288.0,Major,MULKA,Based on ABS 2021 Census SA1,450,134.9201,ILOC70600701,Milingimbi,1097.0,1025.0,1288.0,Based on ABS 2021 Census SA1,BushTel population
https://bushtel.nt.gov.au/profile/830,MILMILNGKAN,NORTHERN LAND COUNCIL,-12.52316,WEST ARNHEM,MANINGRIDA,TOP END,830,Not recorded,BURLNGANDI,27.0,Family Outstation,ARAFURA,Homelands Service Provider Report 2023,451,134.24731,,,,,27.0,Homelands Service Provider Report 2023,BushTel population
https://bushtel.nt.gov.au/profile/532,MILYAKBURRA,ANINDILYAKWA LAND COUNCIL,-13.78389,EAST ARNHEM,ANINDILYAKWA,EAST ARNHEM,532,Anindilyakwa,BICKERTON ISLAND,124.0,Major,ARNHEM,Based on ABS 2021 Census SA1,452,136.19583,,,,,124.0,Based on ABS 2021 Census SA1,BushTel population
https://bushtel.nt.gov.au/profile/724,MIMINA,NORTHERN LAND COUNCIL,-16.80211,ROPER GULF,SOUTH WEST GULF,BIG RIVERS,724,Not recorded,No aliases recorded with NTG DIPL,,Family Outstation,BARKLY,Not recorded,453,136.83428,,,,,,Unavailable,No population found
https://bushtel.nt.gov.au/profile/375,MINJILANG,NORTHERN LAND COUNCIL,-11.1507,WEST ARNHEM,BARRAH,TOP END,375,Iwaidja,CROKER ISLAND,311.0,Major,ARAFURA,Based on ABS 2021 Census SA1,454,132.5786,ILOC70400405,Minjilang,265.0,234.0,311.0,Based on ABS 2021 Census SA1,BushTel population
https://bushtel.nt.gov.au/profile/825,MINMARAMA PARK,NORTHERN LAND COUNCIL,-12.41118,DARWIN,CHAN,"DARWIN, PALMERSTON, LITCHFIELD",825,Not recorded,No aliases recorded with NTG DIPL,,Town Camp,FANNIE BAY,Not recorded,455,130.84918,ILOC70300304,Minmarama Park,535.0,145.0,535.0,ABS Census 2021 ILOC,ABS exact-name match - review recommended
https://bushtel.nt.gov.au/profile/624,MINYERRI,NORTHERN LAND COUNCIL,-15.2216,ROPER GULF,NEVER NEVER,BIG RIVERS,624,Eastside Kriol,"HODGSON DOWNS,MINIYERRE,MINYERE,MINYERI,MINYERRE",763.0,Major,ARNHEM,Based on ABS 2021 Census SA1,456,134.0821,ILOC70500402,Minyerri,650.0,603.0,763.0,Based on ABS 2021 Census SA1,BushTel population
https://bushtel.nt.gov.au/profile/745,MIRRIDI,CENTRAL LAND COUNCIL,-19.01873,CENTRAL DESERT,NORTHERN TANAMI,CENTRAL AUSTRALIA,745,Not recorded,MIRRIRDI,,Family Outstation,GWOJA,Not recorded,457,130.77884,,,,,,Unavailable,No population found
https://bushtel.nt.gov.au/profile/535,MIRRNATJA,NORTHERN LAND COUNCIL,-12.65779,EAST ARNHEM,GUMURR MIYARRKA,EAST ARNHEM,535,Not recorded,MIRRNGATJA,7.0,Family Outstation,ARNHEM,Homelands Service Provider Report 2023,458,135.19307,,,,,7.0,Homelands Service Provider Report 2023,BushTel population
https://bushtel.nt.gov.au/profile/626,MISTAKE CREEK,CENTRAL LAND COUNCIL,-17.10927,VICTORIA DALY,DAGURAGU,BIG RIVERS,626,Not recorded,MOONDABIJERRA,,Family Outstation,GWOJA,Not recorded,459,129.04319,,,,,,Unavailable,No population found
https://bushtel.nt.gov.au/profile/536,MIWUL,NORTHERN LAND COUNCIL,-14.03209,ROPER GULF,NUMBULWAR NUMBURINDI,BIG RIVERS,536,Not recorded,MIWAL,,Family Outstation,ARNHEM,Not recorded,460,135.91266,,,,,,Unavailable,No population found
https://bushtel.nt.gov.au/profile/827,MOBARN,NORTHERN LAND COUNCIL,-13.57939,ROPER GULF,NYIRRANGGULUNG,BIG RIVERS,827,Not recorded,"BLUE WATER,MORBON",,Family Outstation,ARNHEM,Not recorded,461,134.35499,,,,,,Unavailable,No population found
https://bushtel.nt.gov.au/profile/627,MOLE HILL,NORTHERN LAND COUNCIL,-14.87499,ROPER GULF,NEVER NEVER,BIG RIVERS,627,Not recorded,GOONDBUROON,2.0,Family Outstation,ARNHEM,Homelands Service Provider Report 2023,462,133.83303,,,,,2.0,Homelands Service Provider Report 2023,BushTel population
https://bushtel.nt.gov.au/profile/628,MOMOB,NORTHERN LAND COUNCIL,-13.35693,ROPER GULF,NYIRRANGGULUNG,BIG RIVERS,628,Not recorded,"BULMAN GORGE,MORMOB",,Family Outstation,ARNHEM,Not recorded,463,134.26915,,,,,,Unavailable,No population found
https://bushtel.nt.gov.au/profile/15203,MOOLOOLOO,NORTHERN LAND COUNCIL,-16.33559,VICTORIA DALY,WALANGERI,BIG RIVERS,15203,Not recorded,No aliases recorded with NTG DIPL,,Family Outstation,GWOJA,Not recorded,464,131.51505,,,,,,Unavailable,No population found
https://bushtel.nt.gov.au/profile/990,MOOLOOWA,NORTHERN LAND COUNCIL,-15.62411,ROPER GULF,SOUTH WEST GULF,BIG RIVERS,990,Not recorded,"CAPE VANDERLIN,MULUWA",5.0,Family Outstation,BARKLY,Homelands Service Provider Report 2023,465,137.00053,,,,,5.0,Homelands Service Provider Report 2023,BushTel population
https://bushtel.nt.gov.au/profile/501,MOORONGA,NORTHERN LAND COUNCIL,-11.92119,EAST ARNHEM,GUMURR GATTJIRRK,EAST ARNHEM,501,Not recorded,"GARANDJIRRNGURA,GARMALATJIRRINA,MOOROONGGA ISLAND,MOORUNGA ISLAND",13.0,Family Outstation,MULKA,Homelands Service Provider Report 2023,466,135.0749,,,,,13.0,Homelands Service Provider Report 2023,BushTel population
https://bushtel.nt.gov.au/profile/105,MORRIS GAP,CENTRAL LAND COUNCIL,-24.1307,MACDONNELL,IYARRKA,CENTRAL AUSTRALIA,105,Not recorded,No aliases recorded with NTG DIPL,,Family Outstation,GWOJA,Not recorded,467,131.4532,,,,,,Unavailable,No population found
https://bushtel.nt.gov.au/profile/106,MOTNAS,CENTRAL LAND COUNCIL,-23.94974,MACDONNELL,LJIRAPINTA,CENTRAL AUSTRALIA,106,Not recorded,MOTNA'S CAMP,3.0,Family Outstation,GWOJA,Homelands Service Provider Report 2023,468,132.76946,,,,,3.0,Homelands Service Provider Report 2023,BushTel population
https://bushtel.nt.gov.au/profile/109,MOUNT BARKLY,CENTRAL LAND COUNCIL,-21.61391,CENTRAL DESERT,SOUTHERN TANAMI,CENTRAL AUSTRALIA,109,Not recorded,"BAU,PAMU,PAWA,PAWU LAND TRUST",,Family Outstation,GWOJA,Not recorded,469,132.44114,,,,,,Unavailable,No population found
https://bushtel.nt.gov.au/profile/629,MOUNT CATT,NORTHERN LAND COUNCIL,-13.80018,ROPER GULF,NYIRRANGGULUNG,BIG RIVERS,629,Not recorded,BAMIRRAKURLU,12.0,Family Outstation,ARNHEM,Homelands Service Provider Report 2023,470,134.43241,,,,,12.0,Homelands Service Provider Report 2023,BushTel population
https://bushtel.nt.gov.au/profile/957,MOUNT JEAN,NORTHERN LAND COUNCIL,-13.53259,ROPER GULF,NYIRRANGGULUNG,BIG RIVERS,957,Not recorded,No aliases recorded with NTG DIPL,,Family Outstation,ARNHEM,Not recorded,471,134.17191,,,,,,Unavailable,No population found
https://bushtel.nt.gov.au/profile/112,MOUNT LIEBIG,CENTRAL LAND COUNCIL,-23.26605,MACDONNELL,LURITJA PINTUBI,CENTRAL AUSTRALIA,112,Luritja/Pintupi,"AMUNTURANGU,AMUNTURRUNGA,ANTURGUNU,MT LIEBIG,WATIYAWANU",282.0,Major,GWOJA,Based on ABS 2021 Census SA1,472,131.27319,,,,,282.0,Based on ABS 2021 Census SA1,BushTel population
https://bushtel.nt.gov.au/profile/113,MOUNT NANCY,CENTRAL LAND COUNCIL,-23.66751,ALICE SPRINGS,Not recorded,CENTRAL AUSTRALIA,113,Not recorded,NYEWENTE,,Town Camp,BRAITLING,Not recorded,473,133.87001,,,,,,Unavailable,No population found
https://bushtel.nt.gov.au/profile/790,MOUNT PEACHY,CENTRAL LAND COUNCIL,-24.39416,MACDONNELL,RODINGA,CENTRAL AUSTRALIA,790,Not recorded,"NO. 1 BORE,SYD KENNY'S CAMP",4.0,Family Outstation,NAMATJIRA,Homelands Service Provider Report 2023,474,133.87181,,,,,4.0,Homelands Service Provider Report 2023,BushTel population
https://bushtel.nt.gov.au/profile/875,MOUNT TWELLAR,CENTRAL LAND COUNCIL,-23.54198,MACDONNELL,RODINGA,CENTRAL AUSTRALIA,875,Not recorded,No aliases recorded with NTG DIPL,17.0,Family Outstation,NAMATJIRA,Homelands Service Provider Report 2023,475,133.62279,,,,,17.0,Homelands Service Provider Report 2023,BushTel population
https://bushtel.nt.gov.au/profile/108,MPWETYERRE,CENTRAL LAND COUNCIL,-23.71679,ALICE SPRINGS,Not recorded,CENTRAL AUSTRALIA,108,Not recorded,"ABBOTS CAMP,ABBOTTS CAMP,BP CAMP,MBUTJARA,MISSION BLOCK",,Town Camp,ARALUEN,Not recorded,476,133.87412,,,,,,Unavailable,No population found
https://bushtel.nt.gov.au/profile/855,MT EAGLEBEAK,CENTRAL LAND COUNCIL,-22.9564,CENTRAL DESERT,AKITYARRE,CENTRAL AUSTRALIA,855,Not recorded,No aliases recorded with NTG DIPL,24.0,Family Outstation,NAMATJIRA,Homelands Service Provider Report 2023,477,135.19891,,,,,24.0,Homelands Service Provider Report 2023,BushTel population
https://bushtel.nt.gov.au/profile/702,MT MAIYO,CENTRAL LAND COUNCIL,-17.69491,VICTORIA DALY,DAGURAGU,BIG RIVERS,702,Not recorded,MULLUYA,,Family Outstation,GWOJA,Not recorded,478,129.39755,,,,,,Unavailable,No population found
https://bushtel.nt.gov.au/profile/964,MU-GURTA,NORTHERN LAND COUNCIL,-12.25897,WEST ARNHEM,MANINGRIDA,TOP END,964,Not recorded,No aliases recorded with NTG DIPL,12.0,Family Outstation,ARAFURA,Homelands Service Provider Report 2023,479,134.50814,,,,,12.0,Homelands Service Provider Report 2023,BushTel population
https://bushtel.nt.gov.au/profile/1001,MUCKATY,NORTHERN LAND COUNCIL,-18.63932,BARKLY,KUWARRANGU,BARKLY,1001,Not recorded,MARNYWUNGU,,Family Outstation,BARKLY,Not recorded,480,133.8959,,,,,,Unavailable,No population found
https://bushtel.nt.gov.au/profile/380,MUDGINBERRI,NORTHERN LAND COUNCIL,-12.59772,WEST ARNHEM,KAKADU,TOP END,380,Not recorded,No aliases recorded with NTG DIPL,40.0,Family Outstation,ARAFURA,Homelands Service Provider Report 2023,481,132.87334,ILOC70400203,Mudginberri,21.0,21.0,40.0,Homelands Service Provider Report 2023,BushTel population
https://bushtel.nt.gov.au/profile/808,MUDHAMUL,NORTHERN LAND COUNCIL,-12.16089,EAST ARNHEM,GUMURR MARTHAKAL,EAST ARNHEM,808,Not recorded,"MARTHAKAL,MUTHAMAL",,Family Outstation,MULKA,Not recorded,482,136.17208,,,,,,Unavailable,No population found
https://bushtel.nt.gov.au/profile/118,MULGA BORE,CENTRAL LAND COUNCIL,-22.45139,CENTRAL DESERT,ANMATJERE,CENTRAL AUSTRALIA,118,Not recorded,"AKAYA,AKAYE,ATARTINGA,ATHATHENG",46.0,Family Outstation,BARKLY,Homelands Service Provider Report 2023,483,134.20944,,,,,46.0,Homelands Service Provider Report 2023,BushTel population
https://bushtel.nt.gov.au/profile/971,MULGGAN,NORTHERN LAND COUNCIL,-14.92004,ROPER GULF,NEVER NEVER,BIG RIVERS,971,Not recorded,"MATARANKA TOWN CAMP,MULGAN,MULGARN",,Town Camp,ARNHEM,Not recorded,484,133.0739,,,,,,Unavailable,No population found
https://bushtel.nt.gov.au/profile/538,MULGURRAM,NORTHERN LAND COUNCIL,-12.40196,EAST ARNHEM,BIRR RAWARRANG,EAST ARNHEM,538,Not recorded,"MANGU,MULGURRUM",,Family Outstation,MULKA,Not recorded,485,134.96085,,,,,,Unavailable,No population found
https://bushtel.nt.gov.au/profile/884,MULINGI,NORTHERN LAND COUNCIL,-13.92666,WEST DALY,THAMARRURR/PINDI PINDI,TOP END,884,Not recorded,"MT GREENWOOD,MULINGNE",8.0,Family Outstation,DALY,Homelands Service Provider Report 2023,486,129.95077,,,,,8.0,Homelands Service Provider Report 2023,BushTel population
https://bushtel.nt.gov.au/profile/382,MUMEKA,NORTHERN LAND COUNCIL,-12.36306,WEST ARNHEM,MANINGRIDA,TOP END,382,Not recorded,"MOMEKA,MORMEGA",,Family Outstation,ARAFURA,Not recorded,487,134.13579,,,,,,Unavailable,No population found
https://bushtel.nt.gov.au/profile/630,MUMPUMAMPU,NORTHERN LAND COUNCIL,-14.38418,ROPER GULF,YUGUL MANGI,BIG RIVERS,630,Not recorded,"MAMBUMAMBU,MIALURRA,MUMBA MUMBA,MUMBO MUMBO,MUMBU MUMBU",,Family Outstation,ARNHEM,Not recorded,488,135.32835,,,,,,Unavailable,No population found
https://bushtel.nt.gov.au/profile/801,MUMUKALA,NORTHERN LAND COUNCIL,-12.61137,WEST ARNHEM,KAKADU,TOP END,801,Not recorded,"MAMUKALA,MUMAKALA",10.0,Family Outstation,ARAFURA,Homelands Service Provider Report 2023,489,132.66648,,,,,10.0,Homelands Service Provider Report 2023,BushTel population
https://bushtel.nt.gov.au/profile/248,MUNGALAWURRU,CENTRAL LAND COUNCIL,-19.38253,BARKLY,PATTA,BARKLY,248,Not recorded,"MANGALAWARRA,MANGALAWU,MANGARLWURRA",15.0,Family Outstation,BARKLY,Homelands Service Provider Report 2023,490,133.59552,,,,,15.0,Homelands Service Provider Report 2023,BushTel population
https://bushtel.nt.gov.au/profile/244,MUNGKARTA,CENTRAL LAND COUNCIL,-20.33702,BARKLY,PATTA,BARKLY,244,Not recorded,"MCLAREN CREEK,MUNGARTA",55.0,Minor,BARKLY,Homelands Service Provider Report 2023,491,134.19843,,,,,55.0,Homelands Service Provider Report 2023,BushTel population
https://bushtel.nt.gov.au/profile/647,MUNGURRUPA,CENTRAL LAND COUNCIL,-20.58481,CENTRAL DESERT,NORTHERN TANAMI,CENTRAL AUSTRALIA,647,Not recorded,"MANGKURRUPA,MANGKURRURPA,MONGREL DOWNS,MUNGKURRUPA,TANAMI DOWNS",,Family Outstation,GWOJA,Not recorded,492,129.73313,,,,,,Unavailable,No population found
https://bushtel.nt.gov.au/profile/215,MUNJI-MARLA,CENTRAL LAND COUNCIL,-19.64765,BARKLY,PATTA,BARKLY,215,Not recorded,"BLUEBERRY HILL,MUNJI MALA",,Town Camp,BARKLY,Not recorded,493,134.18279,,,,,,Unavailable,No population found
https://bushtel.nt.gov.au/profile/249,MUNYALINI,NORTHERN LAND COUNCIL,-16.09259,ROPER GULF,SOUTH WEST GULF,BIG RIVERS,249,Not recorded,"CAMPBELL SPRINGS,MINYALLINI",44.0,Family Outstation,BARKLY,Homelands Service Provider Report 2023,494,136.18938,,,,,44.0,Homelands Service Provider Report 2023,BushTel population
https://bushtel.nt.gov.au/profile/977,MURGENELLA PLAINS,NORTHERN LAND COUNCIL,-11.71041,WEST ARNHEM,BARRAH,TOP END,977,Not recorded,ARRDUKBUKBUN,,Family Outstation,ARAFURA,Not recorded,495,132.91239,,,,,,Unavailable,No population found
https://bushtel.nt.gov.au/profile/858,MURRANJI,NORTHERN LAND COUNCIL,-16.83598,BARKLY,KUWARRANGU,BARKLY,858,Not recorded,No aliases recorded with NTG DIPL,4.0,Family Outstation,BARKLY,Homelands Service Provider Report 2023,496,132.8107,,,,,4.0,Homelands Service Provider Report 2023,BushTel population
https://bushtel.nt.gov.au/profile/688,MURTULKI,CENTRAL LAND COUNCIL,-19.91784,BARKLY,PATTA,BARKLY,688,Not recorded,MURTALKI,,Family Outstation,BARKLY,Not recorded,497,134.38936,,,,,,Unavailable,No population found
https://bushtel.nt.gov.au/profile/689,MURUN MURULA,NORTHERN LAND COUNCIL,-18.49908,BARKLY,KUWARRANGU,BARKLY,689,Not recorded,"MURAN MURULA,MURRA MURULA,MURRAMARULA,MURU MURULA,MURULMURULA",,Family Outstation,BARKLY,Not recorded,498,137.51754,,,,,,Unavailable,No population found
https://bushtel.nt.gov.au/profile/648,MURUNING,NORTHERN LAND COUNCIL,-15.67527,VICTORIA DALY,TIMBER CREEK,BIG RIVERS,648,Not recorded,"DARBY'S,MURINGUNG,MURRUNING,TIMBER CREEK",50.0,Family Outstation,DALY,Homelands Service Provider Report 2023,499,130.48457,,,,,50.0,Homelands Service Provider Report 2023,BushTel population
https://bushtel.nt.gov.au/profile/120,MUTITJULU,CENTRAL LAND COUNCIL,-25.3523,MACDONNELL,IYARRKA,CENTRAL AUSTRALIA,120,Pitjantjatjara,"AYERS ROCK,MUTITJULA",348.0,Major,GWOJA,Based on ABS 2021 Census SA1,500,131.0667,,,,,348.0,Based on ABS 2021 Census SA1,BushTel population
https://bushtel.nt.gov.au/profile/764,MUYIN,CENTRAL LAND COUNCIL,-23.15972,MACDONNELL,LURITJA PINTUBI,CENTRAL AUSTRALIA,764,Not recorded,"MOYEN,MUYINNGA",,Family Outstation,GWOJA,Not recorded,501,129.00489,,,,,,Unavailable,No population found
https://bushtel.nt.gov.au/profile/678,MYATT,NORTHERN LAND COUNCIL,-15.70656,VICTORIA DALY,TIMBER CREEK,BIG RIVERS,678,Not recorded,"5 MILE,FIVE MILE,GULARDI,JERRY'S",12.0,Family Outstation,DALY,Homelands Service Provider Report 2023,502,130.48335,,,,,12.0,Homelands Service Provider Report 2023,BushTel population
https://bushtel.nt.gov.au/profile/395,NABARLEK,NORTHERN LAND COUNCIL,-12.30829,WEST ARNHEM,GUNBALANYA,TOP END,395,Not recorded,NARBALEK,,Family Outstation,ARAFURA,Not recorded,503,133.29216,,,,,,Unavailable,No population found
https://bushtel.nt.gov.au/profile/887,NABBARLA KUNINDABBA,NORTHERN LAND COUNCIL,-12.06125,WEST ARNHEM,MANINGRIDA,TOP END,887,Not recorded,"NAQARLA,ROCKY POINT",,Family Outstation,ARAFURA,Not recorded,504,134.40225,,,,,,Unavailable,No population found
https://bushtel.nt.gov.au/profile/886,NADILMUK,NORTHERN LAND COUNCIL,-11.99384,WEST ARNHEM,MANINGRIDA,TOP END,886,Not recorded,NDJUDDA POINT,5.0,Family Outstation,ARAFURA,Homelands Service Provider Report 2023,505,134.29454,,,,,5.0,Homelands Service Provider Report 2023,BushTel population
https://bushtel.nt.gov.au/profile/396,NADIRRI,NORTHERN LAND COUNCIL,-13.95376,WEST DALY,THAMARRURR/PINDI PINDI,TOP END,396,Not recorded,"NARDIDI,NARDIRRI",,Family Outstation,DALY,Not recorded,506,129.76657,,,,,,Unavailable,No population found
https://bushtel.nt.gov.au/profile/541,NALIYINDI,NORTHERN LAND COUNCIL,-12.54196,EAST ARNHEM,GUMURR MIYARRKA,EAST ARNHEM,541,Not recorded,"NALIYINJI,NALYINDI,NAYAWILI,NGLIYINDI",,Family Outstation,ARNHEM,Not recorded,507,135.17863,,,,,,Unavailable,No population found
https://bushtel.nt.gov.au/profile/1026,NAMA,NORTHERN LAND COUNCIL,-14.22945,WEST DALY,THAMARRURR/PINDI PINDI,TOP END,1026,Not recorded,WUDIPULINAMA,28.0,Family Outstation,DALY,Homelands Service Provider Report 2023,508,129.85879,,,,,28.0,Homelands Service Provider Report 2023,BushTel population
https://bushtel.nt.gov.au/profile/906,NAMERINNI,NORTHERN LAND COUNCIL,-18.56818,BARKLY,KUWARRANGU,BARKLY,906,Not recorded,TOMKINSON CREEK,,Family Outstation,BARKLY,Not recorded,509,133.71549,,,,,,Unavailable,No population found
https://bushtel.nt.gov.au/profile/389,NAMUGARDABU,NORTHERN LAND COUNCIL,-12.15779,WEST ARNHEM,GUNBALANYA,TOP END,389,Not recorded,"NAMAGARDABU,NAMAGARRARBU,NAMURGARDABU",,Family Outstation,ARAFURA,Not recorded,510,134.02473,,,,,,Unavailable,No population found
https://bushtel.nt.gov.au/profile/392,NANGAK,NORTHERN LAND COUNCIL,-12.21148,WEST ARNHEM,MANINGRIDA,TOP END,392,Not recorded,NANGARK,14.0,Family Outstation,ARAFURA,Homelands Service Provider Report 2023,511,134.28387,,,,,14.0,Homelands Service Provider Report 2023,BushTel population
https://bushtel.nt.gov.au/profile/393,NANGU,NORTHERN LAND COUNCIL,-14.37314,WEST DALY,THAMARRURR/PINDI PINDI,TOP END,393,Not recorded,POINT PEARCE,,Family Outstation,DALY,Not recorded,512,129.37335,,,,,,Unavailable,No population found
https://bushtel.nt.gov.au/profile/543,NANYINGBURRA,NORTHERN LAND COUNCIL,-11.76057,EAST ARNHEM,GUMURR MARTHAKAL,EAST ARNHEM,543,Not recorded,"NANGABURA,NANGINGBURRA,NANGINYBURRA,NANINGBURA POINT",7.0,Family Outstation,MULKA,Homelands Service Provider Report 2023,513,135.87365,,,,,7.0,Homelands Service Provider Report 2023,BushTel population
https://bushtel.nt.gov.au/profile/974,NAPAGUNPA,CENTRAL LAND COUNCIL,-19.10426,BARKLY,PATTA,BARKLY,974,Not recorded,NGAPAGUNPA,,Family Outstation,BARKLY,Not recorded,514,133.61851,,,,,,Unavailable,No population found
https://bushtel.nt.gov.au/profile/873,NATJITNAMA,CENTRAL LAND COUNCIL,-24.02113,MACDONNELL,LJIRAPINTA,CENTRAL AUSTRALIA,873,Not recorded,No aliases recorded with NTG DIPL,,Family Outstation,GWOJA,Not recorded,515,132.98113,,,,,,Unavailable,No population found
https://bushtel.nt.gov.au/profile/397,NAUIYU,NORTHERN LAND COUNCIL,-13.75054,VICTORIA DALY,MILNGIN,TOP END,397,Kriol,"DALY RIVER,NAMIYU,NAUIYU NAMBIYI,NAUIYU NAMBIYU",411.0,Major,DALY,Based on ABS 2021 Census SA1,516,130.68893,,,,,411.0,Based on ABS 2021 Census SA1,BushTel population
https://bushtel.nt.gov.au/profile/341,NDJUDDA,NORTHERN LAND COUNCIL,-11.98809,WEST ARNHEM,MANINGRIDA,TOP END,341,Not recorded,"NDJUDDA POINT,NJUDDA,NJUDDA POINT",,Family Outstation,ARAFURA,Not recorded,517,134.24773,,,,,,Unavailable,No population found
https://bushtel.nt.gov.au/profile/716,NEMARLUK,NORTHERN LAND COUNCIL,-14.24122,WEST DALY,THAMARRURR/PINDI PINDI,TOP END,716,Not recorded,No aliases recorded with NTG DIPL,24.0,Family Outstation,DALY,Homelands Service Provider Report 2023,518,130.00325,,,,,24.0,Homelands Service Provider Report 2023,BushTel population
https://bushtel.nt.gov.au/profile/121,NEW BORE,CENTRAL LAND COUNCIL,-23.22172,MACDONNELL,LURITJA PINTUBI,CENTRAL AUSTRALIA,121,Not recorded,WADIYAWANU,9.0,Family Outstation,GWOJA,Homelands Service Provider Report 2023,519,131.32769,,,,,9.0,Homelands Service Provider Report 2023,BushTel population
https://bushtel.nt.gov.au/profile/47,NEW ILPARPA,CENTRAL LAND COUNCIL,-23.76576,ALICE SPRINGS,Not recorded,CENTRAL AUSTRALIA,47,Not recorded,"ALICE SPRINGS TOWN CAMP,ILPARPA",,Town Camp,NAMATJIRA,Not recorded,520,133.87068,,,,,,Unavailable,No population found
https://bushtel.nt.gov.au/profile/21684,NEWCASTLE WATERS,NORTHERN LAND COUNCIL,-17.3718,BARKLY,KUWARRANGU,BARKLY,21684,Not recorded,No aliases recorded with NTG DIPL,,Village,BARKLY,Not recorded,521,133.4103,,,,,,Unavailable,No population found
https://bushtel.nt.gov.au/profile/545,NGADUMIYERRKA,ANINDILYAKWA LAND COUNCIL,-13.82001,EAST ARNHEM,ANINDILYAKWA,EAST ARNHEM,545,Not recorded,"LITTLE PARADISE,NGADUMI TERRN",27.0,Family Outstation,ARNHEM,Homelands Service Provider Report 2023,522,136.4564,,,,,27.0,Homelands Service Provider Report 2023,BushTel population
https://bushtel.nt.gov.au/profile/246,NGALPA NGALPA,CENTRAL LAND COUNCIL,-19.63529,BARKLY,PATTA,BARKLY,246,Not recorded,MULGA CAMP,,Town Camp,BARKLY,Not recorded,523,134.19363,,,,,,Unavailable,No population found
https://bushtel.nt.gov.au/profile/542,NGANGALALA,NORTHERN LAND COUNCIL,-12.29835,EAST ARNHEM,BIRR RAWARRANG,EAST ARNHEM,542,Not recorded,"NANGALA,NANGALALA",44.0,Minor,MULKA,Homelands Service Provider Report 2023,524,134.99224,,,,,44.0,Homelands Service Provider Report 2023,BushTel population
https://bushtel.nt.gov.au/profile/16207,NGANGURR,CENTRAL LAND COUNCIL,-25.22205,MACDONNELL,IYARRKA,CENTRAL AUSTRALIA,16207,Not recorded,No aliases recorded with NTG DIPL,,Family Outstation,GWOJA,Not recorded,525,129.9158,,,,,,Unavailable,No population found
https://bushtel.nt.gov.au/profile/765,NGANKIRITJA,CENTRAL LAND COUNCIL,-23.46459,MACDONNELL,LURITJA PINTUBI,CENTRAL AUSTRALIA,765,Not recorded,NGANRRITJA,10.0,Family Outstation,GWOJA,Homelands Service Provider Report 2023,526,131.87969,,,,,10.0,Homelands Service Provider Report 2023,BushTel population
https://bushtel.nt.gov.au/profile/404,NGANMARRIYANGA,NORTHERN LAND COUNCIL,-14.35111,WEST DALY,NGANMARRIYANGA,TOP END,404,Murrinh Patha,PALUMPA,427.0,Major,DALY,Based on ABS 2021 Census SA1,527,129.87889,,,,,427.0,Based on ABS 2021 Census SA1,BushTel population
https://bushtel.nt.gov.au/profile/731,NGAPPAMILARNU,CENTRAL LAND COUNCIL,-19.86188,BARKLY,ALYAWARR,BARKLY,731,Not recorded,"MANGALAURNA,NGAPAMILARNU,NGAPPAMILARWU,PAWARINJI,YANKIRIKILANGU,YANKIRRAKALONG",,Family Outstation,BARKLY,Not recorded,528,133.27846,,,,,,Unavailable,No population found
https://bushtel.nt.gov.au/profile/430,NGARDINITCHI,NORTHERN LAND COUNCIL,-14.19288,WEST DALY,THAMARRURR/PINDI PINDI,TOP END,430,Not recorded,"NGARDINITH,WENTEK,WENTES NGANAMI WENTEK",,Family Outstation,DALY,Not recorded,529,129.48431,,,,,,Unavailable,No population found
https://bushtel.nt.gov.au/profile/796,YAMINYI,NORTHERN LAND COUNCIL,-12.79026,WEST ARNHEM,MANINGRIDA,TOP END,796,Not recorded,YAMINI,,Family Outstation,ARAFURA,Not recorded,762,134.35699,,,,,,Unavailable,No population found
https://bushtel.nt.gov.au/profile/23746,NGARILIKIRLANGU,CENTRAL LAND COUNCIL,-22.1251,CENTRAL DESERT,SOUTHERN TANAMI,CENTRAL AUSTRALIA,23746,Not recorded,No aliases recorded with NTG DIPL,,Family Outstation,GWOJA,Not recorded,530,131.7727,,,,,,Unavailable,No population found
https://bushtel.nt.gov.au/profile/913,NGARINTHI,NORTHERN LAND COUNCIL,-14.46204,WEST DALY,THAMARRURR/PINDI PINDI,TOP END,913,Not recorded,WUMARR,,Family Outstation,DALY,Not recorded,531,129.42257,,,,,,Unavailable,No population found
https://bushtel.nt.gov.au/profile/969,NGARLU NGARLU,NORTHERN LAND COUNCIL,-11.86629,WEST ARNHEM,BARRAH,TOP END,969,Not recorded,KING RIVER,,Family Outstation,ARAFURA,Not recorded,532,133.40906,,,,,,Unavailable,No population found
https://bushtel.nt.gov.au/profile/869,NGARNKA,CENTRAL LAND COUNCIL,-20.17566,CENTRAL DESERT,NORTHERN TANAMI,CENTRAL AUSTRALIA,869,Not recorded,BLUE BUSH,,Family Outstation,GWOJA,Not recorded,533,129.90876,,,,,,Unavailable,No population found
https://bushtel.nt.gov.au/profile/544,NGAYAWILLI,NORTHERN LAND COUNCIL,-11.9943,EAST ARNHEM,GUMURR MARTHAKAL,EAST ARNHEM,544,Not recorded,"FIRST CREEK,NAYAWILLI",8.0,Family Outstation,MULKA,Homelands Service Provider Report 2023,534,135.5745,,,,,8.0,Homelands Service Provider Report 2023,BushTel population
https://bushtel.nt.gov.au/profile/546,NGILIPITJI,NORTHERN LAND COUNCIL,-13.54468,EAST ARNHEM,GUMURR MIYARRKA,EAST ARNHEM,546,Not recorded,NGULIPITJI,,Family Outstation,ARNHEM,Not recorded,535,135.52562,,,,,,Unavailable,No population found
https://bushtel.nt.gov.au/profile/802,NGIPIN,NORTHERN LAND COUNCIL,-11.60003,WEST ARNHEM,BARRAH,TOP END,802,Not recorded,"NGIJBIN,NGIJIPIN,SOUTH GOULBURN",,Family Outstation,ARAFURA,Not recorded,536,133.45832,,,,,,Unavailable,No population found
https://bushtel.nt.gov.au/profile/126,NGKWARLERLANEM,CENTRAL LAND COUNCIL,-21.72741,BARKLY,ALYAWARR,BARKLY,126,Not recorded,"NGKWARLALANIMA,NGWALALANIMA",,Family Outstation,BARKLY,Not recorded,537,134.79113,,,,,,Unavailable,No population found
https://bushtel.nt.gov.au/profile/633,NGUKURR,NORTHERN LAND COUNCIL,-14.7317,ROPER GULF,YUGUL MANGI,BIG RIVERS,633,Eastside Kriol,ROPER RIVER,1277.0,Major,ARNHEM,Based on ABS 2021 Census SA1,538,134.7321,ILOC70500701,Ngukurr,1088.0,1003.0,1277.0,Based on ABS 2021 Census SA1,BushTel population
https://bushtel.nt.gov.au/profile/125,NGUMAN,CENTRAL LAND COUNCIL,-23.54158,MACDONNELL,LURITJA PINTUBI,CENTRAL AUSTRALIA,125,Not recorded,"NEUMAN,NEUNMAN,NGUNMAN,NUGLUMAN",,Family Outstation,GWOJA,Not recorded,539,129.75638,,,,,,Unavailable,No population found
https://bushtel.nt.gov.au/profile/24900,NGUNGA,CENTRAL LAND COUNCIL,-23.26484,MACDONNELL,LURITJA PINTUBI,CENTRAL AUSTRALIA,24900,Not recorded,No aliases recorded with NTG DIPL,5.0,Family Outstation,GWOJA,Homelands Service Provider Report 2023,540,131.2545,,,,,5.0,Homelands Service Provider Report 2023,BushTel population
https://bushtel.nt.gov.au/profile/915,NGUNTHAK,NORTHERN LAND COUNCIL,-14.40445,WEST DALY,THAMARRURR/PINDI PINDI,TOP END,915,Not recorded,No aliases recorded with NTG DIPL,,Family Outstation,DALY,Not recorded,541,129.36183,,,,,,Unavailable,No population found
https://bushtel.nt.gov.au/profile/907,NGURRARA,NORTHERN LAND COUNCIL,-19.42135,BARKLY,KUWARRANGU,BARKLY,907,Not recorded,"FREWENA,WOLLALA",10.0,Family Outstation,BARKLY,Homelands Service Provider Report 2023,542,135.40553,,,,,10.0,Homelands Service Provider Report 2023,BushTel population
https://bushtel.nt.gov.au/profile/16217,NGURRUTIJI,CENTRAL LAND COUNCIL,-20.1167,BARKLY,PATTA,BARKLY,16217,Not recorded,No aliases recorded with NTG DIPL,,Family Outstation,BARKLY,Not recorded,543,134.5167,,,,,,Unavailable,No population found
https://bushtel.nt.gov.au/profile/763,NGUTJUL,CENTRAL LAND COUNCIL,-23.29677,MACDONNELL,LURITJA PINTUBI,CENTRAL AUSTRALIA,763,Not recorded,No aliases recorded with NTG DIPL,,Family Outstation,GWOJA,Not recorded,544,129.46752,,,,,,Unavailable,No population found
https://bushtel.nt.gov.au/profile/839,NGUYARRAMINI,CENTRAL LAND COUNCIL,-20.08713,BARKLY,PATTA,BARKLY,839,Not recorded,WAIRAMINNEE,25.0,Family Outstation,BARKLY,Homelands Service Provider Report 2023,545,134.38577,,,,,25.0,Homelands Service Provider Report 2023,BushTel population
https://bushtel.nt.gov.au/profile/16222,NHULUNBUY,NORTHERN LAND COUNCIL,-12.187,UN-INCORPORATED (NHULUNBUY),Not recorded,EAST ARNHEM,16222,Not recorded,No aliases recorded with NTG DIPL,,Town,MULKA,Not recorded,546,136.7763,ILOC70600502,Nhulunbuy,3362.0,371.0,3362.0,ABS Census 2021 ILOC,ABS exact-name match - review recommended
https://bushtel.nt.gov.au/profile/547,NIKAWU,NORTHERN LAND COUNCIL,-12.08962,EAST ARNHEM,GUMURR MARTHAKAL,EAST ARNHEM,547,Not recorded,"HOWARD ISLAND,NIKAWUNGYURA",,Family Outstation,MULKA,Not recorded,547,135.54545,,,,,,Unavailable,No population found
https://bushtel.nt.gov.au/profile/639,NITJPURRU,NORTHERN LAND COUNCIL,-16.81412,VICTORIA DALY,WALANGERI,BIG RIVERS,639,Gurindji / Ngarinyman,BUNBIDEE,142.0,Minor,GWOJA,Based on ABS 2021 Census SA1,548,131.22037,,,,,142.0,Based on ABS 2021 Census SA1,BushTel population
https://bushtel.nt.gov.au/profile/814,NORTH ISLAND,NORTHERN LAND COUNCIL,-15.56294,ROPER GULF,SOUTH WEST GULF,BIG RIVERS,814,Not recorded,"BARRANYI,WEBE POINT",,Family Outstation,BARKLY,Not recorded,549,136.84527,,,,,,Unavailable,No population found
https://bushtel.nt.gov.au/profile/770,NTAKARRA,CENTRAL LAND COUNCIL,-23.89501,MACDONNELL,LJIRAPINTA,CENTRAL AUSTRALIA,770,Not recorded,No aliases recorded with NTG DIPL,4.0,Family Outstation,GWOJA,Homelands Service Provider Report 2023,550,132.68001,,,,,4.0,Homelands Service Provider Report 2023,BushTel population
https://bushtel.nt.gov.au/profile/127,NTURIYA,CENTRAL LAND COUNCIL,-22.12379,CENTRAL DESERT,ANMATJERE,CENTRAL AUSTRALIA,127,Anmatyerr,"TI TREE,TI TREE STATION",77.0,Major,BARKLY,Based on ABS 2021 Census SA1,551,133.26529,ILOC70900304,Nturiya,66.0,66.0,77.0,Based on ABS 2021 Census SA1,BushTel population
https://bushtel.nt.gov.au/profile/251,NUDJABARRA,NORTHERN LAND COUNCIL,-17.97998,BARKLY,KUWARRANGU,BARKLY,251,Not recorded,"NAJABARRA,NICHOLSON RIVER,NUDGABURRA,NUDGEBURRA",,Family Outstation,BARKLY,Not recorded,552,137.96944,,,,,,Unavailable,No population found
https://bushtel.nt.gov.au/profile/632,NULAWAN,NORTHERN LAND COUNCIL,-14.78729,ROPER GULF,YUGUL MANGI,BIG RIVERS,632,Not recorded,"NALAWAN,NALLAWAN,NALLAWUN,NALLOWA",4.0,Family Outstation,ARNHEM,Homelands Service Provider Report 2023,553,134.93128,,,,,4.0,Homelands Service Provider Report 2023,BushTel population
https://bushtel.nt.gov.au/profile/549,NUMBULWAR,NORTHERN LAND COUNCIL,-14.2791,ROPER GULF,NUMBULWAR NUMBURINDI,BIG RIVERS,549,Eastside Kriol,ROSE RIVER,799.0,Major,ARNHEM,Based on ABS 2021 Census SA1,554,135.7406,,,,,799.0,Based on ABS 2021 Census SA1,BushTel population
https://bushtel.nt.gov.au/profile/635,NUMMERLOORI,NORTHERN LAND COUNCIL,-14.59159,ROPER GULF,YUGUL MANGI,BIG RIVERS,635,Not recorded,"NAMALIWIRRI,NAMALURI",,Family Outstation,ARNHEM,Not recorded,555,134.97727,,,,,,Unavailable,No population found
https://bushtel.nt.gov.au/profile/253,NURADIDGEE,CENTRAL LAND COUNCIL,-20.11437,BARKLY,PATTA,BARKLY,253,Not recorded,"NGURADIDGEE,NGURAMINYI,NGUYARRMINI,NURADIGEE",,Family Outstation,BARKLY,Not recorded,556,134.50849,,,,,,Unavailable,No population found
https://bushtel.nt.gov.au/profile/129,NYEWENTE,CENTRAL LAND COUNCIL,-23.68779,ALICE SPRINGS,Not recorded,CENTRAL AUSTRALIA,129,Not recorded,"NYWENTE,OOTHNARANGATCHA,TRUCKING YARDS",,Town Camp,BRAITLING,Not recorded,557,133.86285,,,,,,Unavailable,No population found
https://bushtel.nt.gov.au/profile/128,NYIRRIPI,CENTRAL LAND COUNCIL,-22.6505,CENTRAL DESERT,SOUTHERN TANAMI,CENTRAL AUSTRALIA,128,Warlpiri,WAITE CREEK,295.0,Major,GWOJA,Based on ABS 2021 Census SA1,558,130.5532,ILOC70901001,Nyirripi,251.0,232.0,295.0,Based on ABS 2021 Census SA1,BushTel population
https://bushtel.nt.gov.au/profile/789,OAK VALLEY,CENTRAL LAND COUNCIL,-24.38498,MACDONNELL,RODINGA,CENTRAL AUSTRALIA,789,Not recorded,ROBERT ROSS CAMP,4.0,Family Outstation,NAMATJIRA,Homelands Service Provider Report 2023,559,133.93218,,,,,4.0,Homelands Service Provider Report 2023,BushTel population
https://bushtel.nt.gov.au/profile/914,OLD MISSION,NORTHERN LAND COUNCIL,-14.12918,WEST DALY,THAMARRURR/PINDI PINDI,TOP END,914,Not recorded,WUNDAKUNNY,20.0,Family Outstation,DALY,Homelands Service Provider Report 2023,560,129.49807,,,,,20.0,Homelands Service Provider Report 2023,BushTel population
https://bushtel.nt.gov.au/profile/100,OLD STATION,CENTRAL LAND COUNCIL,-24.01911,MACDONNELL,LJIRAPINTA,CENTRAL AUSTRALIA,100,Not recorded,"MBAKUPUTA,MPAKAPUTA,PMAKAPUTA",2.0,Family Outstation,GWOJA,Homelands Service Provider Report 2023,561,132.86345,,,,,2.0,Homelands Service Provider Report 2023,BushTel population
https://bushtel.nt.gov.au/profile/878,OONDALOO,CENTRAL LAND COUNCIL,-24.88715,MACDONNELL,IYARRKA,CENTRAL AUSTRALIA,878,Not recorded,No aliases recorded with NTG DIPL,,Family Outstation,GWOJA,Not recorded,562,129.06454,,,,,,Unavailable,No population found
https://bushtel.nt.gov.au/profile/26,ORRTIPA-THURRA,CENTRAL LAND COUNCIL,-22.78458,CENTRAL DESERT,AKITYARRE,CENTRAL AUSTRALIA,26,Not recorded,"BAIKAL,BONYA,DORTIPPA-THURRA ASSOC,ORRTIPA THURRA,ORTIPETHERRE,ORTIPPA THURA",62.0,Minor,NAMATJIRA,Homelands Service Provider Report 2023,563,136.16829,,,,,62.0,Homelands Service Provider Report 2023,BushTel population
https://bushtel.nt.gov.au/profile/975,PAKULKI,CENTRAL LAND COUNCIL,-19.50438,BARKLY,PATTA,BARKLY,975,Not recorded,No aliases recorded with NTG DIPL,6.0,Family Outstation,BARKLY,Homelands Service Provider Report 2023,564,134.41846,,,,,6.0,Homelands Service Provider Report 2023,BushTel population
https://bushtel.nt.gov.au/profile/773,PALM PADDOCK,CENTRAL LAND COUNCIL,-24.08534,MACDONNELL,LJIRAPINTA,CENTRAL AUSTRALIA,773,Not recorded,"INTIYA MANGAMA,INTIYAMANGAMA,INTYAMANGAMA,PALM VALLEY",4.0,Family Outstation,GWOJA,Homelands Service Provider Report 2023,565,132.68126,,,,,4.0,Homelands Service Provider Report 2023,BushTel population
https://bushtel.nt.gov.au/profile/17470,PALMERSTON,NORTHERN LAND COUNCIL,-12.4808,PALMERSTON,Not recorded,"DARWIN, PALMERSTON, LITCHFIELD",17470,Not recorded,No aliases recorded with NTG DIPL,,Town,DRYSDALE,Not recorded,566,130.9841,,,,,,Unavailable,No population found
https://bushtel.nt.gov.au/profile/403,PALMERSTON INDIGENOUS VILLAGE,NORTHERN LAND COUNCIL,-12.4881,PALMERSTON,Not recorded,"DARWIN, PALMERSTON, LITCHFIELD",403,Not recorded,"16 MILE,PALMERSTON TOWN CAMP",,Town Camp,NELSON,Not recorded,567,131.01168,ILOC70301306,Palmerston Indigenous Village,65.0,66.0,65.0,ABS Census 2021 ILOC,ABS exact-name match - review recommended
https://bushtel.nt.gov.au/profile/369,PANDAYAL,NORTHERN LAND COUNCIL,-13.07478,UN-INCORPORATED (COX-DALY),Not recorded,TOP END,369,Not recorded,"MCCALLUM CREEK,MCCULLUM,TWIN HILL,TWO SISTERS HILLS",8.0,Family Outstation,DALY,Homelands Service Provider Report 2023,568,130.55589,,,,,8.0,Homelands Service Provider Report 2023,BushTel population
https://bushtel.nt.gov.au/profile/997,PANTHARRPILENHE,CENTRAL LAND COUNCIL,-23.37058,CENTRAL DESERT,AKITYARRE,CENTRAL AUSTRALIA,997,Not recorded,"AMBALINDUM,PANEL WELL",4.0,Family Outstation,NAMATJIRA,Homelands Service Provider Report 2023,569,134.78921,,,,,4.0,Homelands Service Provider Report 2023,BushTel population
https://bushtel.nt.gov.au/profile/854,PANTYINTEME,CENTRAL LAND COUNCIL,-24.45011,MACDONNELL,LJIRAPINTA,CENTRAL AUSTRALIA,854,Not recorded,CAVE HOLE,12.0,Family Outstation,GWOJA,Homelands Service Provider Report 2023,570,133.11207,,,,,12.0,Homelands Service Provider Report 2023,BushTel population
https://bushtel.nt.gov.au/profile/405,PAPANGALA,NORTHERN LAND COUNCIL,-14.30762,WEST DALY,THAMARRURR/PINDI PINDI,TOP END,405,Not recorded,"MULCHILL,PERREDERR",12.0,Family Outstation,DALY,Homelands Service Provider Report 2023,571,130.02548,,,,,12.0,Homelands Service Provider Report 2023,BushTel population
https://bushtel.nt.gov.au/profile/131,PAPUNYA,CENTRAL LAND COUNCIL,-23.20306,MACDONNELL,LURITJA PINTUBI,CENTRAL AUSTRALIA,131,Luritja/Pintupi,No aliases recorded with NTG DIPL,514.0,Major,GWOJA,Based on ABS 2021 Census SA1,572,131.9111,ILOC70901101,Papunya,438.0,389.0,514.0,Based on ABS 2021 Census SA1,BushTel population
https://bushtel.nt.gov.au/profile/281,PARADISE FARM,NORTHERN LAND COUNCIL,-12.9391,WEST ARNHEM,KAKADU,TOP END,281,Not recorded,"ALDERSON,ALDERSON STATION,JIM JIM PARK HQ,JIM JIM RANGER STATION",12.0,Family Outstation,ARAFURA,Homelands Service Provider Report 2023,573,132.53271,,,,,12.0,Homelands Service Provider Report 2023,BushTel population
https://bushtel.nt.gov.au/profile/638,PARNTA,CENTRAL LAND COUNCIL,-18.68438,CENTRAL DESERT,NORTHERN TANAMI,BIG RIVERS,638,Not recorded,WINNECKE,,Family Outstation,GWOJA,Not recorded,574,130.65104,,,,,,Unavailable,No population found
https://bushtel.nt.gov.au/profile/40,PARRULYU,CENTRAL LAND COUNCIL,-20.45276,CENTRAL DESERT,NORTHERN TANAMI,CENTRAL AUSTRALIA,40,Not recorded,"MT DAVIDSON,YARRIPIRRI",,Family Outstation,GWOJA,Not recorded,575,130.90912,,,,,,Unavailable,No population found
https://bushtel.nt.gov.au/profile/407,PARU,TIWI LAND COUNCIL,-11.74982,TIWI ISLANDS,PIRLANGIMPI WARD,TOP END,407,Not recorded,No aliases recorded with NTG DIPL,3.0,Family Outstation,ARAFURA,Homelands Service Provider Report 2023,576,130.64642,,,,,3.0,Homelands Service Provider Report 2023,BushTel population
https://bushtel.nt.gov.au/profile/409,PATONGA (AIRSTRIP),NORTHERN LAND COUNCIL,-12.94826,WEST ARNHEM,KAKADU,TOP END,409,Not recorded,MURDUJUL,15.0,Family Outstation,ARAFURA,Homelands Service Provider Report 2023,577,132.56901,,,,,15.0,Homelands Service Provider Report 2023,BushTel population
https://bushtel.nt.gov.au/profile/900,PATONGA (HOMESTEAD),NORTHERN LAND COUNCIL,-12.95803,WEST ARNHEM,KAKADU,TOP END,900,Not recorded,No aliases recorded with NTG DIPL,10.0,Family Outstation,ARAFURA,Homelands Service Provider Report 2023,578,132.58047,,,,,10.0,Homelands Service Provider Report 2023,BushTel population
https://bushtel.nt.gov.au/profile/926,PAYEPERRENTYE (B),CENTRAL LAND COUNCIL,-23.77074,MACDONNELL,RODINGA,CENTRAL AUSTRALIA,926,Not recorded,No aliases recorded with NTG DIPL,4.0,Family Outstation,NAMATJIRA,Homelands Service Provider Report 2023,579,133.55621,,,,,4.0,Homelands Service Provider Report 2023,BushTel population
https://bushtel.nt.gov.au/profile/1014,PENYEME,CENTRAL LAND COUNCIL,-22.78725,CENTRAL DESERT,AKITYARRE,CENTRAL AUSTRALIA,1014,Not recorded,No aliases recorded with NTG DIPL,,Family Outstation,NAMATJIRA,Not recorded,580,135.67273,,,,,,Unavailable,No population found
https://bushtel.nt.gov.au/profile/410,PEPPIMENARTI,NORTHERN LAND COUNCIL,-14.1503,WEST DALY,TYEMIRRI,TOP END,410,Ngan'gikurunggurr,No aliases recorded with NTG DIPL,223.0,Major,DALY,Based on ABS 2021 Census SA1,581,130.0763,ILOC70400105,Peppimenarti,190.0,171.0,223.0,Based on ABS 2021 Census SA1,BushTel population
https://bushtel.nt.gov.au/profile/406,PERREDERR,NORTHERN LAND COUNCIL,-14.01963,WEST DALY,THAMARRURR/PINDI PINDI,TOP END,406,Not recorded,"MULCHILL,PARADALE",61.0,Family Outstation,DALY,Homelands Service Provider Report 2023,582,129.82661,,,,,61.0,Homelands Service Provider Report 2023,BushTel population
https://bushtel.nt.gov.au/profile/859,PERTARRATENGE,CENTRAL LAND COUNCIL,-24.41326,MACDONNELL,LJIRAPINTA,CENTRAL AUSTRALIA,859,Not recorded,BOOMERANG BORE,24.0,Family Outstation,GWOJA,Homelands Service Provider Report 2023,583,133.31956,,,,,24.0,Homelands Service Provider Report 2023,BushTel population
https://bushtel.nt.gov.au/profile/927,PERTE THERRE,CENTRAL LAND COUNCIL,-23.75818,MACDONNELL,RODINGA,CENTRAL AUSTRALIA,927,Not recorded,No aliases recorded with NTG DIPL,17.0,Family Outstation,NAMATJIRA,Homelands Service Provider Report 2023,584,133.64573,,,,,17.0,Homelands Service Provider Report 2023,BushTel population
https://bushtel.nt.gov.au/profile/860,PETYALE,CENTRAL LAND COUNCIL,-21.99972,CENTRAL DESERT,ANMATJERE,CENTRAL AUSTRALIA,860,Not recorded,No aliases recorded with NTG DIPL,3.0,Family Outstation,BARKLY,Homelands Service Provider Report 2023,585,133.43363,,,,,3.0,Homelands Service Provider Report 2023,BushTel population
https://bushtel.nt.gov.au/profile/133,PHILLIPSON BORE,CENTRAL LAND COUNCIL,-24.09593,MACDONNELL,RODINGA,CENTRAL AUSTRALIA,133,Not recorded,PHILIPSON BORE,6.0,Family Outstation,NAMATJIRA,Homelands Service Provider Report 2023,586,134.43038,,,,,6.0,Homelands Service Provider Report 2023,BushTel population
https://bushtel.nt.gov.au/profile/604,PICININNY BORE,CENTRAL LAND COUNCIL,-19.82711,CENTRAL DESERT,NORTHERN TANAMI,CENTRAL AUSTRALIA,604,Not recorded,"BLACK HILLS,TJABALAJABALA",,Family Outstation,GWOJA,Not recorded,587,129.78279,,,,,,Unavailable,No population found
https://bushtel.nt.gov.au/profile/744,PICKERTARAMOOR,TIWI LAND COUNCIL,-11.76361,TIWI ISLANDS,PIRLANGIMPI WARD,TOP END,744,Not recorded,No aliases recorded with NTG DIPL,,Minor,ARAFURA,Not recorded,588,130.89011,,,,,,Unavailable,No population found
https://bushtel.nt.gov.au/profile/17626,PINE CREEK,NORTHERN LAND COUNCIL,-13.8227,VICTORIA DALY,PINE CREEK,BIG RIVERS,17626,Not recorded,No aliases recorded with NTG DIPL,373.0,Village,DALY,Based on ABS 2021 Census SA1,589,131.8344,ILOC70400106,Pine Creek,318.0,142.0,373.0,Based on ABS 2021 Census SA1,BushTel population
https://bushtel.nt.gov.au/profile/640,PINE CREEK COMPOUND,NORTHERN LAND COUNCIL,-13.81601,VICTORIA DALY,PINE CREEK,BIG RIVERS,640,Not recorded,STOCKADE CAMP,,Town Camp,DALY,Not recorded,590,131.83106,,,,,,Unavailable,No population found
https://bushtel.nt.gov.au/profile/134,PINE HILL,CENTRAL LAND COUNCIL,-22.37949,CENTRAL DESERT,ANMATJERE,CENTRAL AUSTRALIA,134,Not recorded,"ANYUMGYUMBA,AYUNGYMBA",,Family Outstation,BARKLY,Not recorded,591,133.05366,,,,,,Unavailable,No population found
https://bushtel.nt.gov.au/profile/255,PINGALA,CENTRAL LAND COUNCIL,-19.0932,BARKLY,PATTA,BARKLY,255,Not recorded,"JRUNTU JANGU,JURNTA JUNGU,JURNTU JUNGU,NUALIDU",,Family Outstation,BARKLY,Not recorded,592,133.88269,,,,,,Unavailable,No population found
https://bushtel.nt.gov.au/profile/752,PINJA,CENTRAL LAND COUNCIL,-18.80958,CENTRAL DESERT,NORTHERN TANAMI,BIG RIVERS,752,Not recorded,"MT WINNECKE,PIELEGJA,PILEAJA,WINNECKE CREEK",,Family Outstation,GWOJA,Not recorded,593,130.37095,,,,,,Unavailable,No population found
https://bushtel.nt.gov.au/profile/136,PINPIRNGA,CENTRAL LAND COUNCIL,-23.16275,MACDONNELL,LURITJA PINTUBI,CENTRAL AUSTRALIA,136,Not recorded,"DESERT BORE,PINIARNGA,PINPIARNA,PINPIARNGA,PINPIRRNGA",,Family Outstation,GWOJA,Not recorded,594,129.46322,,,,,,Unavailable,No population found
https://bushtel.nt.gov.au/profile/411,PIRLANGIMPI,TIWI LAND COUNCIL,-11.4059,TIWI ISLANDS,PIRLANGIMPI WARD,TOP END,411,Tiwi (Modern and Traditional),"GARDEN POINT,PULARUMPI",372.0,Major,ARAFURA,Based on ABS 2021 Census SA1,595,130.4172,ILOC70400602,Pirlangimpi,317.0,289.0,372.0,Based on ABS 2021 Census SA1,BushTel population
https://bushtel.nt.gov.au/profile/138,PMARA JUTUNTA,CENTRAL LAND COUNCIL,-22.20878,CENTRAL DESERT,ANMATJERE,CENTRAL AUSTRALIA,138,Anmatyerr / Warlpiri,"SIX MILE,TI TREE SIX MILE",169.0,Major,BARKLY,Based on ABS 2021 Census SA1,596,133.43073,ILOC70900305,Pmara Jutunta,144.0,144.0,169.0,Based on ABS 2021 Census SA1,BushTel population
https://bushtel.nt.gov.au/profile/701,POLICEMANS HOLE,NORTHERN LAND COUNCIL,-15.77853,VICTORIA DALY,TIMBER CREEK,BIG RIVERS,701,Not recorded,"LITTLE POLICEMANS HOLE,NYAWANYAWAN DAWANG",,Family Outstation,GWOJA,Not recorded,597,129.10654,,,,,,Unavailable,No population found
https://bushtel.nt.gov.au/profile/139,PULARDI,CENTRAL LAND COUNCIL,-22.56332,CENTRAL DESERT,ANMATJERE,CENTRAL AUSTRALIA,139,Not recorded,"DESERT BORE,MT ALLAN",40.0,Family Outstation,GWOJA,Homelands Service Provider Report 2023,598,132.37978,,,,,40.0,Homelands Service Provider Report 2023,BushTel population
https://bushtel.nt.gov.au/profile/730,PUNGALINDUM,CENTRAL LAND COUNCIL,-22.07061,BARKLY,ALYAWARR,BARKLY,730,Not recorded,"ALPARRINYA,APENGARLINTEM,APUNGALINDUM,PUNGALINDEM,PUNGALINOEM",33.0,Family Outstation,BARKLY,Homelands Service Provider Report 2023,599,134.68879,,,,,33.0,Homelands Service Provider Report 2023,BushTel population
https://bushtel.nt.gov.au/profile/840,PUNJARRIJI,CENTRAL LAND COUNCIL,-20.31062,BARKLY,PATTA,BARKLY,840,Not recorded,MOSQUITO CREEK,,Family Outstation,BARKLY,Not recorded,600,134.50807,,,,,,Unavailable,No population found
https://bushtel.nt.gov.au/profile/140,PUNRITJANTA,CENTRAL LAND COUNCIL,-24.67392,MACDONNELL,IYARRKA,CENTRAL AUSTRALIA,140,Not recorded,"BLOODS RANGE,PUNITJANTA,PUNTITJARA,PUNTITJATA",,Family Outstation,GWOJA,Not recorded,601,129.29393,,,,,,Unavailable,No population found
https://bushtel.nt.gov.au/profile/732,PURRUKUWURRU,CENTRAL LAND COUNCIL,-19.94562,BARKLY,ALYAWARR,BARKLY,732,Not recorded,No aliases recorded with NTG DIPL,,Family Outstation,BARKLY,Not recorded,602,135.69629,,,,,,Unavailable,No population found
https://bushtel.nt.gov.au/profile/141,PUTA PUTA,CENTRAL LAND COUNCIL,-25.07345,MACDONNELL,IYARRKA,CENTRAL AUSTRALIA,141,Not recorded,No aliases recorded with NTG DIPL,,Family Outstation,GWOJA,Not recorded,603,129.64045,,,,,,Unavailable,No population found
https://bushtel.nt.gov.au/profile/1020,PUTJAMIRRA,TIWI LAND COUNCIL,-11.22457,TIWI ISLANDS,PIRLANGIMPI WARD,TOP END,1020,Not recorded,PITJAMIRRA,4.0,Family Outstation,ARAFURA,Homelands Service Provider Report 2023,604,130.36849,,,,,4.0,Homelands Service Provider Report 2023,BushTel population
https://bushtel.nt.gov.au/profile/117,PUTULU,CENTRAL LAND COUNCIL,-21.34382,CENTRAL DESERT,SOUTHERN TANAMI,CENTRAL AUSTRALIA,117,Not recorded,"MT. THEO,PITULU,PUTULAI,PUTURLU,WANAYAKA",,Family Outstation,GWOJA,Not recorded,605,131.36997,,,,,,Unavailable,No population found
https://bushtel.nt.gov.au/profile/142,PUYURRU,CENTRAL LAND COUNCIL,-21.33117,CENTRAL DESERT,SOUTHERN TANAMI,CENTRAL AUSTRALIA,142,Not recorded,No aliases recorded with NTG DIPL,,Family Outstation,GWOJA,Not recorded,606,130.81753,,,,,,Unavailable,No population found
https://bushtel.nt.gov.au/profile/940,PWERTE MARNTE MARNTE,CENTRAL LAND COUNCIL,-24.37338,MACDONNELL,RODINGA,CENTRAL AUSTRALIA,940,Not recorded,JOHN HOLLAND BORE,20.0,Family Outstation,NAMATJIRA,Homelands Service Provider Report 2023,607,133.71982,,,,,20.0,Homelands Service Provider Report 2023,BushTel population
https://bushtel.nt.gov.au/profile/791,PWERTENTYE,CENTRAL LAND COUNCIL,-23.37291,CENTRAL DESERT,AKITYARRE,CENTRAL AUSTRALIA,791,Not recorded,JACK BRISCOE'S CAMP,,Family Outstation,NAMATJIRA,Not recorded,608,134.79239,,,,,,Unavailable,No population found
https://bushtel.nt.gov.au/profile/412,RAILWAY DAM,NORTHERN LAND COUNCIL,-12.45404,DARWIN,LYONS,"DARWIN, PALMERSTON, LITCHFIELD",412,Not recorded,ONE MILE DAM,,Town Camp,PORT DARWIN,Not recorded,609,130.8439,,,,,,Unavailable,No population found
https://bushtel.nt.gov.au/profile/550,RAMINGINING,NORTHERN LAND COUNCIL,-12.32779,EAST ARNHEM,BIRR RAWARRANG,EAST ARNHEM,550,Yolngu Matha (Djambarrpuyngu),No aliases recorded with NTG DIPL,956.0,Major,MULKA,Based on ABS 2021 Census SA1,610,134.93001,ILOC70600704,Ramingining,814.0,742.0,956.0,Based on ABS 2021 Census SA1,BushTel population
https://bushtel.nt.gov.au/profile/874,RARANGANTJUTA,CENTRAL LAND COUNCIL,-23.98488,MACDONNELL,LJIRAPINTA,CENTRAL AUSTRALIA,874,Not recorded,No aliases recorded with NTG DIPL,,Family Outstation,GWOJA,Not recorded,611,133.14814,,,,,,Unavailable,No population found
https://bushtel.nt.gov.au/profile/552,RAYMANGIRR,NORTHERN LAND COUNCIL,-12.34031,EAST ARNHEM,GUMURR MIYARRKA,EAST ARNHEM,552,Not recorded,"RAMANGIRR,RAMUNGIRR",26.0,Family Outstation,ARNHEM,Homelands Service Provider Report 2023,612,136.00253,,,,,26.0,Homelands Service Provider Report 2023,BushTel population
https://bushtel.nt.gov.au/profile/799,RED LILY,NORTHERN LAND COUNCIL,-12.86449,WEST ARNHEM,KAKADU,TOP END,799,Not recorded,"GIINDA,GINA",5.0,Family Outstation,ARAFURA,Homelands Service Provider Report 2023,613,132.56967,,,,,5.0,Homelands Service Provider Report 2023,BushTel population
https://bushtel.nt.gov.au/profile/5,RED SANDHILL,CENTRAL LAND COUNCIL,-24.00974,MACDONNELL,LJIRAPINTA,CENTRAL AUSTRALIA,5,Not recorded,INTJIRRANGA,3.0,Family Outstation,GWOJA,Homelands Service Provider Report 2023,614,132.85279,,,,,3.0,Homelands Service Provider Report 2023,BushTel population
https://bushtel.nt.gov.au/profile/414,REDCLIFF,NORTHERN LAND COUNCIL,-14.01484,WEST DALY,THAMARRURR/PINDI PINDI,TOP END,414,Not recorded,YEDDAIRT,27.0,Family Outstation,DALY,Homelands Service Provider Report 2023,615,129.70813,,,,,27.0,Homelands Service Provider Report 2023,BushTel population
https://bushtel.nt.gov.au/profile/641,RITTARANGU,NORTHERN LAND COUNCIL,-14.71011,ROPER GULF,YUGUL MANGI,BIG RIVERS,641,Eastside Kriol,URAPUNGA,139.0,Minor,ARNHEM,Based on ABS 2021 Census SA1,616,134.56526,ILOC70500403,Rittarangu,118.0,118.0,139.0,Based on ABS 2021 Census SA1,BushTel population
https://bushtel.nt.gov.au/profile/258,ROBINSON RIVER,NORTHERN LAND COUNCIL,-16.75974,ROPER GULF,SOUTH WEST GULF,BIG RIVERS,258,Eastside Kriol,MUNGOORBADA,211.0,Major,BARKLY,Based on ABS 2021 Census SA1,617,136.98057,,,,,211.0,Based on ABS 2021 Census SA1,BushTel population
https://bushtel.nt.gov.au/profile/642,ROCKHOLE,NORTHERN LAND COUNCIL,-14.51935,KATHERINE,Not recorded,BIG RIVERS,642,Not recorded,ROCHOLE,108.0,Minor,KATHERINE,Homelands Service Provider Report 2023,618,132.18633,ILOC70500504,Rockhole,145.0,145.0,108.0,Homelands Service Provider Report 2023,BushTel population
https://bushtel.nt.gov.au/profile/144,RODNA,CENTRAL LAND COUNCIL,-23.76213,MACDONNELL,LJIRAPINTA,CENTRAL AUSTRALIA,144,Not recorded,No aliases recorded with NTG DIPL,,Family Outstation,GWOJA,Not recorded,619,132.67042,,,,,,Unavailable,No population found
https://bushtel.nt.gov.au/profile/469,RORRUWUY,NORTHERN LAND COUNCIL,-12.20292,EAST ARNHEM,GUMURR MARTHAKAL,EAST ARNHEM,469,Not recorded,"BURRAWUY,RHODES POINT",28.0,Minor,MULKA,Homelands Service Provider Report 2023,620,136.29564,,,,,28.0,Homelands Service Provider Report 2023,BushTel population
https://bushtel.nt.gov.au/profile/480,RURRANGALA,NORTHERN LAND COUNCIL,-12.90425,EAST ARNHEM,GUMURR MIWATJ,EAST ARNHEM,480,Not recorded,"DHUWALKITJI,RURRANALI",14.0,Family Outstation,ARNHEM,Homelands Service Provider Report 2023,621,136.25382,,,,,14.0,Homelands Service Provider Report 2023,BushTel population
https://bushtel.nt.gov.au/profile/861,RUTJINGKA,CENTRAL LAND COUNCIL,-23.91581,MACDONNELL,LJIRAPINTA,CENTRAL AUSTRALIA,861,Not recorded,No aliases recorded with NTG DIPL,2.0,Family Outstation,GWOJA,Homelands Service Provider Report 2023,622,132.81527,,,,,2.0,Homelands Service Provider Report 2023,BushTel population
https://bushtel.nt.gov.au/profile/837,SABINA,NORTHERN LAND COUNCIL,-13.8603,WEST DALY,THAMARRURR/PINDI PINDI,TOP END,837,Not recorded,MUDJALINDI,,Family Outstation,DALY,Not recorded,623,129.93195,,,,,,Unavailable,No population found
https://bushtel.nt.gov.au/profile/14153168,SALT BORE,CENTRAL LAND COUNCIL,-23.7712,MACDONNELL,RODINGA,CENTRAL AUSTRALIA,14153168,Not recorded,No aliases recorded with NTG DIPL,4.0,Family Outstation,NAMATJIRA,Homelands Service Provider Report 2023,624,134.52822,,,,,4.0,Homelands Service Provider Report 2023,BushTel population
https://bushtel.nt.gov.au/profile/988,SANDRIDGE,NORTHERN LAND COUNCIL,-16.04184,ROPER GULF,SOUTH WEST GULF,BIG RIVERS,988,Not recorded,POLICE LAGOON,16.0,Family Outstation,BARKLY,Homelands Service Provider Report 2023,625,136.34854,,,,,16.0,Homelands Service Provider Report 2023,BushTel population
https://bushtel.nt.gov.au/profile/892,SANDY BAY,NORTHERN LAND COUNCIL,-11.20719,WEST ARNHEM,BARRAH,TOP END,892,Not recorded,No aliases recorded with NTG DIPL,4.0,Family Outstation,ARAFURA,Homelands Service Provider Report 2023,626,132.58027,,,,,4.0,Homelands Service Provider Report 2023,BushTel population
https://bushtel.nt.gov.au/profile/24898,SANDY BORE,CENTRAL LAND COUNCIL,-24.5603,MACDONNELL,LJIRAPINTA,CENTRAL AUSTRALIA,24898,Not recorded,ARNAPIPE,6.0,Family Outstation,GWOJA,Homelands Service Provider Report 2023,627,132.4995,,,,,6.0,Homelands Service Provider Report 2023,BushTel population
https://bushtel.nt.gov.au/profile/145,SANTA TERESA,CENTRAL LAND COUNCIL,-24.1307,MACDONNELL,RODINGA,CENTRAL AUSTRALIA,145,Eastern / Central Arrernte,"LTYENTE PURTE,LTYENTYE APURTE",708.0,Major,NAMATJIRA,Based on ABS 2021 Census SA1,628,134.3733,,,,,708.0,Based on ABS 2021 Census SA1,BushTel population
https://bushtel.nt.gov.au/profile/958,SCOTT POINT,ANINDILYAKWA LAND COUNCIL,-13.75212,EAST ARNHEM,ANINDILYAKWA,EAST ARNHEM,958,Not recorded,MILYANGKARRNGARNILANGWA,,Family Outstation,ARNHEM,Not recorded,629,136.84751,,,,,,Unavailable,No population found
https://bushtel.nt.gov.au/profile/24902,SNAKE LAGOON,NORTHERN LAND COUNCIL,-16.20322,ROPER GULF,SOUTH WEST GULF,BIG RIVERS,24902,Not recorded,No aliases recorded with NTG DIPL,6.0,Family Outstation,BARKLY,Homelands Service Provider Report 2023,630,136.91303,,,,,6.0,Homelands Service Provider Report 2023,BushTel population
https://bushtel.nt.gov.au/profile/948,SNAKE WELL,CENTRAL LAND COUNCIL,-23.15946,MACDONNELL,RODINGA,CENTRAL AUSTRALIA,948,Not recorded,"AKNGWIRRWELTYE,SNAKE CREEK",19.0,Family Outstation,NAMATJIRA,Homelands Service Provider Report 2023,631,133.91529,,,,,19.0,Homelands Service Provider Report 2023,BushTel population
https://bushtel.nt.gov.au/profile/262,SOUTH WEST ISLAND,NORTHERN LAND COUNCIL,-15.68902,ROPER GULF,SOUTH WEST GULF,BIG RIVERS,262,Not recorded,"WATHANKA,WATHUNGA",10.0,Family Outstation,BARKLY,Homelands Service Provider Report 2023,632,136.68821,,,,,10.0,Homelands Service Provider Report 2023,BushTel population
https://bushtel.nt.gov.au/profile/953,SPOTTED TIGER,CENTRAL LAND COUNCIL,-23.04308,CENTRAL DESERT,AKITYARRE,CENTRAL AUSTRALIA,953,Not recorded,UNPEYEKENHE,4.0,Family Outstation,NAMATJIRA,Homelands Service Provider Report 2023,633,134.91761,,,,,4.0,Homelands Service Provider Report 2023,BushTel population
https://bushtel.nt.gov.au/profile/419,SPRING PEAK,NORTHERN LAND COUNCIL,-12.96266,WEST ARNHEM,KAKADU,TOP END,419,Not recorded,URGDURR,25.0,Family Outstation,ARAFURA,Homelands Service Provider Report 2023,634,132.45424,,,,,25.0,Homelands Service Provider Report 2023,BushTel population
https://bushtel.nt.gov.au/profile/18,SUGAR CREEK,CENTRAL LAND COUNCIL,-23.94974,MACDONNELL,LJIRAPINTA,CENTRAL AUSTRALIA,18,Not recorded,"ANTJAKWERA,ANTJAKWERRA,ARRAWARRA,GANTJAKWERRA",,Family Outstation,GWOJA,Not recorded,635,132.57363,,,,,,Unavailable,No population found
https://bushtel.nt.gov.au/profile/1013,TAKAPIMILIYI,TIWI LAND COUNCIL,-11.81528,TIWI ISLANDS,PIRLANGIMPI WARD,TOP END,1013,Not recorded,No aliases recorded with NTG DIPL,2.0,Family Outstation,ARAFURA,Homelands Service Provider Report 2023,636,130.80161,,,,,2.0,Homelands Service Provider Report 2023,BushTel population
https://bushtel.nt.gov.au/profile/264,TARA,CENTRAL LAND COUNCIL,-21.50658,BARKLY,ALYAWARR,BARKLY,264,Kayetetye,NEUTRAL JUNCTION,73.0,Minor,BARKLY,Based on ABS 2021 Census SA1,637,133.99669,ILOC70700305,Tara,62.0,62.0,73.0,Based on ABS 2021 Census SA1,BushTel population
https://bushtel.nt.gov.au/profile/424,TARACUMBI,TIWI LAND COUNCIL,-11.60806,TIWI ISLANDS,MILIKAPITI WARD,TOP END,424,Not recorded,"TARINTIPI,TARRACUMBI,TURACUMBI",,Family Outstation,ARAFURA,Not recorded,638,130.71131,,,,,,Unavailable,No population found
https://bushtel.nt.gov.au/profile/767,TARAWARA,CENTRAL LAND COUNCIL,-23.54726,MACDONNELL,LURITJA PINTUBI,CENTRAL AUSTRALIA,767,Not recorded,"TARAWERA,TARAWERA BORE",,Family Outstation,GWOJA,Not recorded,639,131.41338,,,,,,Unavailable,No population found
https://bushtel.nt.gov.au/profile/18869,TENNANT CREEK,CENTRAL LAND COUNCIL,-19.6478,BARKLY,PATTA,BARKLY,18869,Not recorded,No aliases recorded with NTG DIPL,,Town,BARKLY,Not recorded,640,134.1902,,,,,,Unavailable,No population found
https://bushtel.nt.gov.au/profile/18964,TI TREE,CENTRAL LAND COUNCIL,-22.1279,CENTRAL DESERT,ANMATJERE,CENTRAL AUSTRALIA,18964,Not recorded,TI-TREE,103.0,Village,BARKLY,Based on ABS 2021 Census SA1,641,133.4171,,,,,103.0,Based on ABS 2021 Census SA1,BushTel population
https://bushtel.nt.gov.au/profile/306,TIGERS CAMP,NORTHERN LAND COUNCIL,-11.47407,WEST ARNHEM,BARRAH,TOP END,306,Not recorded,"WAMUNYI,WANNINGUJI,WANUNGI",,Family Outstation,ARAFURA,Not recorded,642,132.77662,,,,,,Unavailable,No population found
https://bushtel.nt.gov.au/profile/18974,TIMBER CREEK,NORTHERN LAND COUNCIL,-15.6625,VICTORIA DALY,TIMBER CREEK,BIG RIVERS,18974,Ngarinyman / Kriol,No aliases recorded with NTG DIPL,326.0,Village,DALY,Based on ABS 2021 Census SA1,643,130.4804,ILOC70500804,Timber Creek,278.0,155.0,326.0,Based on ABS 2021 Census SA1,BushTel population
https://bushtel.nt.gov.au/profile/891,TIMOR SPRINGS,NORTHERN LAND COUNCIL,-11.09665,WEST ARNHEM,BARRAH,TOP END,891,Not recorded,No aliases recorded with NTG DIPL,,Family Outstation,ARAFURA,Not recorded,644,132.57399,,,,,,Unavailable,No population found
https://bushtel.nt.gov.au/profile/681,TINKARLI,CENTRAL LAND COUNCIL,-19.63724,BARKLY,PATTA,BARKLY,681,Not recorded,TINGKARLI,,Town Camp,BARKLY,Not recorded,645,134.20251,,,,,,Unavailable,No population found
https://bushtel.nt.gov.au/profile/62,TINKI,CENTRAL LAND COUNCIL,-23.27331,MACDONNELL,LURITJA PINTUBI,CENTRAL AUSTRALIA,62,Not recorded,"IRRIMATITJA,TJINKI,TRACTOR BORE",,Family Outstation,GWOJA,Not recorded,646,129.55768,,,,,,Unavailable,No population found
https://bushtel.nt.gov.au/profile/148,TITJIKALA,CENTRAL LAND COUNCIL,-24.67389,MACDONNELL,RODINGA,CENTRAL AUSTRALIA,148,Southern Luritja / Pitjantjatjara,MARYVALE,230.0,Major,NAMATJIRA,Based on ABS 2021 Census SA1,647,134.07584,ILOC70900104,Titjikala,196.0,186.0,230.0,Based on ABS 2021 Census SA1,BushTel population
https://bushtel.nt.gov.au/profile/149,TJAMANGKURRA,CENTRAL LAND COUNCIL,-23.9689,MACDONNELL,LJIRAPINTA,CENTRAL AUSTRALIA,149,Not recorded,TJAMANGKURA,4.0,Family Outstation,GWOJA,Homelands Service Provider Report 2023,648,132.80529,,,,,4.0,Homelands Service Provider Report 2023,BushTel population
https://bushtel.nt.gov.au/profile/880,TJAUWATA,CENTRAL LAND COUNCIL,-24.91526,MACDONNELL,IYARRKA,CENTRAL AUSTRALIA,880,Not recorded,No aliases recorded with NTG DIPL,,Family Outstation,GWOJA,Not recorded,649,129.12181,,,,,,Unavailable,No population found
https://bushtel.nt.gov.au/profile/762,TJINTIRTJINTIRPA,CENTRAL LAND COUNCIL,-23.28522,MACDONNELL,LURITJA PINTUBI,CENTRAL AUSTRALIA,762,Not recorded,"TJINTITJIWTIPA,WILLYWAGTAIL",,Family Outstation,GWOJA,Not recorded,650,131.27059,,,,,,Unavailable,No population found
https://bushtel.nt.gov.au/profile/267,TJOUNGOURI,NORTHERN LAND COUNCIL,-16.17126,ROPER GULF,SOUTH WEST GULF,BIG RIVERS,267,Not recorded,"RYANS BEND,TJUNGOURI,YUNGURIE",,Family Outstation,BARKLY,Not recorded,651,136.04365,,,,,,Unavailable,No population found
https://bushtel.nt.gov.au/profile/151,TJULPUNGU,CENTRAL LAND COUNCIL,-21.83419,CENTRAL DESERT,SOUTHERN TANAMI,CENTRAL AUSTRALIA,151,Not recorded,"ATLEE CREEK,ATLEY CREEK,CHURLPUNGU,DJULPUNG,JURLPUNGU,JUURLUPUNGU,TJUPUNGU",,Family Outstation,GWOJA,Not recorded,652,131.41348,,,,,,Unavailable,No population found
https://bushtel.nt.gov.au/profile/152,TJUNTI,CENTRAL LAND COUNCIL,-25.01763,MACDONNELL,IYARRKA,CENTRAL AUSTRALIA,152,Not recorded,LASSETERS CAVE,,Family Outstation,GWOJA,Not recorded,653,129.40113,,,,,,Unavailable,No population found
https://bushtel.nt.gov.au/profile/153,TJUNTINANTA,CENTRAL LAND COUNCIL,-24.85187,MACDONNELL,IYARRKA,CENTRAL AUSTRALIA,153,Not recorded,"KIKUNKURRA,TJUNINANTA",,Family Outstation,GWOJA,Not recorded,654,129.23084,,,,,,Unavailable,No population found
https://bushtel.nt.gov.au/profile/154,TNAWURTA,CENTRAL LAND COUNCIL,-23.9989,MACDONNELL,LJIRAPINTA,CENTRAL AUSTRALIA,154,Not recorded,"KWATJINMARRA,TNUWURTA",4.0,Family Outstation,GWOJA,Homelands Service Provider Report 2023,655,132.83835,,,,,4.0,Homelands Service Provider Report 2023,BushTel population
https://bushtel.nt.gov.au/profile/928,TNERTE,CENTRAL LAND COUNCIL,-23.74715,MACDONNELL,RODINGA,CENTRAL AUSTRALIA,928,Not recorded,No aliases recorded with NTG DIPL,19.0,Family Outstation,NAMATJIRA,Homelands Service Provider Report 2023,656,133.72011,,,,,19.0,Homelands Service Provider Report 2023,BushTel population
https://bushtel.nt.gov.au/profile/155,TNYIMIPURTA,CENTRAL LAND COUNCIL,-23.88779,MACDONNELL,LJIRAPINTA,CENTRAL AUSTRALIA,155,Not recorded,"TNJIMIPUTA,TNYIMIPIRTA,TNYIMIPUTA,TNYIMPIRTA",11.0,Family Outstation,GWOJA,Homelands Service Provider Report 2023,657,132.67113,,,,,11.0,Homelands Service Provider Report 2023,BushTel population
https://bushtel.nt.gov.au/profile/14153250,TODD RIVER DOWNS,CENTRAL LAND COUNCIL,-24.2584,MACDONNELL,RODINGA,CENTRAL AUSTRALIA,14153250,Not recorded,No aliases recorded with NTG DIPL,1.0,Family Outstation,NAMATJIRA,Homelands Service Provider Report 2023,658,135.2705,,,,,1.0,Homelands Service Provider Report 2023,BushTel population
https://bushtel.nt.gov.au/profile/970,TOMMYHAWK SWAMP,CENTRAL LAND COUNCIL,-22.19431,BARKLY,ALYAWARR,BARKLY,970,Not recorded,No aliases recorded with NTG DIPL,4.0,Family Outstation,BARKLY,Homelands Service Provider Report 2023,659,134.59274,,,,,4.0,Homelands Service Provider Report 2023,BushTel population
https://bushtel.nt.gov.au/profile/30,TOWN BORE,CENTRAL LAND COUNCIL,-23.35473,MACDONNELL,LURITJA PINTUBI,CENTRAL AUSTRALIA,30,Not recorded,"ARKILKI,ARRKILKI,DERWENT BORE",15.0,Family Outstation,GWOJA,Homelands Service Provider Report 2023,660,132.06416,,,,,15.0,Homelands Service Provider Report 2023,BushTel population
https://bushtel.nt.gov.au/profile/423,TREE POINT,NORTHERN LAND COUNCIL,-12.30839,LITCHFIELD,NORTH WARD,"DARWIN, PALMERSTON, LITCHFIELD",423,Not recorded,DURDUGU,,Family Outstation,NELSON,Not recorded,661,131.01819,,,,,,Unavailable,No population found
https://bushtel.nt.gov.au/profile/649,TURKEY LAGOON,NORTHERN LAND COUNCIL,-14.52938,ROPER GULF,YUGUL MANGI,BIG RIVERS,649,Not recorded,"BANANDA,BANUNDA,BUNUNDA",,Family Outstation,ARNHEM,Not recorded,662,134.75093,,,,,,Unavailable,No population found
https://bushtel.nt.gov.au/profile/785,TURNERS CAMP,CENTRAL LAND COUNCIL,-23.30514,MACDONNELL,RODINGA,CENTRAL AUSTRALIA,785,Not recorded,SANDY BORE,24.0,Family Outstation,NAMATJIRA,Homelands Service Provider Report 2023,663,134.06937,,,,,24.0,Homelands Service Provider Report 2023,BushTel population
https://bushtel.nt.gov.au/profile/929,TWETYE (A),CENTRAL LAND COUNCIL,-23.74034,MACDONNELL,RODINGA,CENTRAL AUSTRALIA,929,Not recorded,No aliases recorded with NTG DIPL,12.0,Family Outstation,NAMATJIRA,Homelands Service Provider Report 2023,664,133.70539,,,,,12.0,Homelands Service Provider Report 2023,BushTel population
https://bushtel.nt.gov.au/profile/930,TWETYE (B),CENTRAL LAND COUNCIL,-23.74292,MACDONNELL,RODINGA,CENTRAL AUSTRALIA,930,Not recorded,No aliases recorded with NTG DIPL,24.0,Family Outstation,NAMATJIRA,Homelands Service Provider Report 2023,665,133.69633,,,,,24.0,Homelands Service Provider Report 2023,BushTel population
https://bushtel.nt.gov.au/profile/931,TYWENPE (A),CENTRAL LAND COUNCIL,-23.72634,MACDONNELL,RODINGA,CENTRAL AUSTRALIA,931,Not recorded,TWENPE (A),20.0,Family Outstation,NAMATJIRA,Homelands Service Provider Report 2023,666,133.72928,,,,,20.0,Homelands Service Provider Report 2023,BushTel population
https://bushtel.nt.gov.au/profile/933,TYWENPE (C),CENTRAL LAND COUNCIL,-23.74426,MACDONNELL,RODINGA,CENTRAL AUSTRALIA,933,Not recorded,"TWENPE(C),TYWENPE(C)",24.0,Family Outstation,NAMATJIRA,Homelands Service Provider Report 2023,667,133.68787,,,,,24.0,Homelands Service Provider Report 2023,BushTel population
https://bushtel.nt.gov.au/profile/934,TYWENPE (D),CENTRAL LAND COUNCIL,-23.7648,MACDONNELL,RODINGA,CENTRAL AUSTRALIA,934,Not recorded,TWENPE(D),7.0,Family Outstation,NAMATJIRA,Homelands Service Provider Report 2023,668,133.67226,,,,,7.0,Homelands Service Provider Report 2023,BushTel population
https://bushtel.nt.gov.au/profile/991,UGUIE,NORTHERN LAND COUNCIL,-15.83006,ROPER GULF,SOUTH WEST GULF,BIG RIVERS,991,Not recorded,CLARKSON POINT,,Family Outstation,BARKLY,Not recorded,669,137.04142,,,,,,Unavailable,No population found
https://bushtel.nt.gov.au/profile/159,UKAKA,CENTRAL LAND COUNCIL,-24.59261,MACDONNELL,LJIRAPINTA,CENTRAL AUSTRALIA,159,Not recorded,TEMPE DOWNS,24.0,Family Outstation,GWOJA,Homelands Service Provider Report 2023,670,132.37395,,,,,24.0,Homelands Service Provider Report 2023,BushTel population
https://bushtel.nt.gov.au/profile/160,UKATJUPU,CENTRAL LAND COUNCIL,-25.90949,MACDONNELL,IYARRKA,CENTRAL AUSTRALIA,160,Not recorded,UKATJUPA,,Family Outstation,GWOJA,Not recorded,671,129.10549,,,,,,Unavailable,No population found
https://bushtel.nt.gov.au/profile/760,ULAMBARA,CENTRAL LAND COUNCIL,-23.27715,MACDONNELL,LURITJA PINTUBI,CENTRAL AUSTRALIA,760,Not recorded,"ULAMBAURA,ULLUMBARA",8.0,Family Outstation,GWOJA,Homelands Service Provider Report 2023,672,131.92748,,,,,8.0,Homelands Service Provider Report 2023,BushTel population
https://bushtel.nt.gov.au/profile/705,ULBULLA,CENTRAL LAND COUNCIL,-25.68357,MACDONNELL,RODINGA,CENTRAL AUSTRALIA,705,Not recorded,JULALIKARI,,Family Outstation,GWOJA,Not recorded,673,133.19644,,,,,,Unavailable,No population found
https://bushtel.nt.gov.au/profile/162,ULPANYALI,CENTRAL LAND COUNCIL,-24.23091,MACDONNELL,LJIRAPINTA,CENTRAL AUSTRALIA,162,Not recorded,OCHRE HILL,17.0,Family Outstation,GWOJA,Homelands Service Provider Report 2023,674,131.50075,,,,,17.0,Homelands Service Provider Report 2023,BushTel population
https://bushtel.nt.gov.au/profile/772,ULPUNDA,CENTRAL LAND COUNCIL,-23.9546,MACDONNELL,LJIRAPINTA,CENTRAL AUSTRALIA,772,Not recorded,MARCUS'S CAMP,11.0,Family Outstation,GWOJA,Homelands Service Provider Report 2023,675,132.766,,,,,11.0,Homelands Service Provider Report 2023,BushTel population
https://bushtel.nt.gov.au/profile/1016,ULUPERTE,CENTRAL LAND COUNCIL,-23.76408,CENTRAL DESERT,AKITYARRE,CENTRAL AUSTRALIA,1016,Not recorded,JUNCTION BORE,,Family Outstation,NAMATJIRA,Not recorded,676,135.69544,,,,,,Unavailable,No population found
https://bushtel.nt.gov.au/profile/555,UMBAKUMBA,ANINDILYAKWA LAND COUNCIL,-13.85974,EAST ARNHEM,ANINDILYAKWA,EAST ARNHEM,555,Anindilyakwa,No aliases recorded with NTG DIPL,492.0,Major,ARNHEM,Based on ABS 2021 Census SA1,677,136.81113,,,,,492.0,Based on ABS 2021 Census SA1,BushTel population
https://bushtel.nt.gov.au/profile/962,UMINYULUK,NORTHERN LAND COUNCIL,-13.83073,WEST DALY,THAMARRURR/PINDI PINDI,TOP END,962,Not recorded,No aliases recorded with NTG DIPL,8.0,Family Outstation,DALY,Homelands Service Provider Report 2023,678,130.05311,,,,,8.0,Homelands Service Provider Report 2023,BushTel population
https://bushtel.nt.gov.au/profile/662,UN-MARR,NORTHERN LAND COUNCIL,-14.06441,WEST DALY,THAMARRURR/PINDI PINDI,TOP END,662,Not recorded,"AN-MARR,MADINGNA,MARDENGA,MARDINGA,MARDINGNA,MARINGAR,MARYGAR",,Family Outstation,DALY,Not recorded,679,129.90879,,,,,,Unavailable,No population found
https://bushtel.nt.gov.au/profile/711,UNDOOLYA BORE,CENTRAL LAND COUNCIL,-23.74762,MACDONNELL,RODINGA,CENTRAL AUSTRALIA,711,Not recorded,"MOUNT UNDOOLYA,UNDOOLYA",24.0,Family Outstation,NAMATJIRA,Homelands Service Provider Report 2023,680,134.11762,,,,,24.0,Homelands Service Provider Report 2023,BushTel population
https://bushtel.nt.gov.au/profile/166,UNDURANA 1C,CENTRAL LAND COUNCIL,-23.75723,MACDONNELL,LJIRAPINTA,CENTRAL AUSTRALIA,166,Not recorded,"UNDARANA,UNDERANNA",2.0,Family Outstation,GWOJA,Homelands Service Provider Report 2023,681,132.12722,,,,,2.0,Homelands Service Provider Report 2023,BushTel population
https://bushtel.nt.gov.au/profile/985,UNDURANA 2A,CENTRAL LAND COUNCIL,-23.75901,MACDONNELL,LJIRAPINTA,CENTRAL AUSTRALIA,985,Not recorded,No aliases recorded with NTG DIPL,6.0,Family Outstation,GWOJA,Homelands Service Provider Report 2023,682,132.10597,,,,,6.0,Homelands Service Provider Report 2023,BushTel population
https://bushtel.nt.gov.au/profile/156,URLAMPE,CENTRAL LAND COUNCIL,-22.49317,CENTRAL DESERT,AKITYARRE,CENTRAL AUSTRALIA,156,Not recorded,TOBERMOREY,20.0,Family Outstation,NAMATJIRA,Homelands Service Provider Report 2023,683,137.74252,,,,,20.0,Homelands Service Provider Report 2023,BushTel population
https://bushtel.nt.gov.au/profile/24992,URRERMERNE,CENTRAL LAND COUNCIL,-23.9629,MACDONNELL,RODINGA,CENTRAL AUSTRALIA,24992,Not recorded,No aliases recorded with NTG DIPL,14.0,Family Outstation,NAMATJIRA,Homelands Service Provider Report 2023,684,134.06913,,,,,14.0,Homelands Service Provider Report 2023,BushTel population
https://bushtel.nt.gov.au/profile/24,UTILY,CENTRAL LAND COUNCIL,-23.48831,MACDONNELL,LURITJA PINTUBI,CENTRAL AUSTRALIA,24,Not recorded,"AUTILLY,UTILI",8.0,Family Outstation,GWOJA,Homelands Service Provider Report 2023,685,131.87356,,,,,8.0,Homelands Service Provider Report 2023,BushTel population
https://bushtel.nt.gov.au/profile/271,VILLAGE CAMP,CENTRAL LAND COUNCIL,-19.656,BARKLY,PATTA,BARKLY,271,Not recorded,"NYINKKANYUNU,NYINKKANYUNY,SORRY CAMP,VILLAGE TOWN CAMP",,Town Camp,BARKLY,Not recorded,686,134.1842,,,,,,Unavailable,No population found
https://bushtel.nt.gov.au/profile/815,WADA WADALLA,NORTHERN LAND COUNCIL,-15.92948,ROPER GULF,SOUTH WEST GULF,BIG RIVERS,815,Not recorded,"BLACKFELLOW CREEK,WADA WADALA",3.0,Family Outstation,BARKLY,Homelands Service Provider Report 2023,687,136.42886,,,,,3.0,Homelands Service Provider Report 2023,BushTel population
https://bushtel.nt.gov.au/profile/214,WADA WARRA,NORTHERN LAND COUNCIL,-15.74902,ROPER GULF,SOUTH WEST GULF,BIG RIVERS,214,Not recorded,"BING BONG,BONE LAGOON,WADA WARA,WARRANBARRU ASSOC,WURRUNBURRA ASSOC",17.0,Family Outstation,BARKLY,Homelands Service Provider Report 2023,688,136.25224,,,,,17.0,Homelands Service Provider Report 2023,BushTel population
https://bushtel.nt.gov.au/profile/426,WADEYE,NORTHERN LAND COUNCIL,-14.2404,WEST DALY,THAMARRURR/PINDI PINDI,TOP END,426,Murrinh Patha,PORT KEATS,2259.0,Major,DALY,Based on ABS 2021 Census SA1,689,129.5205,ILOC70400502,Wadeye,1924.0,1650.0,2259.0,Based on ABS 2021 Census SA1,BushTel population
https://bushtel.nt.gov.au/profile/381,WAIDABOONAR,NORTHERN LAND COUNCIL,-11.93822,WEST ARNHEM,GUNBALANYA,TOP END,381,Not recorded,"MT. BORRADAILE,MUDGIGARDENT,MUDJEEGARDART,MUDJIGARDART,WAIDABONOOR",,Family Outstation,ARAFURA,Not recorded,690,132.78225,,,,,,Unavailable,No population found
https://bushtel.nt.gov.au/profile/14188734,WAJU,CENTRAL LAND COUNCIL,-25.99241,MACDONNELL,RODINGA,CENTRAL AUSTRALIA,14188734,Not recorded,NEW WAJU,,Family Outstation,NAMATJIRA,Not recorded,691,133.46187,,,,,,Unavailable,No population found
https://bushtel.nt.gov.au/profile/908,WAKURLPU,CENTRAL LAND COUNCIL,-20.63229,BARKLY,ALYAWARR,BARKLY,908,Not recorded,WAUCHOPE,10.0,Family Outstation,BARKLY,Homelands Service Provider Report 2023,692,134.21688,,,,,10.0,Homelands Service Provider Report 2023,BushTel population
https://bushtel.nt.gov.au/profile/983,WALANGURRMINY,NORTHERN LAND COUNCIL,-12.97482,UN-INCORPORATED (COX-DALY),Not recorded,TOP END,983,Not recorded,FINNISS RIVER,11.0,Family Outstation,DALY,Homelands Service Provider Report 2023,693,130.77614,,,,,11.0,Homelands Service Provider Report 2023,BushTel population
https://bushtel.nt.gov.au/profile/556,WALDNARR,NORTHERN LAND COUNCIL,-13.76563,ROPER GULF,NUMBULWAR NUMBURINDI,BIG RIVERS,556,Not recorded,"HARRIS CREEK,WALDARR,WALDHARR",10.0,Family Outstation,ARNHEM,Homelands Service Provider Report 2023,694,135.80531,,,,,10.0,Homelands Service Provider Report 2023,BushTel population
https://bushtel.nt.gov.au/profile/291,WALKA,NORTHERN LAND COUNCIL,-11.17957,WEST ARNHEM,BARRAH,TOP END,291,Not recorded,"BARGE LANDING,WALKAA",,Family Outstation,ARAFURA,Not recorded,695,132.58843,,,,,,Unavailable,No population found
https://bushtel.nt.gov.au/profile/720,WALKABOUT BORE,CENTRAL LAND COUNCIL,-24.38261,MACDONNELL,RODINGA,CENTRAL AUSTRALIA,720,Not recorded,"JACK KENNY'S CAMP,MPWELARRE",23.0,Family Outstation,NAMATJIRA,Homelands Service Provider Report 2023,696,133.81687,,,,,23.0,Homelands Service Provider Report 2023,BushTel population
https://bushtel.nt.gov.au/profile/750,WALKALBA,CENTRAL LAND COUNCIL,-22.16249,CENTRAL DESERT,SOUTHERN TANAMI,CENTRAL AUSTRALIA,750,Not recorded,"ROCK HILL,WAKALBA,WAKALPA,WAKURLPA,WALKURBLA",,Family Outstation,GWOJA,Not recorded,697,131.81991,,,,,,Unavailable,No population found
https://bushtel.nt.gov.au/profile/174,WALLACE ROCKHOLE,CENTRAL LAND COUNCIL,-24.1245,MACDONNELL,LJIRAPINTA,CENTRAL AUSTRALIA,174,Western Arrernte,"ULANA,URANDA,WALLACE ROCK HOLE",102.0,Major,GWOJA,Based on ABS 2021 Census SA1,698,133.0863,ILOC70901404,Wallace Rockhole,87.0,82.0,102.0,Based on ABS 2021 Census SA1,BushTel population
https://bushtel.nt.gov.au/profile/24903,WALLACES LAGOON,NORTHERN LAND COUNCIL,-16.12267,ROPER GULF,SOUTH WEST GULF,BIG RIVERS,24903,Not recorded,No aliases recorded with NTG DIPL,3.0,Family Outstation,BARKLY,Homelands Service Provider Report 2023,699,136.6356,,,,,3.0,Homelands Service Provider Report 2023,BushTel population
https://bushtel.nt.gov.au/profile/606,WALPIRI,NORTHERN LAND COUNCIL,-14.47361,KATHERINE,Not recorded,BIG RIVERS,606,Not recorded,"GEYULKGAN NGURRA,KATHERINE TOWN CAMP,KATHERINE TRANSIT CAMP,WARLPIRI CAMP,WARLPIRI TRANSIENT CAMP",,Town Camp,KATHERINE,Not recorded,700,132.2693,,,,,,Unavailable,No population found
https://bushtel.nt.gov.au/profile/748,WALU,CENTRAL LAND COUNCIL,-24.73711,MACDONNELL,IYARRKA,CENTRAL AUSTRALIA,748,Not recorded,TJILKAMATA,,Family Outstation,GWOJA,Not recorded,701,129.52559,,,,,,Unavailable,No population found
https://bushtel.nt.gov.au/profile/176,WALYTJATJATA,CENTRAL LAND COUNCIL,-25.97667,MACDONNELL,IYARRKA,CENTRAL AUSTRALIA,176,Not recorded,No aliases recorded with NTG DIPL,,Family Outstation,GWOJA,Not recorded,702,129.46583,,,,,,Unavailable,No population found
https://bushtel.nt.gov.au/profile/428,WAMINARI,NORTHERN LAND COUNCIL,-11.76861,WEST ARNHEM,BARRAH,TOP END,428,Not recorded,"WAMANARI,WAMINARA,WAMINARRA BAY",,Family Outstation,ARAFURA,Not recorded,703,133.39754,,,,,,Unavailable,No population found
https://bushtel.nt.gov.au/profile/890,WANAKUTJA,NORTHERN LAND COUNCIL,-11.10539,WEST ARNHEM,BARRAH,TOP END,890,Not recorded,No aliases recorded with NTG DIPL,,Family Outstation,ARAFURA,Not recorded,704,132.51106,,,,,,Unavailable,No population found
https://bushtel.nt.gov.au/profile/119,WANARKULA,CENTRAL LAND COUNCIL,-25.99663,MACDONNELL,IYARRKA,CENTRAL AUSTRALIA,119,Not recorded,"MULGA PARK,MULGA PARK STATION,ROCKET BORE",,Family Outstation,GWOJA,Not recorded,705,131.58803,,,,,,Unavailable,No population found
https://bushtel.nt.gov.au/profile/256,WANDANGULA,NORTHERN LAND COUNCIL,-16.05477,ROPER GULF,SOUTH WEST GULF,BIG RIVERS,256,Not recorded,"POLICE LAGOON,WANDA NGULA,WANDAGULA",39.0,Minor,BARKLY,Homelands Service Provider Report 2023,706,136.34558,,,,,39.0,Homelands Service Provider Report 2023,BushTel population
https://bushtel.nt.gov.au/profile/557,WANDAWUY,NORTHERN LAND COUNCIL,-12.89147,EAST ARNHEM,GUMURR MIWATJ,EAST ARNHEM,557,Not recorded,WULWULWUY,84.0,Family Outstation,ARNHEM,Homelands Service Provider Report 2023,707,136.35636,,,,,84.0,Homelands Service Provider Report 2023,BushTel population
https://bushtel.nt.gov.au/profile/690,WANGALINJI,NORTHERN LAND COUNCIL,-18.39639,BARKLY,KUWARRANGU,BARKLY,690,Not recorded,"CLEAN SKIN,WANGGULINJ,WANGULINJI",,Family Outstation,BARKLY,Not recorded,708,137.46692,,,,,,Unavailable,No population found
https://bushtel.nt.gov.au/profile/177,WANGKARI,CENTRAL LAND COUNCIL,-25.13169,MACDONNELL,IYARRKA,CENTRAL AUSTRALIA,177,Not recorded,No aliases recorded with NTG DIPL,,Family Outstation,GWOJA,Not recorded,709,129.01933,,,,,,Unavailable,No population found
https://bushtel.nt.gov.au/profile/178,WANMARRA,CENTRAL LAND COUNCIL,-24.38841,MACDONNELL,LJIRAPINTA,CENTRAL AUSTRALIA,178,Not recorded,BAGOT SPRINGS,14.0,Family Outstation,GWOJA,Homelands Service Provider Report 2023,710,131.80347,,,,,14.0,Homelands Service Provider Report 2023,BushTel population
https://bushtel.nt.gov.au/profile/652,WANMARRI,NORTHERN LAND COUNCIL,-14.45401,ROPER GULF,YUGUL MANGI,BIG RIVERS,652,Not recorded,"WANMARI,WANMURRI",,Family Outstation,ARNHEM,Not recorded,711,135.22691,,,,,,Unavailable,No population found
https://bushtel.nt.gov.au/profile/19471,WARBY,NORTHERN LAND COUNCIL,-16.1531,ROPER GULF,SOUTH WEST GULF,BIG RIVERS,19471,Not recorded,No aliases recorded with NTG DIPL,,Family Outstation,BARKLY,Not recorded,712,136.7344,,,,,,Unavailable,No population found
https://bushtel.nt.gov.au/profile/998,WARLPEYANGKRERE,CENTRAL LAND COUNCIL,-22.54894,CENTRAL DESERT,AKITYARRE,CENTRAL AUSTRALIA,998,Not recorded,TARLTON DOWNS,,Family Outstation,NAMATJIRA,Not recorded,713,136.99175,,,,,,Unavailable,No population found
https://bushtel.nt.gov.au/profile/179,WARREN CREEK,CENTRAL LAND COUNCIL,-23.26572,MACDONNELL,LURITJA PINTUBI,CENTRAL AUSTRALIA,179,Not recorded,No aliases recorded with NTG DIPL,6.0,Family Outstation,GWOJA,Homelands Service Provider Report 2023,714,131.17868,,,,,6.0,Homelands Service Provider Report 2023,BushTel population
https://bushtel.nt.gov.au/profile/429,WARRUWI,NORTHERN LAND COUNCIL,-11.64896,WEST ARNHEM,BARRAH,TOP END,429,Maung,GOULBURN ISLAND,507.0,Major,ARAFURA,Based on ABS 2021 Census SA1,715,133.38935,ILOC70400406,Warruwi,432.0,391.0,507.0,Based on ABS 2021 Census SA1,BushTel population
https://bushtel.nt.gov.au/profile/180,WARUMPI,CENTRAL LAND COUNCIL,-23.1851,MACDONNELL,LURITJA PINTUBI,CENTRAL AUSTRALIA,180,Not recorded,"3 MILE,3 MILE BORE,3 MILES,THREE MILE,THREE MILE BORE,THREE MILES",6.0,Family Outstation,GWOJA,Homelands Service Provider Report 2023,716,131.97514,,,,,6.0,Homelands Service Provider Report 2023,BushTel population
https://bushtel.nt.gov.au/profile/877,WATARU,CENTRAL LAND COUNCIL,-24.85858,MACDONNELL,IYARRKA,CENTRAL AUSTRALIA,877,Not recorded,No aliases recorded with NTG DIPL,7.0,Family Outstation,GWOJA,Homelands Service Provider Report 2023,717,129.05936,,,,,7.0,Homelands Service Provider Report 2023,BushTel population
https://bushtel.nt.gov.au/profile/889,WATDAGAWUY,NORTHERN LAND COUNCIL,-11.93961,EAST ARNHEM,GUMURR MARTHAKAL,EAST ARNHEM,889,Not recorded,GANAWA,,Family Outstation,MULKA,Not recorded,718,135.70074,,,,,,Unavailable,No population found
https://bushtel.nt.gov.au/profile/385,WAUK,NORTHERN LAND COUNCIL,-11.54863,WEST ARNHEM,BARRAH,TOP END,385,Not recorded,"ARRDUKBUKBUN,MUNGULGAN,MURGENELLA",,Family Outstation,ARAFURA,Not recorded,719,132.92501,,,,,,Unavailable,No population found
https://bushtel.nt.gov.au/profile/181,WAYILILINYPA,CENTRAL LAND COUNCIL,-22.50196,CENTRAL DESERT,SOUTHERN TANAMI,CENTRAL AUSTRALIA,181,Not recorded,"NGANA,WAYLILINPA,WAYLILYNPA",,Family Outstation,GWOJA,Not recorded,720,131.44669,,,,,,Unavailable,No population found
https://bushtel.nt.gov.au/profile/654,WEEMOL,NORTHERN LAND COUNCIL,-13.64418,ROPER GULF,NYIRRANGGULUNG,BIG RIVERS,654,Kriol,"WEEMOLL,WEMOOL",109.0,Minor,ARNHEM,Based on ABS 2021 Census SA1,721,134.30863,ILOC70500309,Weemol,93.0,91.0,109.0,Based on ABS 2021 Census SA1,BushTel population
https://bushtel.nt.gov.au/profile/182,WELERE,CENTRAL LAND COUNCIL,-22.02194,BARKLY,ALYAWARR,BARKLY,182,Not recorded,"DERRY DOWNS,PERETY",6.0,Family Outstation,BARKLY,Homelands Service Provider Report 2023,722,135.19169,,,,,6.0,Homelands Service Provider Report 2023,BushTel population
https://bushtel.nt.gov.au/profile/183,WELMALA,CENTRAL LAND COUNCIL,-25.68278,MACDONNELL,RODINGA,CENTRAL AUSTRALIA,183,Not recorded,WIRRMALYANGA,,Family Outstation,NAMATJIRA,Not recorded,723,133.26116,,,,,,Unavailable,No population found
https://bushtel.nt.gov.au/profile/655,WERENBUN,NORTHERN LAND COUNCIL,-14.18255,ROPER GULF,NYIRRANGGULUNG,BIG RIVERS,655,Not recorded,EDITH FALLS ROAD,20.0,Family Outstation,ARNHEM,Homelands Service Provider Report 2023,724,132.1611,,,,,20.0,Homelands Service Provider Report 2023,BushTel population
https://bushtel.nt.gov.au/profile/708,WERRE-THERRE,CENTRAL LAND COUNCIL,-23.54265,MACDONNELL,RODINGA,CENTRAL AUSTRALIA,708,Not recorded,"DAVIS CAMP,HAMILTON DOWNS,KUPULA URBALA,KUPUTA URBALA,MCCORMACKS CAMP,THAKAPERTE,WERE-THERRE",2.0,Family Outstation,NAMATJIRA,Homelands Service Provider Report 2023,725,133.63473,,,,,2.0,Homelands Service Provider Report 2023,BushTel population
https://bushtel.nt.gov.au/profile/274,WEST ISLAND,NORTHERN LAND COUNCIL,-15.64251,ROPER GULF,SOUTH WEST GULF,BIG RIVERS,274,Not recorded,"WURDIJIYA,WURDILIYA,WURDILYA,YATHUNGA",8.0,Family Outstation,BARKLY,Homelands Service Provider Report 2023,726,136.50235,,,,,8.0,Homelands Service Provider Report 2023,BushTel population
https://bushtel.nt.gov.au/profile/185,WEST WATERHOUSE,CENTRAL LAND COUNCIL,-23.99573,MACDONNELL,LJIRAPINTA,CENTRAL AUSTRALIA,185,Not recorded,WEST WATER HOUSE NO.2,10.0,Family Outstation,GWOJA,Homelands Service Provider Report 2023,727,133.11339,,,,,10.0,Homelands Service Provider Report 2023,BushTel population
https://bushtel.nt.gov.au/profile/431,WIGU,NORTHERN LAND COUNCIL,-11.61353,WEST ARNHEM,BARRAH,TOP END,431,Not recorded,"GOULBURN ISLAND,SOUTH GOULBURN IS",,Family Outstation,ARAFURA,Not recorded,728,133.43225,,,,,,Unavailable,No population found
https://bushtel.nt.gov.au/profile/952,WIITIN,CENTRAL LAND COUNCIL,-19.54493,BARKLY,PATTA,BARKLY,952,Not recorded,TENNANT CREEK TELEGRAPH STN,7.0,Family Outstation,BARKLY,Homelands Service Provider Report 2023,729,134.23657,,,,,7.0,Homelands Service Provider Report 2023,BushTel population
https://bushtel.nt.gov.au/profile/432,WILGI,NORTHERN LAND COUNCIL,-11.49601,WEST ARNHEM,BARRAH,TOP END,432,Not recorded,"TIGER'S CAMP,WANINGI,WILJI,WILTJU",40.0,Family Outstation,ARAFURA,Homelands Service Provider Report 2023,730,132.74947,,,,,40.0,Homelands Service Provider Report 2023,BushTel population
https://bushtel.nt.gov.au/profile/786,WILLIAMS WELL,CENTRAL LAND COUNCIL,-23.67327,MACDONNELL,RODINGA,CENTRAL AUSTRALIA,786,Not recorded,"PWAYNE,WILLIAMS CAMP",9.0,Family Outstation,NAMATJIRA,Homelands Service Provider Report 2023,731,134.27874,,,,,9.0,Homelands Service Provider Report 2023,BushTel population
https://bushtel.nt.gov.au/profile/186,WILLOWRA,CENTRAL LAND COUNCIL,-21.24446,CENTRAL DESERT,SOUTHERN TANAMI,CENTRAL AUSTRALIA,186,Warlpiri,"WILLOWRA STATION,WIRLIYATJARRAYI",261.0,Major,GWOJA,Based on ABS 2021 Census SA1,732,132.6139,ILOC70901501,Willowra,222.0,207.0,261.0,Based on ABS 2021 Census SA1,BushTel population
https://bushtel.nt.gov.au/profile/187,WILORA,CENTRAL LAND COUNCIL,-21.7411,CENTRAL DESERT,ANMATJERE,CENTRAL AUSTRALIA,187,Alyawarr,STIRLING STATION,69.0,Minor,BARKLY,Based on ABS 2021 Census SA1,733,133.7311,ILOC70900306,Wilora,59.0,59.0,69.0,Based on ABS 2021 Census SA1,BushTel population
https://bushtel.nt.gov.au/profile/751,WINPARKU,CENTRAL LAND COUNCIL,-23.43465,MACDONNELL,LURITJA PINTUBI,CENTRAL AUSTRALIA,751,Not recorded,"WINOPARKU,WINOPARKY",,Family Outstation,GWOJA,Not recorded,734,131.46172,,,,,,Unavailable,No population found
https://bushtel.nt.gov.au/profile/259,WOGYALA,NORTHERN LAND COUNCIL,-19.00617,BARKLY,KUWARRANGU,BARKLY,259,Not recorded,"3 MILE FLAT,ROCKHAMPTON DOWNS,WOGAYALA,WOGAYELA",40.0,Family Outstation,BARKLY,Homelands Service Provider Report 2023,735,135.17821,,,,,40.0,Homelands Service Provider Report 2023,BushTel population
https://bushtel.nt.gov.au/profile/21479,WOLLAGALONNG OUTSTATION,CENTRAL LAND COUNCIL,-21.36721,CENTRAL DESERT,ANMATJERE,CENTRAL AUSTRALIA,21479,Not recorded,No aliases recorded with NTG DIPL,,Family Outstation,BARKLY,Not recorded,736,133.4395,,,,,,Unavailable,No population found
https://bushtel.nt.gov.au/profile/275,WOLLOGORANG,NORTHERN LAND COUNCIL,-17.21828,ROPER GULF,SOUTH WEST GULF,BIG RIVERS,275,Not recorded,"BRANCH CREEK,DJANGALINA,JUNGALINA",2.0,Family Outstation,BARKLY,Homelands Service Provider Report 2023,737,137.98884,,,,,2.0,Homelands Service Provider Report 2023,BushTel population
https://bushtel.nt.gov.au/profile/434,WOODYCUPALDIYA,NORTHERN LAND COUNCIL,-13.85926,WEST DALY,THAMARRURR/PINDI PINDI,TOP END,434,Not recorded,"WOODE CUPILDIYA,WOODICUPILDYA,WOODYKAPILDIYA,WOODYKUPULDIYA,WUDIKAPILDIYEER",35.0,Minor,DALY,Homelands Service Provider Report 2023,738,130.00115,,,,,35.0,Homelands Service Provider Report 2023,BushTel population
https://bushtel.nt.gov.au/profile/697,WOOLANING,NORTHERN LAND COUNCIL,-13.10521,UN-INCORPORATED (COX-DALY),Not recorded,TOP END,697,Not recorded,No aliases recorded with NTG DIPL,4.0,Family Outstation,DALY,Homelands Service Provider Report 2023,739,130.6589,,,,,4.0,Homelands Service Provider Report 2023,BushTel population
https://bushtel.nt.gov.au/profile/715,WOOLIANA,NORTHERN LAND COUNCIL,-13.67483,VICTORIA DALY,MILNGIN,TOP END,715,Not recorded,No aliases recorded with NTG DIPL,11.0,Family Outstation,DALY,Homelands Service Provider Report 2023,740,130.64275,,,,,11.0,Homelands Service Provider Report 2023,BushTel population
https://bushtel.nt.gov.au/profile/778,WUDADUK,NORTHERN LAND COUNCIL,-14.02771,WEST DALY,THAMARRURR/PINDI PINDI,TOP END,778,Not recorded,"MURRADUM,MURRADUN",6.0,Family Outstation,DALY,Homelands Service Provider Report 2023,741,129.94375,,,,,6.0,Homelands Service Provider Report 2023,BushTel population
https://bushtel.nt.gov.au/profile/435,WUDAPULI,NORTHERN LAND COUNCIL,-14.21351,WEST DALY,THAMARRURR/PINDI PINDI,TOP END,435,Not recorded,"WUDAPULLI,WUDUPULA",54.0,Family Outstation,DALY,Homelands Service Provider Report 2023,742,129.85315,,,,,54.0,Homelands Service Provider Report 2023,BushTel population
https://bushtel.nt.gov.au/profile/581,WUGULARR,NORTHERN LAND COUNCIL,-14.5548,ROPER GULF,NYIRRANGGULUNG,BIG RIVERS,581,Eastside Kriol,BESWICK,636.0,Major,ARNHEM,Based on ABS 2021 Census SA1,743,133.1142,,,,,636.0,Based on ABS 2021 Census SA1,BushTel population
https://bushtel.nt.gov.au/profile/995,WULABURRI,NORTHERN LAND COUNCIL,-16.4064,ROPER GULF,SOUTH WEST GULF,BIG RIVERS,995,Not recorded,No aliases recorded with NTG DIPL,,Family Outstation,BARKLY,Not recorded,744,136.84162,,,,,,Unavailable,No population found
https://bushtel.nt.gov.au/profile/838,WULKABIMIRRI,NORTHERN LAND COUNCIL,-12.35538,EAST ARNHEM,BIRR RAWARRANG,EAST ARNHEM,838,Not recorded,WULKUBIMIRRI,35.0,Family Outstation,MULKA,Homelands Service Provider Report 2023,745,134.90591,,,,,35.0,Homelands Service Provider Report 2023,BushTel population
https://bushtel.nt.gov.au/profile/563,WUMAJBARR,NORTHERN LAND COUNCIL,-14.16648,ROPER GULF,NUMBULWAR NUMBURINDI,BIG RIVERS,563,Not recorded,WUMARRDJBARR,8.0,Family Outstation,ARNHEM,Homelands Service Provider Report 2023,746,135.69241,,,,,8.0,Homelands Service Provider Report 2023,BushTel population
https://bushtel.nt.gov.au/profile/937,WUMIRDIN,NORTHERN LAND COUNCIL,-14.18907,WEST DALY,THAMARRURR/PINDI PINDI,TOP END,937,Not recorded,No aliases recorded with NTG DIPL,,Family Outstation,DALY,Not recorded,747,129.56319,,,,,,Unavailable,No population found
https://bushtel.nt.gov.au/profile/707,WUNARA,CENTRAL LAND COUNCIL,-19.9898,BARKLY,ALYAWARR,BARKLY,707,Not recorded,"ARRAWARRA,ARRUWURRA,WUNARRA,WUNURRA",8.0,Family Outstation,BARKLY,Homelands Service Provider Report 2023,748,136.6181,,,,,8.0,Homelands Service Provider Report 2023,BushTel population
https://bushtel.nt.gov.au/profile/564,WUNBURRI,NORTHERN LAND COUNCIL,-11.59498,EAST ARNHEM,GUMURR MARTHAKAL,EAST ARNHEM,564,Not recorded,"BURGUNNGURA ISLAND,STEVENS ISLAND,WUNBIRRI",,Family Outstation,MULKA,Not recorded,749,136.07853,,,,,,Unavailable,No population found
https://bushtel.nt.gov.au/profile/996,WUNDIGALLA,NORTHERN LAND COUNCIL,-16.47557,ROPER GULF,SOUTH WEST GULF,BIG RIVERS,996,Not recorded,No aliases recorded with NTG DIPL,4.0,Family Outstation,BARKLY,Homelands Service Provider Report 2023,750,137.04307,,,,,4.0,Homelands Service Provider Report 2023,BushTel population
https://bushtel.nt.gov.au/profile/684,WUPPA,CENTRAL LAND COUNCIL,-19.63696,BARKLY,PATTA,BARKLY,684,Not recorded,WAPPA,,Town Camp,BARKLY,Not recorded,751,134.19918,,,,,,Unavailable,No population found
https://bushtel.nt.gov.au/profile/868,WURANKUWU,TIWI LAND COUNCIL,-11.61652,TIWI ISLANDS,BATHURST ISLAND WARD,TOP END,868,Not recorded,RANKU,35.0,Minor,ARAFURA,Homelands Service Provider Report 2023,752,130.27763,,,,,35.0,Homelands Service Provider Report 2023,BushTel population
https://bushtel.nt.gov.au/profile/437,WURDEJA,NORTHERN LAND COUNCIL,-12.17057,WEST ARNHEM,MANINGRIDA,TOP END,437,Not recorded,WUDEJA,35.0,Family Outstation,ARAFURA,Homelands Service Provider Report 2023,753,134.66085,,,,,35.0,Homelands Service Provider Report 2023,BushTel population
https://bushtel.nt.gov.au/profile/817,WURLBU,NORTHERN LAND COUNCIL,-16.07464,ROPER GULF,SOUTH WEST GULF,BIG RIVERS,817,Not recorded,"OOLBOUGH,WULBU",5.0,Family Outstation,BARKLY,Homelands Service Provider Report 2023,754,136.28415,,,,,5.0,Homelands Service Provider Report 2023,BushTel population
https://bushtel.nt.gov.au/profile/565,WURRUMENBUMANJA,ANINDILYAKWA LAND COUNCIL,-14.13779,EAST ARNHEM,ANINDILYAKWA,EAST ARNHEM,565,Not recorded,"LESKE POOLS,LESKIE POOLS,WURRUMENBUMANDJA,WURRUMENBUMANTJA",20.0,Family Outstation,ARNHEM,Homelands Service Provider Report 2023,755,136.51557,,,,,20.0,Homelands Service Provider Report 2023,BushTel population
https://bushtel.nt.gov.au/profile/400,WURRUMIYANGA,TIWI LAND COUNCIL,-11.75831,TIWI ISLANDS,BATHURST ISLAND WARD,TOP END,400,Tiwi (Modern and Traditional),"BATHURST ISLAND,NGUIU",1668.0,Major,ARAFURA,Based on ABS 2021 Census SA1,756,130.63747,,,,,1668.0,Based on ABS 2021 Census SA1,BushTel population
https://bushtel.nt.gov.au/profile/548,WURWULA,NORTHERN LAND COUNCIL,-11.97646,EAST ARNHEM,GUMURR MARTHAKAL,EAST ARNHEM,548,Not recorded,"INGLIS ISLAND,NIKAWUNGYURA,NYEKALA",,Family Outstation,MULKA,Not recorded,757,136.30349,,,,,,Unavailable,No population found
https://bushtel.nt.gov.au/profile/227,WUTUNUGURRA,CENTRAL LAND COUNCIL,-20.46156,BARKLY,ALYAWARR,BARKLY,227,Alyawarr,"EPENARRA,WETENNGERR,WUTTUNUGURR,WUTUNURRGURA",168.0,Major,BARKLY,Based on ABS 2021 Census SA1,758,135.25241,ILOC70700602,Wutunugurra,143.0,129.0,168.0,Based on ABS 2021 Census SA1,BushTel population
https://bushtel.nt.gov.au/profile/567,WUYAGIBA,NORTHERN LAND COUNCIL,-14.62149,ROPER GULF,NUMBULWAR NUMBURINDI,BIG RIVERS,567,Not recorded,"WIYAGIBA,WIYAKIPA",20.0,Family Outstation,ARNHEM,Homelands Service Provider Report 2023,759,135.52036,,,,,20.0,Homelands Service Provider Report 2023,BushTel population
https://bushtel.nt.gov.au/profile/984,YAKALA,CENTRAL LAND COUNCIL,-23.88668,MACDONNELL,LJIRAPINTA,CENTRAL AUSTRALIA,984,Not recorded,No aliases recorded with NTG DIPL,7.0,Family Outstation,GWOJA,Homelands Service Provider Report 2023,760,132.6639,,,,,7.0,Homelands Service Provider Report 2023,BushTel population
https://bushtel.nt.gov.au/profile/864,YALUKUN,NORTHERN LAND COUNCIL,-12.26251,EAST ARNHEM,GUMURR MIYARRKA,EAST ARNHEM,864,Not recorded,"YALAKUN,YALLIQUIN",9.0,Family Outstation,ARNHEM,Homelands Service Provider Report 2023,761,136.00585,,,,,9.0,Homelands Service Provider Report 2023,BushTel population
https://bushtel.nt.gov.au/profile/573,YANBAKWA,ANINDILYAKWA LAND COUNCIL,-14.21668,EAST ARNHEM,ANINDILYAKWA,EAST ARNHEM,573,Not recorded,"YANBAGWA,YENBAGWA,YENBAKWA,YENBAKWAY",29.0,Family Outstation,ARNHEM,Homelands Service Provider Report 2023,763,136.45613,,,,,29.0,Homelands Service Provider Report 2023,BushTel population
https://bushtel.nt.gov.au/profile/218,YANGULINYINA,NORTHERN LAND COUNCIL,-16.88886,ROPER GULF,SOUTH WEST GULF,BIG RIVERS,218,Not recorded,"BIDIDA,CALVERT HILLS,SURPRISE CREEK",13.0,Family Outstation,BARKLY,Homelands Service Provider Report 2023,764,137.20896,,,,,13.0,Homelands Service Provider Report 2023,BushTel population
https://bushtel.nt.gov.au/profile/569,YANUNGBI,NORTHERN LAND COUNCIL,-12.27975,EAST ARNHEM,GUMURR MIWATJ,EAST ARNHEM,569,Not recorded,"YANGUMBI,YANGUNBI",6.0,Family Outstation,MULKA,Homelands Service Provider Report 2023,765,136.65787,,,,,6.0,Homelands Service Provider Report 2023,BushTel population
https://bushtel.nt.gov.au/profile/278,YANYULA,NORTHERN LAND COUNCIL,-16.0613,ROPER GULF,SOUTH WEST GULF,BIG RIVERS,278,Not recorded,"BORROLOOLA TOWN CAMP,YANULA",,Town Camp,BARKLY,Not recorded,766,136.3083,ILOC70500103,Yanyula,119.0,112.0,119.0,ABS Census 2021 ILOC,ABS exact-name match - review recommended
https://bushtel.nt.gov.au/profile/658,YARRALIN,NORTHERN LAND COUNCIL,-16.44841,VICTORIA DALY,WALANGERI,BIG RIVERS,658,Ngarinyman / Kriol,No aliases recorded with NTG DIPL,332.0,Major,GWOJA,Based on ABS 2021 Census SA1,767,130.88279,ILOC70500903,Yarralin,283.0,250.0,332.0,Based on ABS 2021 Census SA1,BushTel population
https://bushtel.nt.gov.au/profile/939,YARTALU YARTALU,CENTRAL LAND COUNCIL,-20.57253,CENTRAL DESERT,NORTHERN TANAMI,CENTRAL AUSTRALIA,939,Not recorded,"BOGARDEE,GRANITES,THE GRANITES,YARDULYUYARDULYU",,Family Outstation,GWOJA,Not recorded,768,130.35528,,,,,,Unavailable,No population found
https://bushtel.nt.gov.au/profile/194,YATEMANS BORE,CENTRAL LAND COUNCIL,-23.68622,MACDONNELL,LJIRAPINTA,CENTRAL AUSTRALIA,194,Not recorded,"IRRANDI,IRRIANDI",,Family Outstation,GWOJA,Not recorded,769,131.61441,,,,,,Unavailable,No population found
https://bushtel.nt.gov.au/profile/571,YATHALAMARRA,NORTHERN LAND COUNCIL,-12.27446,EAST ARNHEM,BIRR RAWARRANG,EAST ARNHEM,571,Not recorded,"YATHALAMARA,YATHALMARRA",77.0,Minor,MULKA,Homelands Service Provider Report 2023,770,134.92196,,,,,77.0,Homelands Service Provider Report 2023,BushTel population
https://bushtel.nt.gov.au/profile/191,YATJALU,CENTRAL LAND COUNCIL,-22.40643,CENTRAL DESERT,SOUTHERN TANAMI,CENTRAL AUSTRALIA,191,Not recorded,YAJALU,,Family Outstation,GWOJA,Not recorded,771,131.16216,,,,,,Unavailable,No population found
https://bushtel.nt.gov.au/profile/719,YEDERR,NORTHERN LAND COUNCIL,-14.01965,WEST DALY,THAMARRURR/PINDI PINDI,TOP END,719,Not recorded,No aliases recorded with NTG DIPL,,Family Outstation,DALY,Not recorded,772,129.72201,,,,,,Unavailable,No population found
https://bushtel.nt.gov.au/profile/572,YEDIKBA,ANINDILYAKWA LAND COUNCIL,-14.08056,EAST ARNHEM,ANINDILYAKWA,EAST ARNHEM,572,Not recorded,EMERALD RIVER,8.0,Family Outstation,ARNHEM,Homelands Service Provider Report 2023,773,136.45703,,,,,8.0,Homelands Service Provider Report 2023,BushTel population
https://bushtel.nt.gov.au/profile/797,YIKARRAKKAL,NORTHERN LAND COUNCIL,-12.50363,WEST ARNHEM,MANINGRIDA,TOP END,797,Not recorded,"KUBUMI,YIKARRAKAL",10.0,Family Outstation,ARAFURA,Homelands Service Provider Report 2023,774,134.1114,,,,,10.0,Homelands Service Provider Report 2023,BushTel population
https://bushtel.nt.gov.au/profile/303,YILAN,NORTHERN LAND COUNCIL,-12.04251,WEST ARNHEM,MANINGRIDA,TOP END,303,Not recorded,"BUNBAWA,MU-GANARRA,MUGANARRA,MURGANARRA,Y'LAN",30.0,Family Outstation,ARAFURA,Homelands Service Provider Report 2023,775,134.62196,,,,,30.0,Homelands Service Provider Report 2023,BushTel population
https://bushtel.nt.gov.au/profile/898,YILILA,NORTHERN LAND COUNCIL,-13.68204,ROPER GULF,NUMBULWAR NUMBURINDI,BIG RIVERS,898,Not recorded,No aliases recorded with NTG DIPL,7.0,Family Outstation,ARNHEM,Homelands Service Provider Report 2023,776,135.91308,,,,,7.0,Homelands Service Provider Report 2023,BushTel population
https://bushtel.nt.gov.au/profile/574,YIMIDARRA,NORTHERN LAND COUNCIL,-14.21752,ROPER GULF,NUMBULWAR NUMBURINDI,BIG RIVERS,574,Not recorded,"POLICEMAN'S CROSSING,YIMIDARRI",15.0,Family Outstation,ARNHEM,Homelands Service Provider Report 2023,777,135.56463,,,,,15.0,Homelands Service Provider Report 2023,BushTel population
https://bushtel.nt.gov.au/profile/659,YINGUWUNARRI,NORTHERN LAND COUNCIL,-16.60891,VICTORIA DALY,WALANGERI,BIG RIVERS,659,Not recorded,"MONTEJINNI,OLD TOP SPRINGS,TOP SPRINGS,WANARR,YINGAWINARRI",,Family Outstation,GWOJA,Not recorded,778,131.82362,,,,,,Unavailable,No population found
https://bushtel.nt.gov.au/profile/999,YINYIKAY,NORTHERN LAND COUNCIL,-12.21024,EAST ARNHEM,GUMURR MARTHAKAL,EAST ARNHEM,999,Not recorded,"NYINIKAY,RHODES POINT",13.0,Family Outstation,MULKA,Homelands Service Provider Report 2023,779,136.22921,,,,,13.0,Homelands Service Provider Report 2023,BushTel population
https://bushtel.nt.gov.au/profile/195,YINYIRIPALANGU,CENTRAL LAND COUNCIL,-22.21046,CENTRAL DESERT,SOUTHERN TANAMI,CENTRAL AUSTRALIA,195,Not recorded,"ETHEL CREEK,NGARI-PALYA",,Family Outstation,GWOJA,Not recorded,780,130.20558,,,,,,Unavailable,No population found
https://bushtel.nt.gov.au/profile/1002,YIRRA BANDOO,NORTHERN LAND COUNCIL,-12.57293,LITCHFIELD,CENTRAL WARD,"DARWIN, PALMERSTON, LITCHFIELD",1002,Not recorded,"ELIZABETH RIVER,VIRGINIA",,Family Outstation,GOYDER,Not recorded,781,131.02238,,,,,,Unavailable,No population found
https://bushtel.nt.gov.au/profile/575,YIRRINGA,NORTHERN LAND COUNCIL,-11.64538,EAST ARNHEM,GUMURR MARTHAKAL,EAST ARNHEM,575,Not recorded,DRYSDALE ISLAND,,Family Outstation,MULKA,Not recorded,782,136.02578,,,,,,Unavailable,No population found
https://bushtel.nt.gov.au/profile/576,YIRRKALA,NORTHERN LAND COUNCIL,-12.25279,EAST ARNHEM,GUMURR MIWATJ,EAST ARNHEM,576,Yolngu Matha(Djambarrpuyngu),No aliases recorded with NTG DIPL,771.0,Major,MULKA,Based on ABS 2021 Census SA1,783,136.89168,ILOC70600801,Yirrkala,657.0,524.0,771.0,Based on ABS 2021 Census SA1,BushTel population
https://bushtel.nt.gov.au/profile/672,YUDU YUDU,NORTHERN LAND COUNCIL,-12.23335,EAST ARNHEM,GUMURR MIWATJ,EAST ARNHEM,672,Not recorded,YUDUYUDU,14.0,Family Outstation,MULKA,Homelands Service Provider Report 2023,784,136.63724,,,,,14.0,Homelands Service Provider Report 2023,BushTel population
https://bushtel.nt.gov.au/profile/197,YUELAMU,CENTRAL LAND COUNCIL,-22.25835,CENTRAL DESERT,ANMATJERE,CENTRAL AUSTRALIA,197,Anmatyerr / Warlpiri,"ALPIRAKINA,MOUNT ALLAN",175.0,Major,GWOJA,Based on ABS 2021 Census SA1,785,132.20557,ILOC70901601,Yuelamu,149.0,142.0,175.0,Based on ABS 2021 Census SA1,BushTel population
https://bushtel.nt.gov.au/profile/198,YUENDUMU,CENTRAL LAND COUNCIL,-22.25389,CENTRAL DESERT,SOUTHERN TANAMI,CENTRAL AUSTRALIA,198,Warlpiri,No aliases recorded with NTG DIPL,869.0,Major,GWOJA,Based on ABS 2021 Census SA1,786,131.79529,,,,,869.0,Based on ABS 2021 Census SA1,BushTel population
https://bushtel.nt.gov.au/profile/20026,YULARA,CENTRAL LAND COUNCIL,-25.24133,UN-INCORPORATED (YULARA),Not recorded,CENTRAL AUSTRALIA,20026,Not recorded,YULURA,,Town,GWOJA,Not recorded,787,130.98766,,,,,,Unavailable,No population found
https://bushtel.nt.gov.au/profile/863,YULARA PULKA,CENTRAL LAND COUNCIL,-25.25455,MACDONNELL,IYARRKA,CENTRAL AUSTRALIA,863,Not recorded,No aliases recorded with NTG DIPL,5.0,Family Outstation,GWOJA,Homelands Service Provider Report 2023,788,130.89108,,,,,5.0,Homelands Service Provider Report 2023,BushTel population
https://bushtel.nt.gov.au/profile/1010,YULBARA,NORTHERN LAND COUNCIL,-15.7777,ROPER GULF,SOUTH WEST GULF,BIG RIVERS,1010,Not recorded,ULBARA POINT,,Family Outstation,BARKLY,Not recorded,789,136.9997,,,,,,Unavailable,No population found
https://bushtel.nt.gov.au/profile/200,YUMURRPA,CENTRAL LAND COUNCIL,-21.62731,CENTRAL DESERT,SOUTHERN TANAMI,CENTRAL AUSTRALIA,200,Not recorded,"CAVES BORE,YUMURLPA",,Family Outstation,GWOJA,Not recorded,790,130.78047,,,,,,Unavailable,No population found
https://bushtel.nt.gov.au/profile/196,YUWALKI,CENTRAL LAND COUNCIL,-23.56347,MACDONNELL,LURITJA PINTUBI,CENTRAL AUSTRALIA,196,Not recorded,"MT. DAVID BORE,UALKI,YUALTJI",,Family Outstation,GWOJA,Not recorded,791,129.53922,,,,,,Unavailable,No population found
https://bushtel.nt.gov.au/profile/123,YUWERLI,CENTRAL LAND COUNCIL,-22.03566,CENTRAL DESERT,SOUTHERN TANAMI,CENTRAL AUSTRALIA,123,Not recorded,"BEAN TREE,NGALIKIRLAN",,Family Outstation,GWOJA,Not recorded,792,131.65064,,,,,,Unavailable,No population found
