community_id,community_name,community_type,community_latitude,community_longitude,population_final,nearest_tower_state,nearest_tower_id,nearest_tower_name,distance_community_to_tower_km,nearest_wifi_id,nearest_wifi_address,distance_community_to_wifi_km,ABB_NAME,nbn_connection_lga,nbn_connection_at_point,mobile_site_name,mobile_site_type,mobile_macro_cell,mobile_small_cell,mobile_proximity_to_cell,mobile_provider,mobile_connection,mobile_match_distance_km,mobile_match_method,mobile_data_status
1022,10 MILE,Family Outstation,-20.40628,134.75934,8.0,NT,53061,Panjirriji TENNANT CREEK,28.23,4,10 LUCK STREET,147.31,Barkly,Fixed Line,No mapped coverage,,,,,,,,,,No record in Mobile Coverage dataset
1004,10 MILE OUTSTATION,Family Outstation,-22.46667,132.37658,10.0,NT,10009413,"Camp 1 Tanami Pipeline Tanami Rd, 72 km SE of Yuendumu",19.58,96,2 POSSUM CR,94.88,Central Desert,No mapped coverage,No mapped coverage,,,,,,,,,,No record in Mobile Coverage dataset
783,16 MILE CAMP,Family Outstation,-23.45764,133.83248,,NT,10033488,"MarchNet Site Burt Plain, 18247 Stuart Highway Burt Plain",2.39,107,"Town Camp name: Whitegate, (Unit 1) Lot 5126, Undoolya Road,",27.52,MacDonnell,No mapped coverage,No mapped coverage,,,,,,,,,,No record in Mobile Coverage dataset
24993,20 MILE,Family Outstation,-16.08535,136.54826,6.0,NT,2231,Telstra Radio Terminal 32 km ESE of Borroloola FLETCHER,13.49,19,191 ROBINSON RD,25.84,Roper Gulf,No mapped coverage,No mapped coverage,,,,,,,,,,No record in Mobile Coverage dataset
1006,4 MILE CAMP,Family Outstation,-11.77798,130.59548,7.0,NT,10003079,Airport Lighting Room Bathurst Island Airport BATHURST ISLAND,2.85,124,142 Wagait Tower Road,74.98,Tiwi Islands,No mapped coverage,No mapped coverage,,,,,,,,,,No record in Mobile Coverage dataset
759,5 MILE BORE,Family Outstation,-23.23265,131.98296,24.0,NT,2877,Broadcast Site Pump House PAPUNYA,7.57,96,2 POSSUM CR,8.21,MacDonnell,No mapped coverage,No mapped coverage,,,,,,,,,,No record in Mobile Coverage dataset
279,ACACIA LARRAKIA,Family Outstation,-12.8142,131.1715,799.0,NT,10022049,"Acacia Water Compound, Lot 13, Soob Road MANTON",0.16,10,"Bagot Community Laundry, 133 Bagot Road",56.11,Litchfield,"Fixed Line, Fixed Wireless",No mapped coverage,,,,,,,,,,No record in Mobile Coverage dataset
979,ADBANAE,Family Outstation,-11.24167,131.97531,,NT,1027,Telstra Radio Terminal Araru Point COBOURG PENINSULA,11.91,10,"Bagot Community Laundry, 133 Bagot Road",178.64,West Arnhem,Fixed Line,No mapped coverage,,,,,,,,,,No record in Mobile Coverage dataset
1,ADELAIDE BORE,Family Outstation,-22.21485,133.93607,14.0,NT,2936,Telstra Radio Terminal 6.5 km N of Casuarina Bore WOODDUCK,16.39,109,"Apungalindum Homeland School, 11780 Sandover Hwy (Pungalindum Road)",79.31,Central Desert,No mapped coverage,No mapped coverage,,,,,,,,,,No record in Mobile Coverage dataset
10153,ADELAIDE RIVER,Village,-13.2378,131.10473,,NT,1739,Pump Station ADELAIDE RIVER,0.22,10,"Bagot Community Laundry, 133 Bagot Road",95.38,Coomalie,Fixed Wireless,No mapped coverage,ADELAIDE RIVER,VILLAGE,YES,,,OPTUS/TELSTRA,Macro Cell,0.03672422256874891,Name,Mobile coverage record found
895,ADJAMARRAGU,Family Outstation,-11.15182,132.47559,,NT,1626,Croker Airport CROKER ISLAND,4.51,10,"Bagot Community Laundry, 133 Bagot Road",225.55,West Arnhem,Fixed Line,No mapped coverage,,,,,,,,,,No record in Mobile Coverage dataset
787,AKARNENEHE WELL,Family Outstation,-23.05992,136.19361,,NT,2891,Telstra Radio Terminal 5.5 km SSW of Jervois Hmsd PLENTY RIVER,10.19,110,"Irrultja School, 28 Irrultja Int Road",163.52,Central Desert,No mapped coverage,No mapped coverage,,,,,,,,,,No record in Mobile Coverage dataset
3,AKNGWERTNARRE,Town Camp,-23.6928,133.8612,,NT,134095,6 Kennett Court ALICE SPRINGS,0.2,107,"Town Camp name: Whitegate, (Unit 1) Lot 5126, Undoolya Road,",5.65,Alice Springs,Fixed Line,Fixed Line,,,,,,,,,,No record in Mobile Coverage dataset
959,AKWALIRRUMANJA,Family Outstation,-13.86346,136.77866,35.0,NT,139353,Umbakumba Water Compound  UMBAKUMBA,3.51,123,"Umbakumba Main Council Office, 12 (Lot 229) Mamarika Rd",3.75,Groote Archipelago,No mapped coverage,No mapped coverage,,,,,,,,,,No record in Mobile Coverage dataset
280,ALAMIRRA,Family Outstation,-11.06745,132.52835,4.0,NT,1626,Croker Airport CROKER ISLAND,6.89,10,"Bagot Community Laundry, 133 Bagot Road",235.94,West Arnhem,Fixed Line,No mapped coverage,ALAMIRRA,COMMUNITY,,,YES,TELSTRA,Proximity to Cell,0.06294918514266347,Name,Mobile coverage record found
693,ALATYEYE,Family Outstation,-23.09733,134.21897,3.0,NT,1031,Telstra Customer ALATEYE,0.06,107,"Town Camp name: Whitegate, (Unit 1) Lot 5126, Undoolya Road,",73.04,Central Desert,No mapped coverage,No mapped coverage,,,,,,,,,,No record in Mobile Coverage dataset
441,ALHARRGAN,Family Outstation,-13.67507,136.05261,6.0,NT,55575,Telstra Radio Terminal BICKERTON ISLAND,17.05,5,"Angurugu Main Council Office, Lot 490 Angurugu Community",55.75,Roper Gulf,No mapped coverage,No mapped coverage,,,,,,,,,,No record in Mobile Coverage dataset
202,ALI CURUNG,Major,-21.00333,134.40694,463.0,NT,570263,Telstra Radio Terminal ALI CURUNG,0.09,112,"Urapuntja Community (Clinic School), Sandover Highway",109.12,Barkly,Fixed Line,No mapped coverage,ALI CURUNG,COMMUNITY,YES,,,TELSTRA,Macro Cell,0.03721922542992349,Name,Mobile coverage record found
10219,ALICE SPRINGS,Town,-23.6994,133.8807,,NT,9026367,36-38 Hartley St ALICE SPRINGS,0.04,107,"Town Camp name: Whitegate, (Unit 1) Lot 5126, Undoolya Road,",3.74,Alice Springs,Fixed Line,Fixed Line,,,,,,,,,,No record in Mobile Coverage dataset
852,ALICE WELL,Family Outstation,-24.88123,134.22962,6.0,NT,136519,Outstation 136 km SSE of Alice Springs ALICE WELL,0.13,113,"Keringke Arts Aboriginal Corporation, 17 KERINGKE CR",84.62,MacDonnell,No mapped coverage,No mapped coverage,,,,,,,,,,No record in Mobile Coverage dataset
4,ALKIPI,Family Outstation,-23.27356,131.82924,,NT,2868,HF Site PAPUNYA,7.87,96,2 POSSUM CR,11.31,MacDonnell,No mapped coverage,No mapped coverage,,,,,,,,,,No record in Mobile Coverage dataset
769,ALKNGARRIINTJA,Family Outstation,-23.95602,132.46233,8.0,NT,2808,Site 1 Magellan Petroleum Gas Plant PALM VALLEY,18.82,96,2 POSSUM CR,100.91,MacDonnell,No mapped coverage,No mapped coverage,,,,,,,,,,No record in Mobile Coverage dataset
714,ALKUPTIJA,Family Outstation,-23.06533,133.69436,31.0,NT,2598,Telstra Radio Terminal 8388 69 km NNW of Alice Springs COLES HILL,4.34,107,"Town Camp name: Whitegate, (Unit 1) Lot 5126, Undoolya Road,",73.36,MacDonnell,No mapped coverage,No mapped coverage,,,,,,,,,,No record in Mobile Coverage dataset
7,ALPARA,Family Outstation,-25.91526,131.21242,,NT,2673,Telstra Radio Terminal 10 km N Mulga Park Station MULGA,52.35,96,2 POSSUM CR,309.69,MacDonnell,No mapped coverage,No mapped coverage,,,,,,,,,,No record in Mobile Coverage dataset
203,ALPURRURULAM,Major,-20.98417,137.84749,411.0,NT,10009044,16 Antyiper Street Alpurrurulam,0.21,4,10 LUCK STREET,281.79,Barkly,Fixed Line,No mapped coverage,ALPURRURULAM,COMMUNITY,YES,,,TELSTRA,Macro Cell,0.05427062096560811,Name,Mobile coverage record found
10270,ALYANGULA,Town,-13.8506,136.4191,751.0,NT,10015847,Ayawurra St GROOTE EYLANDT,0.16,5,"Angurugu Main Council Office, Lot 490 Angurugu Community",15.28,Un-Incorporated (Alyangula),No mapped coverage,No mapped coverage,,,,,,,,,,No record in Mobile Coverage dataset
24991,ALYARPERE,Family Outstation,-23.70776,134.49332,4.0,NT,9023758,Loves Creek 10km SE of Ross River Resort ALICE SPRINGS,7.94,113,"Keringke Arts Aboriginal Corporation, 17 KERINGKE CR",48.65,MacDonnell,No mapped coverage,No mapped coverage,,,,,,,,,,No record in Mobile Coverage dataset
442,ALYINGBERRMA,Family Outstation,-13.80934,136.81691,,NT,44411,Powerhouse Umbakumba GROOTE EYLANDT,3.15,123,"Umbakumba Main Council Office, 12 (Lot 229) Mamarika Rd",5.33,Groote Archipelago,No mapped coverage,No mapped coverage,,,,,,,,,,No record in Mobile Coverage dataset
2,ALYUEN,Family Outstation,-22.66949,133.35147,12.0,NT,133675,Broadcast Site Alyuen  ALYUEN,0.14,107,"Town Camp name: Whitegate, (Unit 1) Lot 5126, Undoolya Road,",127.61,Central Desert,No mapped coverage,No mapped coverage,,,,,,,,,,No record in Mobile Coverage dataset
622,AMANBIDJI,Major,-16.42806,129.6189,88.0,NT,10043364,"20 m seesaw monopole, Amanbidji Community BAINES",0.26,71,"Merrepan Community, Lot 7 Merrepen",248.14,Victoria Daly,No mapped coverage,No mapped coverage,,,,,,,,,,No record in Mobile Coverage dataset
445,AMANBURNUNGA,Family Outstation,-13.92641,136.69486,,NT,9027471,Umbakumba Repeater Tower 15 km WNW of Umbakumba Town GROOTE EYLANDT,12.35,123,"Umbakumba Main Council Office, 12 (Lot 229) Mamarika Rd",14.88,Groote Archipelago,No mapped coverage,No mapped coverage,,,,,,,,,,No record in Mobile Coverage dataset
427,AMANGAL INDIGENOUS VILLAGE,Town Camp,-13.2445,131.1041,,NT,140789,Council Site Lot 207 off Dorat Rd (Access Rd) ADELAIDE RIVER,0.54,10,"Bagot Community Laundry, 133 Bagot Road",96.08,Coomalie,Fixed Wireless,No mapped coverage,,,,,,,,,,No record in Mobile Coverage dataset
282,AMATJATPALK,Family Outstation,-11.59488,133.45508,,NT,10042448,"Cyan GNSS Raft, 1.2 km N of Andjarrging Point SOUTH GOULBURN ISLAND",2.11,101,"Council Building, House 2, 21 (Lot 123) Warrk Rd",179.75,West Arnhem,Fixed Line,No mapped coverage,,,,,,,,,,No record in Mobile Coverage dataset
104,AMENGERNTERNEAH,Family Outstation,-21.89767,134.84166,,NT,570670,Urapuntja Clinic UTOPIA,0.22,112,"Urapuntja Community (Clinic School), Sandover Highway",0.15,Barkly,Fixed Line,No mapped coverage,,,,,,,,,,No record in Mobile Coverage dataset
446,AMIRRABA,Family Outstation,-13.90868,136.85787,,NT,10037739,"Umbakumba Power Station, Lot 130 Mamarika Road UMBAKUMBA",7.13,123,"Umbakumba Main Council Office, 12 (Lot 229) Mamarika Rd",7.52,Groote Archipelago,No mapped coverage,No mapped coverage,,,,,,,,,,No record in Mobile Coverage dataset
9,AMOONGUNA,Major,-23.76632,133.93599,269.0,NT,10016617,"Amoonguna Sewerage Ponds, Lot 189 Sewer Ponds Road AMOONGUNA",1.03,3,"Town Camp name: Amoonguna, 243 White Gum Drive",0.28,MacDonnell,No mapped coverage,No mapped coverage,AMOONGUNA,COMMUNITY,,,YES,OPTUS/TELSTRA,Proximity to Cell,0.03559697513246691,Name,Mobile coverage record found
10,AMPILATWATJA,Major,-21.65664,135.22509,515.0,NT,10002882,Ampilatawatja Water Compound 338 Main Road Ampilatawatja (Amaroo),0.15,4,10 LUCK STREET,0.13,Barkly,Fixed Line,No mapped coverage,AMPILATWATJA,COMMUNITY,YES,,,TELSTRA,Macro Cell,0.041096597262455944,Name,Mobile coverage record found
11,AMPUTJUTA,Family Outstation,-24.92956,129.12287,,NT,9000976,CB Repeater Site Hill 919M DOCKER RIVER,5.38,96,2 POSSUM CR,341.86,MacDonnell,No mapped coverage,No mapped coverage,,,,,,,,,,No record in Mobile Coverage dataset
761,AMUNDURNGUA,Family Outstation,-23.27143,131.42343,10.0,NT,2866,HF Site MT LIEBIG,6.42,96,2 POSSUM CR,50.21,MacDonnell,No mapped coverage,No mapped coverage,,,,,,,,,,No record in Mobile Coverage dataset
449,ANDANANGKI,Family Outstation,-13.60962,135.76503,10.0,NT,1411,Andhananggi/100km NW GROOTE EYLANDT,6.35,5,"Angurugu Main Council Office, Lot 490 Angurugu Community",85.8,Roper Gulf,No mapped coverage,No mapped coverage,,,,,,,,,,No record in Mobile Coverage dataset
13,ANGAS DOWNS,Family Outstation,-25.03447,132.27377,2.0,NT,2752,Telstra Radio Terminal WILBIA WELL,13.16,96,2 POSSUM CR,206.96,MacDonnell,No mapped coverage,No mapped coverage,,,,,,,,,,No record in Mobile Coverage dataset
916,ANGATYEPE,Family Outstation,-23.745,133.7275,21.0,NT,9008826,Burts Bluff WEST MACDONNELL RANGES,1.75,27,"Town Camp name: Drive In, 42 RUBUNTJA CRESCENT",14.11,MacDonnell,No mapped coverage,No mapped coverage,ANGATYEPE,COMMUNITY,,,YES,TELSTRA,Proximity to Cell,0.05089102053434387,Name,Mobile coverage record found
917,ANGKERLE ARRENGE (A),Family Outstation,-23.74599,133.48008,16.0,NT,10022411,"Telstra Site, Standley Creek Kiosk Hugh",2.88,27,"Town Camp name: Drive In, 42 RUBUNTJA CRESCENT",39.24,MacDonnell,No mapped coverage,No mapped coverage,,,,,,,,,,No record in Mobile Coverage dataset
918,ANGKERLE ARRENGE (B),Family Outstation,-23.73894,133.47969,3.0,NT,10022411,"Telstra Site, Standley Creek Kiosk Hugh",2.14,27,"Town Camp name: Drive In, 42 RUBUNTJA CRESCENT",39.32,MacDonnell,No mapped coverage,No mapped coverage,,,,,,,,,,No record in Mobile Coverage dataset
12,ANGULA,Family Outstation,-22.55781,134.21675,6.0,NT,139635,Broadcast Site  MULGA BORE,11.87,109,"Apungalindum Homeland School, 11780 Sandover Hwy (Pungalindum Road)",72.87,Central Desert,No mapped coverage,No mapped coverage,,,,,,,,,,No record in Mobile Coverage dataset
451,ANGURUGU,Major,-13.98224,136.46057,1037.0,NT,10012139,Angurugu Art and Cultural Centre Lot 365 ANGURUGU,0.06,5,"Angurugu Main Council Office, Lot 490 Angurugu Community",0.06,Groote Archipelago,No mapped coverage,No mapped coverage,ANGURUGU,COMMUNITY,YES,,,TELSTRA,Macro Cell,0.05352464764432295,Name,Mobile coverage record found
960,ANGWURA,Family Outstation,-13.91942,136.72609,8.0,NT,139353,Umbakumba Water Compound  UMBAKUMBA,11.2,123,"Umbakumba Main Council Office, 12 (Lot 229) Mamarika Rd",11.65,Groote Archipelago,No mapped coverage,No mapped coverage,,,,,,,,,,No record in Mobile Coverage dataset
285,ANKABADBIRRI,Family Outstation,-12.25695,134.41973,18.0,NT,1566,Telstra Radio Terminal Helmholtz 21.5 km SSE of MANINGRIDA,12.87,101,"Council Building, House 2, 21 (Lot 123) Warrk Rd",55.74,West Arnhem,Fixed Line,No mapped coverage,,,,,,,,,,No record in Mobile Coverage dataset
170,ANKERRAPW,Family Outstation,-22.23004,134.56306,,NT,151645,Broadcast Site Arlparra Store Via Sandover Highway UTOPIA,0.43,109,"Apungalindum Homeland School, 11780 Sandover Hwy (Pungalindum Road)",22.07,Barkly,Fixed Line,No mapped coverage,,,,,,,,,,No record in Mobile Coverage dataset
823,ANKWELEYELENGKWE,Family Outstation,-21.59675,133.75517,6.0,NT,2995,Telstra Radio Terminal 8393 FORSTER RANGE,3.44,109,"Apungalindum Homeland School, 11780 Sandover Hwy (Pungalindum Road)",109.93,Central Desert,No mapped coverage,No mapped coverage,,,,,,,,,,No record in Mobile Coverage dataset
1021,ANNERRE,Family Outstation,-21.26169,134.00116,,NT,3010,Telstra Radio Terminal OSBORNE RANGE,12.09,112,"Urapuntja Community (Clinic School), Sandover Highway",111.95,Barkly,Fixed Line,No mapped coverage,,,,,,,,,,No record in Mobile Coverage dataset
14,ANNINGIE,Family Outstation,-21.83473,133.14445,,NT,151648,Broadcast Site Ti Tree Station NTURIYA,34.41,109,"Apungalindum Homeland School, 11780 Sandover Hwy (Pungalindum Road)",161.54,Central Desert,No mapped coverage,No mapped coverage,,,,,,,,,,No record in Mobile Coverage dataset
788,ANTERE,Family Outstation,-25.66309,134.40934,,NT,53712,Broadcast Site FINKE,18.48,31,15 LAPADUM STREET,19.06,MacDonnell,No mapped coverage,No mapped coverage,,,,,,,,,,No record in Mobile Coverage dataset
16,ANTHELK EWLPAYE,Town Camp,-23.68979,133.87932,122.0,NT,2527,Lot 1605 Schwarz Crescent ALICE SPRINGS,0.25,107,"Town Camp name: Whitegate, (Unit 1) Lot 5126, Undoolya Road,",3.82,Alice Springs,Fixed Line,Fixed Line,,,,,,,,,,No record in Mobile Coverage dataset
17,ANTHEPE,Town Camp,-23.7575,133.8655,,NT,2476,Microwave Site 6 km South of ALICE SPRINGS,0.51,27,"Town Camp name: Drive In, 42 RUBUNTJA CRESCENT",0.13,Alice Springs,Fixed Line,No mapped coverage,,,,,,,,,,No record in Mobile Coverage dataset
19,APER ALWERRKNGE,Town Camp,-23.66835,133.87085,,NT,570572,Lot 554 (196) Stuart Hwy ALICE SPRINGS,0.27,107,"Town Camp name: Whitegate, (Unit 1) Lot 5126, Undoolya Road,",5.4,Alice Springs,Fixed Line,Fixed Line,,,,,,,,,,No record in Mobile Coverage dataset
335,ARARLAGU,Family Outstation,-11.52722,133.39848,,NT,10004310,Warruwi Borefield Tank Compound Lot 109 Injilatparri Access Road Warruwi South Goulburn Island,9.67,101,"Council Building, House 2, 21 (Lot 123) Warrk Rd",188.71,West Arnhem,Fixed Line,No mapped coverage,,,,,,,,,,No record in Mobile Coverage dataset
288,ARARU POINT,Family Outstation,-11.19364,131.87783,7.0,NT,570388,Telstra Radio Terminal Araru COBOURG PEN,0.19,10,"Bagot Community Laundry, 133 Bagot Road",175.67,West Arnhem,Fixed Line,No mapped coverage,,,,,,,,,,No record in Mobile Coverage dataset
147,ARAWERR,Minor,-22.01371,134.84618,129.0,NT,153240,Broadcast Site via Sandover Highway SOAPY BORE,0.08,111,"Soapy Bore School, House 20, Lot 705 Soapy Bore Community Road",0.12,Barkly,Fixed Line,No mapped coverage,,,,,,,,,,No record in Mobile Coverage dataset
20,AREYONGA,Major,-24.07361,132.27083,277.0,NT,151566,Broadcast Site  AREYONGA,0.14,96,2 POSSUM CR,103.55,MacDonnell,No mapped coverage,No mapped coverage,,,,,,,,,,No record in Mobile Coverage dataset
1023,ARKANTA,Family Outstation,-24.52148,132.81995,12.0,NT,570371,Telstra Radio Terminal BIG STONE,10.45,86,26 (Goanna) New Ilparpa,135.79,MacDonnell,No mapped coverage,No mapped coverage,,,,,,,,,,No record in Mobile Coverage dataset
168,ARLPARRA,Family Outstation,-22.08779,134.77476,110.0,NT,9018180,Telstra Terminal LOT 17 Arlparra Comm SANDOVER,0.15,109,"Apungalindum Homeland School, 11780 Sandover Hwy (Pungalindum Road)",8.94,Barkly,Fixed Line,No mapped coverage,ARLPARRA,COMMUNITY,YES,,,TELSTRA,Macro Cell,0.0340110666494477,Name,Mobile coverage record found
968,ARMORRAN,Family Outstation,-11.75575,133.38142,8.0,NT,41042,Broadcast Site Lot 45 Warruwi Comm. WARRUWI,11.61,101,"Council Building, House 2, 21 (Lot 123) Warrk Rd",179.79,West Arnhem,Fixed Line,No mapped coverage,ARMORRAN,COMMUNITY,,,YES,TELSTRA,Proximity to Cell,0.053509850608877196,Name,Mobile coverage record found
79,ARMSTRONGS,Family Outstation,-23.87918,132.68001,5.0,NT,603240,Power & Water Authority Power Station HERMANNSBURG,4.22,96,2 POSSUM CR,108.73,MacDonnell,No mapped coverage,No mapped coverage,,,,,,,,,,No record in Mobile Coverage dataset
735,ARRAWAJIN,Family Outstation,-20.51825,134.97551,,NT,138461,Clough Range Epenerra Station TENNANT CREEK,28.84,4,10 LUCK STREET,129.33,Barkly,Fixed Line,No mapped coverage,,,,,,,,,,No record in Mobile Coverage dataset
893,ARRGAMURRMUR,Family Outstation,-11.17399,132.61015,,NT,1620,Broadcast Site Council Office Yington Street MINJILANG,4.37,10,"Bagot Community Laundry, 133 Bagot Road",235.73,West Arnhem,Fixed Line,No mapped coverage,,,,,,,,,,No record in Mobile Coverage dataset
919,ARRILLHJERE,Family Outstation,-23.77981,133.62608,2.0,NT,570843,Western McDonald Ranges ALICE SPRINGS,2.33,27,"Town Camp name: Drive In, 42 RUBUNTJA CRESCENT",24.46,MacDonnell,No mapped coverage,No mapped coverage,ARRILLHJERE,COMMUNITY,,,YES,TELSTRA,Proximity to Cell,0.022641083589348066,Name,Mobile coverage record found
21,ARRKAPA,Family Outstation,-23.98248,132.82937,2.0,NT,151571,Broadcast Site HERMANNSBURG,6.9,27,"Town Camp name: Drive In, 42 RUBUNTJA CRESCENT",108.25,MacDonnell,No mapped coverage,No mapped coverage,,,,,,,,,,No record in Mobile Coverage dataset
910,ARRUNGKEE,Family Outstation,-22.49935,132.28147,10.0,NT,10009414,"S1-1-2 Tanami Pipeline Tanami Rd, 50 km SE of Yuendumu",9.34,96,2 POSSUM CR,87.07,Central Desert,No mapped coverage,No mapped coverage,,,,,,,,,,No record in Mobile Coverage dataset
22,ARTEKERR,Family Outstation,-22.29022,134.54312,26.0,NT,153467,Broadcast Site Atikirra via Sandover Highway UTOPIA,1.28,109,"Apungalindum Homeland School, 11780 Sandover Hwy (Pungalindum Road)",28.77,Barkly,Fixed Line,No mapped coverage,,,,,,,,,,No record in Mobile Coverage dataset
712,ARTEKERRE,Family Outstation,-23.25739,133.7666,51.0,NT,9910840,Mobile Spectrum Licensing Site STUART HIGHWAY,12.95,107,"Town Camp name: Whitegate, (Unit 1) Lot 5126, Undoolya Road,",50.77,MacDonnell,No mapped coverage,No mapped coverage,,,,,,,,,,No record in Mobile Coverage dataset
729,ATHELEY,Family Outstation,-21.91757,134.86766,88.0,NT,153469,Broadcast Site Atheley via Sandover Highway ATHELEY,0.07,112,"Urapuntja Community (Clinic School), Sandover Highway",3.58,Barkly,Fixed Line,No mapped coverage,,,,,,,,,,No record in Mobile Coverage dataset
42,ATITJERE,Major,-22.9843,134.9341,239.0,NT,153553,Broadcast Site Council Chambers HARTS RANGE,0.18,109,"Apungalindum Homeland School, 11780 Sandover Hwy (Pungalindum Road)",104.69,Central Desert,No mapped coverage,No mapped coverage,ATITJERE,COMMUNITY,YES,,,TELSTRA,Macro Cell,0.03489387391846756,Name,Mobile coverage record found
1015,ATJI CREEK,Family Outstation,-23.39945,131.98389,10.0,NT,138340,Police Station 206 km W of Alice Springs HAASTS BLUFF,11.72,96,2 POSSUM CR,23.11,MacDonnell,No mapped coverage,No mapped coverage,,,,,,,,,,No record in Mobile Coverage dataset
146,ATNARARA,Family Outstation,-22.02622,134.78721,47.0,NT,153470,Broadcast Site via Sandover Highway SOAKAGE BORE,0.12,111,"Soapy Bore School, House 20, Lot 705 Soapy Bore Community Road",6.33,Barkly,Fixed Line,No mapped coverage,ATNARARA,COMMUNITY,,,YES,TELSTRA,Proximity to Cell,0.032665147136549326,Name,Mobile coverage record found
24995,ATNARPA,Family Outstation,-23.52358,134.78911,8.0,NT,2847,Telstra Customer ATNARPA,0.23,113,"Keringke Arts Aboriginal Corporation, 17 KERINGKE CR",79.65,MacDonnell,No mapped coverage,No mapped coverage,,,,,,,,,,No record in Mobile Coverage dataset
27,ATNELTYEY,Family Outstation,-22.03683,134.61166,51.0,NT,153251,Broadcast Site Aniltji via Sandover Highway ATNELTYEY,0.12,109,"Apungalindum Homeland School, 11780 Sandover Hwy (Pungalindum Road)",8.89,Barkly,Fixed Line,No mapped coverage,,,,,,,,,,No record in Mobile Coverage dataset
23,ATNWENGERRPE,Family Outstation,-21.86956,134.99411,30.0,NT,153469,Broadcast Site Atheley via Sandover Highway ATHELEY,14.02,112,"Urapuntja Community (Clinic School), Sandover Highway",16.19,Barkly,Fixed Line,No mapped coverage,,,,,,,,,,No record in Mobile Coverage dataset
754,AWUMBUNYJI,Family Outstation,-14.44723,135.43529,,NT,1366,Numbulwar Rd 14.2 km ENE of MUMBO MUMBO CK,12.93,5,"Angurugu Main Council Office, Lot 490 Angurugu Community",122.07,Roper Gulf,No mapped coverage,No mapped coverage,,,,,,,,,,No record in Mobile Coverage dataset
1011,BABUNGI,Family Outstation,-15.74444,136.97858,8.0,NT,441346,Marine Repeater Site VANDERLIN ISLAND,5.42,19,191 ROBINSON RD,80.45,Roper Gulf,No mapped coverage,No mapped coverage,,,,,,,,,,No record in Mobile Coverage dataset
577,BADAWARRKA,Family Outstation,-14.69603,134.44378,3.0,NT,9013252,Sherwin Iron Repeater Site 3 21km W of WILTON,8.5,16,2 CAMERON ROAD,143.71,Roper Gulf,No mapped coverage,No mapped coverage,,,,,,,,,,No record in Mobile Coverage dataset
811,BAGHETTI,Family Outstation,-13.75874,134.46372,2.0,NT,10010209,Telstra Site Sewerage Ponds Access 1km SE of Bulman,16.41,25,5 Donydji,145.5,Roper Gulf,No mapped coverage,No mapped coverage,,,,,,,,,,No record in Mobile Coverage dataset
290,BAGOT,Town Camp,-12.41613,130.85515,,NT,1358,13 Maranungu Street DARWIN,0.34,10,"Bagot Community Laundry, 133 Bagot Road",0.1,Darwin,"Fixed Line, Fixed Wireless",Fixed Line,,,,,,,,,,No record in Mobile Coverage dataset
209,BAJAMINYI,Family Outstation,-17.77489,137.71243,,NT,9003742,Lagoon Creek Base Site 41 km S of WOLLOGORANG,34.98,19,191 ROBINSON RD,241.41,Barkly,Fixed Line,No mapped coverage,,,,,,,,,,No record in Mobile Coverage dataset
456,BALMA,Family Outstation,-13.24939,135.84857,11.0,NT,570566,Telstra Customer BALMA,0.03,25,5 Donydji,57.17,East Arnhem,Fixed Line,No mapped coverage,,,,,,,,,,No record in Mobile Coverage dataset
578,BAMBOO SPRINGS,Family Outstation,-16.95993,129.08393,,NT,2000,Telstra Customer AB Comm 8 km E of Red Hill RED HILL,0.17,71,"Merrepan Community, Lot 7 Merrepen",318.82,Victoria Daly,No mapped coverage,No mapped coverage,,,,,,,,,,No record in Mobile Coverage dataset
946,BANATJARL,Family Outstation,-14.47668,132.6514,10.0,NT,1848,Telstra Customer 01 Charlie Toms Yards Lot 1729 KING RIVER,0.31,72,"Kalano Community Assoc - Venndale, 20 Bruce Rd",19.04,Roper Gulf,No mapped coverage,No mapped coverage,,,,,,,,,,No record in Mobile Coverage dataset
458,BANIYALA,Minor,-13.2004,136.2261,146.0,NT,1419,Baniyala Homeland Centre BANIYALA,0.12,25,5 Donydji,88.82,East Arnhem,Fixed Line,No mapped coverage,,,,,,,,,,No record in Mobile Coverage dataset
457,BANTHULA,Family Outstation,-11.83585,135.87365,24.0,NT,138167,Banthula Homeland Centre  BANTHULA,0.05,36,"OLD SCHOOL HOUSE, GAWA ROAD",9.15,East Arnhem,Fixed Line,No mapped coverage,,,,,,,,,,No record in Mobile Coverage dataset
865,BARDALUMBA,Family Outstation,-13.82445,136.4489,26.0,NT,10033703,"Little Paradise Tower, Ngadumiyerrika Groote Eylandt",0.94,5,"Angurugu Main Council Office, Lot 490 Angurugu Community",17.55,Groote Archipelago,No mapped coverage,No mapped coverage,BARDALUMBA,COMMUNITY,,,YES,TELSTRA,Proximity to Cell,0.05118949273140594,Name,Mobile coverage record found
14045564,BARNJARN,Family Outstation,-14.28264,132.08321,8.0,NT,10038574,"60 m lattice tower, on Stuart Highway 8.3 km NW of Helling Hill Edith",4.33,106,"Rockhole Community, 805 Florina Rd",28.6,Roper Gulf,No mapped coverage,No mapped coverage,,,,,,,,,,No record in Mobile Coverage dataset
699,BARRAK BARRAK,Family Outstation,-15.8716,130.35876,,NT,570320,Telstra Customer 28 km SW of Timber Creek BARRABARRAC CREEK,0.04,71,"Merrepan Community, Lot 7 Merrepen",188.18,Victoria Daly,No mapped coverage,No mapped coverage,,,,,,,,,,No record in Mobile Coverage dataset
579,BARRAPUNTA,Family Outstation,-13.15658,134.85057,1.0,NT,137178,Mirrngatja Homeland Centre  MIRRNGATJA,67.16,25,5 Donydji,73.34,Roper Gulf,No mapped coverage,No mapped coverage,,,,,,,,,,No record in Mobile Coverage dataset
938,BARRARATJPI,Family Outstation,-13.21858,136.39138,23.0,NT,10043052,"19 m Mast, Baniyala Community EAST ARNHEM",17.87,123,"Umbakumba Main Council Office, 12 (Lot 229) Mamarika Rd",84.36,East Arnhem,Fixed Line,No mapped coverage,,,,,,,,,,No record in Mobile Coverage dataset
792,BARRIDJOWKENG,Family Outstation,-12.34863,134.17529,2.0,NT,403357,Mouth of Liverpool River via MANINGRIDA,17.23,101,"Council Building, House 2, 21 (Lot 123) Warrk Rd",81.74,West Arnhem,Fixed Line,No mapped coverage,,,,,,,,,,No record in Mobile Coverage dataset
888,BARRKIRA,Family Outstation,-12.0086,136.4649,13.0,NT,137179,Ngadayun Homeland centre  NGADAYUN,0.15,41,"EARC Office, Lot 16 Gunyangara Rd",34.91,East Arnhem,Fixed Line,No mapped coverage,,,,,,,,,,No record in Mobile Coverage dataset
580,BARUNGA,Major,-14.52363,132.86668,396.0,NT,9011550,Barunga School BARUNGA,0.09,16,2 CAMERON ROAD,27.06,Roper Gulf,No mapped coverage,No mapped coverage,BARUNGA,COMMUNITY,YES,,,TELSTRA,Macro Cell,0.053657805397408186,Name,Mobile coverage record found
10677,BATCHELOR,Village,-13.04629,131.02883,371.0,NT,1710,2 Pinaroo Crescent BATCHELOR,0.2,10,"Bagot Community Laundry, 133 Bagot Road",72.65,Coomalie,Fixed Wireless,No mapped coverage,BATCHELOR,VILLAGE,YES,,,OPTUS/TELSTRA,Macro Cell,0.03713438805426157,Name,Mobile coverage record found
25070,BATTON HILL,Family Outstation,-23.02915,136.86913,2.0,NT,135639,Telstra Customer 42 Km South of Tarlton Downs BATTEN HILL,0.06,110,"Irrultja School, 28 Irrultja Int Road",214.83,Central Desert,No mapped coverage,No mapped coverage,,,,,,,,,,No record in Mobile Coverage dataset
212,BAUHINIA DOWNS,Family Outstation,-16.21512,135.46968,11.0,NT,2228,Telstra Radio Terminal 15 km E of Homestead BAUHINIA DOWNS,15.5,19,191 ROBINSON RD,90.86,Roper Gulf,No mapped coverage,No mapped coverage,,,,,,,,,,No record in Mobile Coverage dataset
462,BAWAKA,Family Outstation,-12.53365,136.76402,9.0,NT,10018988,ELA Telemetry/Radar Compound Off Port Bradshaw Road EAST ARNHEM,16.75,141,"Yirrkala Accommodation, Lot 128 Tuffin Rd",34.32,East Arnhem,Fixed Line,No mapped coverage,,,,,,,,,,No record in Mobile Coverage dataset
494,BAYAGIDA,Family Outstation,-12.04269,134.92821,,NT,44381,Power & Water Site MILINGIMBI ISLAND,4.54,101,"Council Building, House 2, 21 (Lot 123) Warrk Rd",31.8,East Arnhem,Fixed Line,No mapped coverage,,,,,,,,,,No record in Mobile Coverage dataset
463,BAYGURRTJI,Family Outstation,-13.15787,135.86654,2.0,NT,441396,Balma Homeland Centre BALMA,10.28,25,5 Donydji,52.2,East Arnhem,Fixed Line,No mapped coverage,,,,,,,,,,No record in Mobile Coverage dataset
25071,BEASLEY KNOB,Family Outstation,-15.97708,129.0085,19.0,NT,2056,Telstra Site WARNACKES,0.74,71,"Merrepan Community, Lot 7 Merrepen",220.65,Victoria Daly,No mapped coverage,No mapped coverage,,,,,,,,,,No record in Mobile Coverage dataset
844,BEER ST BORE,Family Outstation,-25.58297,134.52565,,NT,53712,Broadcast Site FINKE,4.56,31,15 LAPADUM STREET,5.15,MacDonnell,No mapped coverage,No mapped coverage,,,,,,,,,,No record in Mobile Coverage dataset
294,BELYUEN,Major,-12.5386,130.6999,175.0,NT,10020083,"Elevated Water Tank, Lot 219 BELYUEN",0.17,124,142 Wagait Tower Road,12.66,Belyuen,No mapped coverage,No mapped coverage,BELYUEN,COMMUNITY,YES,,,TELSTRA,Macro Cell,0.0457833064088054,Name,Mobile coverage record found
295,BERRAJA,Family Outstation,-12.07195,134.50486,,NT,10040677,"9 m monopole, Western end of Ji-Marda Landing Ground WESTERN ARNHEM",12.08,101,"Council Building, House 2, 21 (Lot 123) Warrk Rd",54.08,West Arnhem,Fixed Line,No mapped coverage,,,,,,,,,,No record in Mobile Coverage dataset
582,BINJARI,Minor,-14.5502,132.1815,282.0,NT,140215,Binjari Water Compound  Via KATHERINE,0.08,106,"Rockhole Community, 805 Florina Rd",3.4,Katherine,Fixed Line,No mapped coverage,BINJARI,COMMUNITY,,,YES,OPTUS/TELSTRA,Proximity to Cell,0.05822857710199079,Name,Mobile coverage record found
464,BIRANY BIRANY,Minor,-12.81703,136.47669,16.0,NT,10043527,"9 m seesaw monopole, Birany Birany Community EAST ARNHEM",0.09,39,"Gumatj Corporation Building, Lot 26 Guymal Amurra Rd",71.15,East Arnhem,Fixed Line,No mapped coverage,,,,,,,,,,No record in Mobile Coverage dataset
810,BISHOPS BORE,Family Outstation,-14.61452,133.07053,,NT,10015865,CB Repeater Site Bishop Bore 7km ESE BESWICK,0.87,16,2 CAMERON ROAD,8.27,Roper Gulf,No mapped coverage,No mapped coverage,,,,,,,,,,No record in Mobile Coverage dataset
24899,BLACK ROCK LANDING,Family Outstation,-15.92062,136.51042,4.0,NT,2245,Telstra Customer Tran 28 km NE of BORROLOOLA,1.57,19,191 ROBINSON RD,27.39,Roper Gulf,No mapped coverage,No mapped coverage,,,,,,,,,,No record in Mobile Coverage dataset
784,BLACKTANK BORE,Family Outstation,-23.32352,134.02049,18.0,NT,139874,Defence Site Approximately 32km East of Stuart Highway THE PINNACLES,8.39,107,"Town Camp name: Whitegate, (Unit 1) Lot 5126, Undoolya Road,",42.4,MacDonnell,No mapped coverage,No mapped coverage,,,,,,,,,,No record in Mobile Coverage dataset
25,BLACKWATER,Family Outstation,-23.26181,131.89688,9.0,NT,2868,HF Site PAPUNYA,1.54,96,2 POSSUM CR,6.63,MacDonnell,No mapped coverage,No mapped coverage,BLACKWATER,COMMUNITY,,,YES,TELSTRA,Proximity to Cell,0.024425988717787964,Name,Mobile coverage record found
843,BLOODWOOD BORE,Family Outstation,-25.76764,134.2883,,NT,570292,CB Repeater Site 39 km SW Finke BEDDOME RANGE,20.92,31,15 LAPADUM STREET,35.52,MacDonnell,No mapped coverage,No mapped coverage,,,,,,,,,,No record in Mobile Coverage dataset
829,BLUE BUSH,Family Outstation,-19.02411,133.73583,,NT,53054,Telstra Site BLUE BUSH BORE,0.07,4,10 LUCK STREET,331.45,Barkly,Fixed Line,No mapped coverage,,,,,,,,,,No record in Mobile Coverage dataset
698,BOBS YARD,Family Outstation,-16.00945,130.61125,,NT,2049,Telstra Site BULLITA OUTSTATION,23.05,71,"Merrepan Community, Lot 7 Merrepen",210.42,Victoria Daly,No mapped coverage,No mapped coverage,,,,,,,,,,No record in Mobile Coverage dataset
465,BODIA,Family Outstation,-12.07688,134.89628,44.0,NT,9024119,Repeater Site Milingimbi Airport MILINGIMBI ISLAND,1.59,101,"Council Building, House 2, 21 (Lot 123) Warrk Rd",28.2,East Arnhem,Fixed Line,No mapped coverage,BODIA,COMMUNITY,,,YES,TELSTRA,Proximity to Cell,0.03324119812397866,Name,Mobile coverage record found
298,BOLKDJAM,Family Outstation,-12.41151,134.41998,50.0,NT,1536,Telstra Radio Terminal 6 km W of Blyth River HERTZ,23.6,101,"Council Building, House 2, 21 (Lot 123) Warrk Rd",55.88,West Arnhem,Fixed Line,No mapped coverage,,,,,,,,,,No record in Mobile Coverage dataset
583,BOOMERANG LAGOON,Family Outstation,-14.45061,135.03925,,NT,2179,Telstra Radio Terminal 6 km ENE MT CHRISP,10.29,5,"Angurugu Main Council Office, Lot 490 Angurugu Community",161.86,Roper Gulf,No mapped coverage,No mapped coverage,,,,,,,,,,No record in Mobile Coverage dataset
481,BOROGOMARRA,Family Outstation,-12.24159,134.97834,,NT,140187,Ramingining Power Station  RAMINGINING,6.11,101,"Council Building, House 2, 21 (Lot 123) Warrk Rd",11.15,East Arnhem,Fixed Line,No mapped coverage,,,,,,,,,,No record in Mobile Coverage dataset
11092,BORROLOOLA,Village,-16.0676,136.3069,886.0,NT,2236,Mara Camp BORROLOOLA,0.14,19,191 ROBINSON RD,0.3,Roper Gulf,No mapped coverage,No mapped coverage,BORROLOOLA,COMMUNITY,YES,,,TELSTRA,Macro Cell,0.045743493395715255,Name,Mobile coverage record found
24904,BRUMBY PLAINS,Family Outstation,-17.05303,129.01037,8.0,NT,10023652,"Telstra Site, 14925 Duncan Road Buchanan",0.01,71,"Merrepan Community, Lot 7 Merrepen",331.06,Victoria Daly,No mapped coverage,No mapped coverage,BRUMBY PLAINS,COMMUNITY,,YES,,TELSTRA,Small Cell,0.03947451828418606,Name,Mobile coverage record found
585,BUBBLE BUBBLE,Family Outstation,-15.81036,129.31022,10.0,NT,2074,Telstra Radio Terminal BUBBLE,6.27,71,"Merrepan Community, Lot 7 Merrepen",190.21,Victoria Daly,No mapped coverage,No mapped coverage,,,,,,,,,,No record in Mobile Coverage dataset
700,BUCKET SPRINGS,Family Outstation,-15.74001,129.16465,,NT,2076,Telstra Site BUCKET SPRINGS,0.17,71,"Merrepan Community, Lot 7 Merrepen",189.56,Victoria Daly,No mapped coverage,No mapped coverage,,,,,,,,,,No record in Mobile Coverage dataset
986,BUDJANGA,Family Outstation,-16.17945,136.76818,8.0,NT,38902,Telstra Radio Terminal MANANGOORA,20.93,19,191 ROBINSON RD,50.75,Roper Gulf,No mapped coverage,No mapped coverage,,,,,,,,,,No record in Mobile Coverage dataset
1027,BUFFALO FARM,Family Outstation,-12.81369,132.59382,6.0,NT,38740,Telstra Customer Red Lily Outstation COOINDA,6.27,10,"Bagot Community Laundry, 133 Bagot Road",193.85,West Arnhem,Fixed Line,No mapped coverage,,,,,,,,,,No record in Mobile Coverage dataset
257,BUJAN,Family Outstation,-16.26901,136.87915,4.0,NT,2229,Telstra Radio Terminal 7 km E of Snake Lagoon HORSE,10.77,19,191 ROBINSON RD,64.99,Roper Gulf,No mapped coverage,No mapped coverage,,,,,,,,,,No record in Mobile Coverage dataset
466,BUKUDAL,Family Outstation,-12.96647,136.61353,16.0,NT,1428,Telstra Customer BUKUDAL,0.61,39,"Gumatj Corporation Building, Lot 26 Guymal Amurra Rd",83.87,East Arnhem,Fixed Line,No mapped coverage,,,,,,,,,,No record in Mobile Coverage dataset
467,BULARRING,Family Outstation,-12.04636,135.70342,,NT,136219,Telstra Site Galawarra Road GALAWARRA NT,12.25,36,"OLD SCHOOL HOUSE, GAWA ROAD",38.73,East Arnhem,Fixed Line,No mapped coverage,,,,,,,,,,No record in Mobile Coverage dataset
300,BULGUL,Family Outstation,-13.08387,130.12203,21.0,NT,370270,Telstra Customer Williams LABELLE OUTSTATION,6.07,124,142 Wagait Tower Road,99.12,Un-Incorporated (Cox-Daly),Fixed Wireless,No mapped coverage,,,,,,,,,,No record in Mobile Coverage dataset
586,BULLA,Minor,-15.76492,130.03936,95.0,NT,570654,Bulla Camp 280 km SW KATHERINE,0.15,71,"Merrepan Community, Lot 7 Merrepen",171.74,Victoria Daly,No mapped coverage,No mapped coverage,BULLA,COMMUNITY,YES,,,TELSTRA,Macro Cell,0.039538161541089,Name,Mobile coverage record found
587,BULMAN,Major,-13.66529,134.33335,190.0,NT,137586,Bulman Police Station  BULMAN,0.17,25,5 Donydji,150.17,Roper Gulf,No mapped coverage,No mapped coverage,BULMAN,COMMUNITY,YES,,,TELSTRA,Macro Cell,0.049698472448866826,Name,Mobile coverage record found
302,BULUHKADURU,Family Outstation,-12.43247,134.42307,32.0,NT,38887,Telstra Customer Korlobirrahda MANINGRIDA,22.8,101,"Council Building, House 2, 21 (Lot 123) Warrk Rd",55.98,West Arnhem,Fixed Line,No mapped coverage,,,,,,,,,,No record in Mobile Coverage dataset
468,BUNDATHARRI,Family Outstation,-12.23568,134.84672,,NT,1558,Mission RAMINGINING,10.79,101,"Council Building, House 2, 21 (Lot 123) Warrk Rd",13.56,East Arnhem,Fixed Line,No mapped coverage,,,,,,,,,,No record in Mobile Coverage dataset
949,BUNHANURA,Family Outstation,-12.37449,135.72221,15.0,NT,10011086,Power Station GAPUWIYAK,16.41,34,"Gapuwiyak Community, (Main Council Office), 9 Bambinamirri St",16.95,East Arnhem,Fixed Line,No mapped coverage,BUNHANURA,COMMUNITY,,,YES,TELSTRA,Proximity to Cell,0.059066968990267345,Name,Mobile coverage record found
976,BUNI-INWUNBULUK,Family Outstation,-11.40613,132.82554,10.0,NT,1608,Parks & Wildlife Site MURGANELLA,19.06,10,"Bagot Community Laundry, 133 Bagot Road",242.03,West Arnhem,Fixed Line,No mapped coverage,,,,,,,,,,No record in Mobile Coverage dataset
470,BURRUM,Family Outstation,-12.3094,135.9605,13.0,NT,1556,Telstra Radio Terminal 30 km NE Lake Evella BURRUM,2.9,105,8 Raymangirr,5.78,East Arnhem,Fixed Line,No mapped coverage,,,,,,,,,,No record in Mobile Coverage dataset
686,BURRUMBURRU,Family Outstation,-17.74229,137.78155,,NT,9003742,Lagoon Creek Base Site 41 km S of WOLLOGORANG,27.07,19,191 ROBINSON RD,243.26,Barkly,Fixed Line,No mapped coverage,,,,,,,,,,No record in Mobile Coverage dataset
713,BURT CREEK,Family Outstation,-23.19652,133.74759,37.0,NT,9910840,Mobile Spectrum Licensing Site STUART HIGHWAY,6.05,107,"Town Camp name: Whitegate, (Unit 1) Lot 5126, Undoolya Road,",57.81,MacDonnell,No mapped coverage,No mapped coverage,,,,,,,,,,No record in Mobile Coverage dataset
944,BURTA WURTA,Family Outstation,-17.53597,130.47592,,NT,306220,Telstra Customer Burtawurta Station BURTAWURTA,0.06,71,"Merrepan Community, Lot 7 Merrepen",372.49,Victoria Daly,No mapped coverage,No mapped coverage,,,,,,,,,,No record in Mobile Coverage dataset
1019,BURUDU,Family Outstation,-19.59874,136.92545,4.0,NT,9023281,Repeater Site Central Site ALEXANDRIA DOWNS STATION,27.15,4,10 LUCK STREET,289.37,Barkly,Fixed Line,No mapped coverage,,,,,,,,,,No record in Mobile Coverage dataset
24994,BUSHCAMP,Family Outstation,-19.71711,134.15408,,NT,10043542,Starlink Earth Station Stuart Highway Tennant Creek,3.2,4,10 LUCK STREET,242.85,Barkly,Fixed Line,No mapped coverage,,,,,,,,,,No record in Mobile Coverage dataset
803,BUYMARR,Family Outstation,-12.69827,136.63653,6.0,NT,10040324,"9 m pole, Garrthalala Airport EAST ARNHEM",10.11,39,"Gumatj Corporation Building, Lot 26 Guymal Amurra Rd",53.97,East Arnhem,Fixed Line,No mapped coverage,,,,,,,,,,No record in Mobile Coverage dataset
728,CAMEL CAMP,Family Outstation,-22.27181,134.55242,39.0,NT,153253,Broadcast Site Camel Camp via Sandover Highway UTOPIA,0.74,109,"Apungalindum Homeland School, 11780 Sandover Hwy (Pungalindum Road)",26.52,Barkly,Fixed Line,No mapped coverage,,,,,,,,,,No record in Mobile Coverage dataset
768,CAMELS HUMP,Family Outstation,-23.75175,131.59435,3.0,NT,2465,Telstra Customer 5.2 km NNW of Camels Hump Radio Terminal CAMELS HUMP OUTSTATION,0.05,96,2 POSSUM CR,68.93,MacDonnell,No mapped coverage,No mapped coverage,,,,,,,,,,No record in Mobile Coverage dataset
304,CANNON HILL,Family Outstation,-12.35758,132.94593,8.0,NT,10036014,"9m seesaw pole, Ubirr Rock Art Site car park Kakadu Highway Kakadu",6.21,101,"Council Building, House 2, 21 (Lot 123) Warrk Rd",215.27,West Arnhem,Fixed Line,No mapped coverage,,,,,,,,,,No record in Mobile Coverage dataset
219,CANTEEN CREEK,Major,-20.64508,135.58678,173.0,NT,152939,Broadcast Site Community Store CANTEEN CREEK,0.12,4,10 LUCK STREET,118.7,Barkly,Fixed Line,No mapped coverage,,,,,,,,,,No record in Mobile Coverage dataset
11623,CATTLE CREEK,Family Outstation,-17.59747,131.54521,,NT,9014144,Cattle Creek End of Wave Hill Station 350 km SSW of KATHERINE,0.12,106,"Rockhole Community, 805 Florina Rd",348.99,Victoria Daly,No mapped coverage,No mapped coverage,,,,,,,,,,No record in Mobile Coverage dataset
846,CHARLOTTE WATERS,Family Outstation,-25.91424,134.89274,,NT,570292,CB Repeater Site 39 km SW Finke BEDDOME RANGE,47.49,31,15 LAPADUM STREET,48.61,MacDonnell,No mapped coverage,No mapped coverage,,,,,,,,,,No record in Mobile Coverage dataset
757,CHILLA WELL,Family Outstation,-21.52777,130.97067,,NT,10009423,"S2-5-3 Tanami Pipeline Tanami Rd, 120 km NE of Yuendumu",4.91,96,2 POSSUM CR,209.82,Central Desert,No mapped coverage,No mapped coverage,,,,,,,,,,No record in Mobile Coverage dataset
779,CHULUK,Family Outstation,-13.665,130.26778,,NT,1408,Telstra Radio Terminal ELIZABETH DOWNS,22.94,71,"Merrepan Community, Lot 7 Merrepen",69.89,West Daly,No mapped coverage,No mapped coverage,,,,,,,,,,No record in Mobile Coverage dataset
1012,CONDER POINT,Family Outstation,-11.65088,131.32757,8.0,NT,138620,Laing ORouke Australia Construction site in centre of  MELVILLE ISLAND,41.14,10,"Bagot Community Laundry, 133 Bagot Road",99.36,Tiwi Islands,No mapped coverage,No mapped coverage,,,,,,,,,,No record in Mobile Coverage dataset
901,CONNELLS LAGOON,Family Outstation,-18.89143,136.54802,,NT,2353,Telstra Repeater Site 9 km NW of ALEXANDRIA HOMESTEAD,16.78,19,191 ROBINSON RD,314.73,Barkly,Fixed Line,No mapped coverage,,,,,,,,,,No record in Mobile Coverage dataset
220,CORELLA CREEK,Family Outstation,-18.36685,135.85671,30.0,NT,10038296,"9 m pole, Corella Creek Community Tablelands",0.09,19,191 ROBINSON RD,259.8,Barkly,Fixed Line,No mapped coverage,,,,,,,,,,No record in Mobile Coverage dataset
1009,CORKWOOD BORE,Family Outstation,-23.31225,133.86792,36.0,NT,2590,Telstra Radio Terminal 8387 SIXTEEN MILE CREEK,15.97,107,"Town Camp name: Whitegate, (Unit 1) Lot 5126, Undoolya Road,",42.6,MacDonnell,No mapped coverage,No mapped coverage,,,,,,,,,,No record in Mobile Coverage dataset
590,COSTELLO,Family Outstation,-14.56453,134.88289,2.0,NT,38172,Telstra Customer Outstation COSTELLO,13.0,5,"Angurugu Main Council Office, Lot 490 Angurugu Community",181.98,Roper Gulf,No mapped coverage,No mapped coverage,,,,,,,,,,No record in Mobile Coverage dataset
972,COW LAGOON,Family Outstation,-16.20751,135.94962,6.0,NT,2232,Telstra Site Aboriginal Community RYANS BEND,10.79,19,191 ROBINSON RD,41.1,Roper Gulf,No mapped coverage,No mapped coverage,,,,,,,,,,No record in Mobile Coverage dataset
24901,CRABHOLE,Family Outstation,-16.21525,137.09915,2.0,NT,2229,Telstra Radio Terminal 7 km E of Snake Lagoon HORSE,14.1,19,191 ROBINSON RD,86.14,Roper Gulf,No mapped coverage,No mapped coverage,,,,,,,,,,No record in Mobile Coverage dataset
591,DAGURAGU,Major,-17.40059,130.80491,230.0,NT,1981,Broadcast Site DAGURAGU,0.06,106,"Rockhole Community, 805 Florina Rd",352.69,Victoria Daly,No mapped coverage,No mapped coverage,DAGURAGU,COMMUNITY,,,YES,TELSTRA,Proximity to Cell,0.04657940411873552,Name,Mobile coverage record found
956,DALIWUY BAY,Family Outstation,-12.34085,136.91835,,NT,570260,Nabalco Mine Site NHULUNBUY,8.32,141,"Yirrkala Accommodation, Lot 128 Tuffin Rd",10.41,East Arnhem,Fixed Line,No mapped coverage,,,,,,,,,,No record in Mobile Coverage dataset
12194,DALY WATERS,Village,-16.25333,133.36932,,NT,2041,Telstra Radio Terminal DALY WATERS,0.72,16,2 CAMERON ROAD,190.83,Roper Gulf,No mapped coverage,No mapped coverage,DALY WATERS,VILLAGE,YES,YES,,OPTUS/TELSTRA,"Macro Cell, Small Cell",0.050133890221283076,Name,Mobile coverage record found
307,DAMDAM,Family Outstation,-12.16556,134.64529,,NT,10040677,"9 m monopole, Western end of Ji-Marda Landing Ground WESTERN ARNHEM",12.69,101,"Council Building, House 2, 21 (Lot 123) Warrk Rd",35.63,West Arnhem,Fixed Line,No mapped coverage,,,,,,,,,,No record in Mobile Coverage dataset
1003,DARRANDARRA,Family Outstation,-12.74098,130.95462,,NT,9015291,NBN Co Site Cnr Mira Rd and Southport Rd TUMBLING WATERS,0.57,10,"Bagot Community Laundry, 133 Bagot Road",37.79,Litchfield,"Fixed Line, Fixed Wireless",Fixed Wireless,,,,,,,,,,No record in Mobile Coverage dataset
472,DARRANGMURMANJA,Family Outstation,-13.72486,136.59277,,NT,10033702,"Tower, Winchelsea Island Anindilyakwa",11.68,123,"Umbakumba Main Council Office, 12 (Lot 229) Mamarika Rd",27.94,Groote Archipelago,No mapped coverage,No mapped coverage,,,,,,,,,,No record in Mobile Coverage dataset
12218,DARWIN,City,-12.46153,130.84244,,NT,10015672,Cavenagh House 38 Cavenagh Street DARWIN,0.03,10,"Bagot Community Laundry, 133 Bagot Road",5.29,Darwin,"Fixed Line, Fixed Wireless",Fixed Line,,,,,,,,,,No record in Mobile Coverage dataset
775,DELEYE,Family Outstation,-13.76535,129.97667,31.0,NT,1397,Daly River Outstation Resource Cent WOODYKUPULDIYA,3.7,71,"Merrepan Community, Lot 7 Merrepen",50.78,West Daly,No mapped coverage,No mapped coverage,,,,,,,,,,No record in Mobile Coverage dataset
473,DHALINYBUY,Minor,-12.4125,136.3878,117.0,NT,138723,Dhalinybuy Homeland Centre DHALINYBUY,0.09,39,"Gumatj Corporation Building, Lot 26 Guymal Amurra Rd",40.82,East Arnhem,Fixed Line,No mapped coverage,,,,,,,,,,No record in Mobile Coverage dataset
896,DHAMBALA,Family Outstation,-12.0526,135.5609,14.0,NT,1596,Powerhouse ELCHO ISLAND,2.62,36,"OLD SCHOOL HOUSE, GAWA ROAD",49.67,East Arnhem,Fixed Line,No mapped coverage,DHAMBALA,COMMUNITY,,,YES,TELSTRA,Proximity to Cell,0.045788072552933316,Name,Mobile coverage record found
812,DOOLGARINA,Family Outstation,-16.22917,136.76611,,NT,2229,Telstra Radio Terminal 7 km E of Snake Lagoon HORSE,21.49,19,191 ROBINSON RD,52.13,Roper Gulf,No mapped coverage,No mapped coverage,,,,,,,,,,No record in Mobile Coverage dataset
475,DHAMIYAKA,Family Outstation,-12.6564,135.85557,2.0,NT,1454,Telstra Customer GANPURA,16.47,34,"Gapuwiyak Community, (Main Council Office), 9 Bambinamirri St",17.85,East Arnhem,Fixed Line,No mapped coverage,,,,,,,,,,No record in Mobile Coverage dataset
955,DHANIYA,Family Outstation,-12.55007,136.73791,9.0,NT,10018988,ELA Telemetry/Radar Compound Off Port Bradshaw Road EAST ARNHEM,19.31,39,"Gumatj Corporation Building, Lot 26 Guymal Amurra Rd",37.12,East Arnhem,Fixed Line,No mapped coverage,,,,,,,,,,No record in Mobile Coverage dataset
805,DHARAWA,Family Outstation,-11.84938,135.84693,,NT,1600,Telstra Customer Bandhula ELCHO ISLAND,2.34,36,"OLD SCHOOL HOUSE, GAWA ROAD",11.84,East Arnhem,Fixed Line,No mapped coverage,,,,,,,,,,No record in Mobile Coverage dataset
476,DHARRNI,Family Outstation,-13.74983,136.02005,,NT,139354,Power House Bickerton Island West of landing strip BICKERTON ISLAND MILYAKBURRA,19.12,5,"Angurugu Main Council Office, Lot 490 Angurugu Community",54.14,Roper Gulf,No mapped coverage,No mapped coverage,,,,,,,,,,No record in Mobile Coverage dataset
806,DHAYIRRI,Family Outstation,-11.9612,135.6187,6.0,NT,10011088,Solar Yard GALWINKU,7.48,36,"OLD SCHOOL HOUSE, GAWA ROAD",38.42,East Arnhem,Fixed Line,No mapped coverage,,,,,,,,,,No record in Mobile Coverage dataset
477,DHIPIRRINJURA,Family Outstation,-12.24844,135.09762,18.0,NT,140187,Ramingining Power Station  RAMINGINING,14.24,101,"Council Building, House 2, 21 (Lot 123) Warrk Rd",20.53,East Arnhem,Fixed Line,No mapped coverage,DHIPIRRINJURA,COMMUNITY,,,YES,TELSTRA,Proximity to Cell,0.06402182292605771,Name,Mobile coverage record found
478,DHOLTJI,Family Outstation,-11.94835,136.46161,,NT,137179,Ngadayun Homeland centre  NGADAYUN,6.57,41,"EARC Office, Lot 16 Gunyangara Rd",39.84,East Arnhem,Fixed Line,No mapped coverage,,,,,,,,,,No record in Mobile Coverage dataset
664,DHUDUPU,Family Outstation,-12.0033,135.5692,4.0,NT,9019713,Elcho Island Airport Terminal Building Buthan St ELCHO ISLAND,1.83,36,"OLD SCHOOL HOUSE, GAWA ROAD",45.53,East Arnhem,Fixed Line,No mapped coverage,DHUDUPU,COMMUNITY,,,YES,TELSTRA,Proximity to Cell,0.039824299427971374,Name,Mobile coverage record found
954,DHULMULMIYA,Family Outstation,-12.52781,136.72533,,NT,10018988,ELA Telemetry/Radar Compound Off Port Bradshaw Road EAST ARNHEM,17.57,39,"Gumatj Corporation Building, Lot 26 Guymal Amurra Rd",34.55,East Arnhem,Fixed Line,No mapped coverage,,,,,,,,,,No record in Mobile Coverage dataset
479,DHUPUWAMIRRI,Family Outstation,-12.66796,135.39218,6.0,NT,570927,Telstra Site DHUPUWAMIRRI,0.3,25,5 Donydji,26.2,East Arnhem,Fixed Line,No mapped coverage,,,,,,,,,,No record in Mobile Coverage dataset
554,DHURUPUTJPI,Family Outstation,-13.05478,136.17661,12.0,NT,441399,Dhuruputjpi Homeland Centre DHURUPUTJPI,0.33,34,"Gapuwiyak Community, (Main Council Office), 9 Bambinamirri St",73.34,East Arnhem,Fixed Line,No mapped coverage,,,,,,,,,,No record in Mobile Coverage dataset
819,DILLINYA,Family Outstation,-15.85698,132.04505,,NT,205282,Range Control Q1 Air Weapon Range DELAMERE,18.76,106,"Rockhole Community, 805 Florina Rd",149.44,Victoria Daly,No mapped coverage,No mapped coverage,,,,,,,,,,No record in Mobile Coverage dataset
310,DITCHI,Family Outstation,-14.30373,129.40855,,NT,441123,Telstra Customer Ditchi Outstation via PORT KEATS,0.07,71,"Merrepan Community, Lot 7 Merrepen",60.93,West Daly,No mapped coverage,No mapped coverage,,,,,,,,,,No record in Mobile Coverage dataset
482,DJARRAKPI,Family Outstation,-13.29691,136.35162,29.0,NT,10043052,"19 m Mast, Baniyala Community EAST ARNHEM",17.26,5,"Angurugu Main Council Office, Lot 490 Angurugu Community",77.08,East Arnhem,Fixed Line,No mapped coverage,,,,,,,,,,No record in Mobile Coverage dataset
670,DJARRUNG,Family Outstation,-14.81311,131.53759,2.0,NT,10006746,Aroona Repeater Site 3 41.5 km NW of Homestead Delamere,9.78,106,"Rockhole Community, 805 Florina Rd",76.97,Victoria Daly,No mapped coverage,No mapped coverage,,,,,,,,,,No record in Mobile Coverage dataset
965,DJINKARR,Family Outstation,-12.21287,134.29626,10.0,NT,1566,Telstra Radio Terminal Helmholtz 21.5 km SSE of MANINGRIDA,1.9,101,"Council Building, House 2, 21 (Lot 123) Warrk Rd",69.78,West Arnhem,Fixed Line,No mapped coverage,,,,,,,,,,No record in Mobile Coverage dataset
981,DJIRRBIYAK,Family Outstation,-12.72945,132.76363,30.0,NT,3162,ANPWS Headquarters Kakadu National Park JABIRU,8.38,16,2 CAMERON ROAD,206.49,West Arnhem,Fixed Line,No mapped coverage,DJIRRBIYAK,COMMUNITY,,,YES,OPTUS/TELSTRA,Proximity to Cell,0.06414263086651142,Name,Mobile coverage record found
484,DJURRANALPI,Family Outstation,-11.84684,135.87292,1.0,NT,1600,Telstra Customer Bandhula ELCHO ISLAND,0.95,36,"OLD SCHOOL HOUSE, GAWA ROAD",10.32,East Arnhem,Fixed Line,No mapped coverage,,,,,,,,,,No record in Mobile Coverage dataset
46,DONS BORE,Family Outstation,-22.26233,131.92027,8.0,NT,10009416,"S1-3-2 Tanami Pipeline Tanami Rd, 4 km SE of Yuendumu",9.68,96,2 POSSUM CR,104.63,Central Desert,No mapped coverage,No mapped coverage,DONS BORE,COMMUNITY,,,YES,TELSTRA,Proximity to Cell,0.0460268563791633,Name,Mobile coverage record found
485,DONYDJI,Family Outstation,-12.89045,135.47028,39.0,NT,10041354,"9 m seesaw monopole, Donydji off Central Arnhem Road EAST ARNHEM",0.1,25,5 Donydji,0.05,East Arnhem,Fixed Line,No mapped coverage,,,,,,,,,,No record in Mobile Coverage dataset
942,DOOJUM,Family Outstation,-15.72519,129.15921,,NT,570817,Telstra Site Community 45.5 km ENE of Kununurra DOOJUM,0.13,71,"Merrepan Community, Lot 7 Merrepen",188.36,Victoria Daly,No mapped coverage,No mapped coverage,,,,,,,,,,No record in Mobile Coverage dataset
24897,DOUBLE D,Family Outstation,-21.23177,134.94684,1.0,NT,133811,Broadcast Site  IMANGARA,34.21,4,10 LUCK STREET,55.43,Barkly,Fixed Line,No mapped coverage,,,,,,,,,,No record in Mobile Coverage dataset
631,DUCK PONDS,Family Outstation,-18.77377,131.27766,,NT,1947,Telstra Radio Terminal Winnecke 100 km SW of HOOKER CREEK,35.33,106,"Rockhole Community, 805 Florina Rd",482.79,Central Desert,No mapped coverage,No mapped coverage,,,,,,,,,,No record in Mobile Coverage dataset
879,EAGLE VALLEY,Family Outstation,-24.92999,129.09845,,NT,9000976,CB Repeater Site Hill 919M DOCKER RIVER,3.87,96,2 POSSUM CR,343.94,MacDonnell,No mapped coverage,No mapped coverage,,,,,,,,,,No record in Mobile Coverage dataset
34,EIGHT MILE,Family Outstation,-23.88699,132.68279,,NT,603240,Power & Water Authority Power Station HERMANNSBURG,5.12,96,2 POSSUM CR,109.54,MacDonnell,No mapped coverage,No mapped coverage,EIGHT MILE,COMMUNITY,,,YES,TELSTRA,Proximity to Cell,0.13627043789766163,Name,Mobile coverage record found
920,ELITJIA,Family Outstation,-23.77677,133.61583,16.0,NT,570843,Western McDonald Ranges ALICE SPRINGS,2.97,27,"Town Camp name: Drive In, 42 RUBUNTJA CRESCENT",25.47,MacDonnell,No mapped coverage,No mapped coverage,ELITJIA,COMMUNITY,,,YES,OPTUS/TELSTRA,Proximity to Cell,0.03087586775264214,Name,Mobile coverage record found
12641,ELLIOTT,Village,-17.5527,133.5408,337.0,NT,2390,Police Station ELLIOTT,0.16,16,2 CAMERON ROAD,336.45,Barkly,Fixed Line,No mapped coverage,ELLIOTT,VILLAGE,YES,YES,,OPTUS/TELSTRA,"Macro Cell, Small Cell",0.03952697332633187,Name,Mobile coverage record found
225,ELLIOTT NORTH CAMP,Town Camp,-17.54989,133.53597,,NT,44423,Water Tank ELLIOTT,0.25,16,2 CAMERON ROAD,336.07,Barkly,Fixed Line,No mapped coverage,,,,,,,,,,No record in Mobile Coverage dataset
224,ELLIOTT SOUTH CAMP,Town Camp,-17.56218,133.55746,,NT,10004599,Optus Rooftop Site Midland Caravan Park 83 Stuart Hwy Elliott,1.22,19,191 ROBINSON RD,336.38,Barkly,Fixed Line,No mapped coverage,,,,,,,,,,No record in Mobile Coverage dataset
882,EMU POINT,Family Outstation,-14.17021,130.32777,85.0,NT,10037298,"9 m seesaw monopole, Emu Point Community Nemarluk",0.05,71,"Merrepan Community, Lot 7 Merrepen",39.25,West Daly,No mapped coverage,No mapped coverage,,,,,,,,,,No record in Mobile Coverage dataset
33,ENGAWALA,Minor,-22.80257,134.45547,193.0,NT,10023685,"Telstra Site, 9 Price Street Engawala",0.15,109,"Apungalindum Homeland School, 11780 Sandover Hwy (Pungalindum Road)",84.93,Central Desert,No mapped coverage,No mapped coverage,ENGAWALA,COMMUNITY,,YES,,TELSTRA,Small Cell,0.0678763901367011,Name,Mobile coverage record found
35,EWYENPER ATWATYE,Town Camp,-23.7081,133.89974,,NT,2498,Admin Block Power Station ALICE SPRINGS,0.04,107,"Town Camp name: Whitegate, (Unit 1) Lot 5126, Undoolya Road,",2.43,Alice Springs,Fixed Line,No mapped coverage,,,,,,,,,,No record in Mobile Coverage dataset
36,FINKE,Major,-25.58144,134.57842,224.0,NT,153313,Finke Retransmission Site FINKE,0.05,31,15 LAPADUM STREET,0.17,MacDonnell,No mapped coverage,No mapped coverage,,,,,,,,,,No record in Mobile Coverage dataset
950,FITZROY STATION,Family Outstation,-15.56298,130.93431,12.0,NT,10043117,"20 m Ingal seesaw monopole, Fitzroy Station 24665 Victoria Highway GREGORY",0.11,106,"Rockhole Community, 805 Florina Rd",177.51,Victoria Daly,No mapped coverage,No mapped coverage,,,,,,,,,,No record in Mobile Coverage dataset
57,FIVE MILE,Family Outstation,-23.91848,132.84834,3.0,NT,151570,Cmty Radio Site Adj Council Bldg  82 Raberaba Cct HERMANNSBURG,7.73,27,"Town Camp name: Drive In, 42 RUBUNTJA CRESCENT",104.96,MacDonnell,No mapped coverage,No mapped coverage,FIVE MILE,COMMUNITY,,,YES,TELSTRA,Proximity to Cell,0.06358552188576211,Name,Mobile coverage record found
12769,FIVE MILE,Family Outstation,-13.72684,130.71831,,NT,1405,Hill Top on TIPPERARY,4.0,71,"Merrepan Community, Lot 7 Merrepen",97.94,Victoria Daly,No mapped coverage,No mapped coverage,,,,,,,,,,No record in Mobile Coverage dataset
685,FLICKS HOLE,Family Outstation,-15.61606,134.09331,,NT,1034,Telstra Radio Terminal BELLA GLEN,22.36,16,2 CAMERON ROAD,157.92,Roper Gulf,No mapped coverage,No mapped coverage,,,,,,,,,,No record in Mobile Coverage dataset
911,FOSSIL HEAD,Family Outstation,-14.53778,129.52127,34.0,NT,400495,Telstra Customer Dartinga FOSSIL HEAD,0.57,71,"Merrepan Community, Lot 7 Merrepen",59.53,West Daly,No mapped coverage,No mapped coverage,,,,,,,,,,No record in Mobile Coverage dataset
909,FOXALLS WELL,Family Outstation,-23.07383,134.82355,8.0,NT,9001745,Mt Palmer via Harts Range 130 km NE of ALICE SPRINGS,8.68,109,"Apungalindum Homeland School, 11780 Sandover Hwy (Pungalindum Road)",112.44,Central Desert,No mapped coverage,No mapped coverage,,,,,,,,,,No record in Mobile Coverage dataset
496,GALARU,Family Outstation,-12.16601,136.75732,,NT,131995,Defence Installation NHULUNBUY,2.09,41,"EARC Office, Lot 16 Gunyangara Rd",7.48,East Arnhem,Fixed Line,No mapped coverage,,,,,,,,,,No record in Mobile Coverage dataset
807,GALAWARRA,Family Outstation,-12.0444,135.59373,4.0,NT,136219,Telstra Site Galawarra Road GALAWARRA NT,0.32,36,"OLD SCHOOL HOUSE, GAWA ROAD",46.4,East Arnhem,Fixed Line,No mapped coverage,GALAWARRA,COMMUNITY,,,YES,TELSTRA,Proximity to Cell,0.05329549205560401,Name,Mobile coverage record found
489,GALAWDJAPIN,Family Outstation,-12.28695,134.81751,12.0,NT,153547,Broadcast Site Yathalamarra 5 km SW of RAMINGINING,11.96,101,"Council Building, House 2, 21 (Lot 123) Warrk Rd",12.82,East Arnhem,Fixed Line,No mapped coverage,GALAWDJAPIN,COMMUNITY,,,YES,TELSTRA,Proximity to Cell,0.05352706468546258,Name,Mobile coverage record found
492,GALIWINKU,Major,-12.0235,135.5664,2582.0,NT,10002199,Council Services Site Lot 263 Rarrapul St GALIWINKU,0.1,36,"OLD SCHOOL HOUSE, GAWA ROAD",47.14,East Arnhem,Fixed Line,No mapped coverage,GALIWINKU,COMMUNITY,YES,,,TELSTRA,Macro Cell,0.07059413324108021,Name,Mobile coverage record found
495,GALUPA,Family Outstation,-12.1925,136.6892,,NT,9003016,NE Cnr Security Regulated Area Melville Bay Rd PORT GOVE,0.14,41,"EARC Office, Lot 16 Gunyangara Rd",3.11,East Arnhem,Fixed Line,No mapped coverage,,,,,,,,,,No record in Mobile Coverage dataset
315,GAMARDI,Family Outstation,-12.27398,134.68321,55.0,NT,10041075,"9 m seesaw monopole, Gamardi Community WEST ARNHEM",0.07,101,"Council Building, House 2, 21 (Lot 123) Warrk Rd",27.22,West Arnhem,Fixed Line,No mapped coverage,,,,,,,,,,No record in Mobile Coverage dataset
316,GAMARGAWAN,Family Outstation,-12.64914,134.07646,12.0,NT,1507,Telstra Radio Terminal MANMOYI,0.08,101,"Council Building, House 2, 21 (Lot 123) Warrk Rd",99.02,West Arnhem,Fixed Line,No mapped coverage,,,,,,,,,,No record in Mobile Coverage dataset
498,GAN GAN,Minor,-13.04605,135.94354,78.0,NT,10032013,FSG Site Gan Gan Off Gan Gan East Arnhem,0.15,25,5 Donydji,54.12,East Arnhem,Fixed Line,No mapped coverage,,,,,,,,,,No record in Mobile Coverage dataset
1024,GANIYARRANG,Family Outstation,-14.475,135.02131,,NT,2179,Telstra Radio Terminal 6 km ENE MT CHRISP,7.34,5,"Angurugu Main Council Office, Lot 490 Angurugu Community",164.57,Roper Gulf,No mapped coverage,No mapped coverage,,,,,,,,,,No record in Mobile Coverage dataset
499,GANPURA,Family Outstation,-11.88523,135.81235,5.0,NT,138722,Nanyingburra Homeland Centre NANYINGBURRA,0.03,36,"OLD SCHOOL HOUSE, GAWA ROAD",17.25,East Arnhem,Fixed Line,No mapped coverage,,,,,,,,,,No record in Mobile Coverage dataset
500,GAPUWIYAK,Major,-12.50322,135.80587,828.0,NT,38886,Telstra Radio Terminal GAPUWIYAK,0.2,34,"Gapuwiyak Community, (Main Council Office), 9 Bambinamirri St",0.07,East Arnhem,Fixed Line,No mapped coverage,GAPUWIYAK,COMMUNITY,YES,,,TELSTRA,Macro Cell,0.02824178019386075,Name,Mobile coverage record found
963,GARANYDJIRR,Family Outstation,-12.28204,135.02095,8.0,NT,140187,Ramingining Power Station  RAMINGINING,5.13,101,"Council Building, House 2, 21 (Lot 123) Warrk Rd",11.4,East Arnhem,Fixed Line,No mapped coverage,GARANYDJIRR,COMMUNITY,,,YES,TELSTRA,Proximity to Cell,0.007021043943914024,Name,Mobile coverage record found
229,GARAWA 1,Town Camp,-16.06879,136.32129,,NT,2236,Mara Camp BORROLOOLA,1.41,19,191 ROBINSON RD,1.55,Roper Gulf,No mapped coverage,No mapped coverage,,,,,,,,,,No record in Mobile Coverage dataset
992,GARAWA 2,Town Camp,-16.0739,136.3189,,NT,2236,Mara Camp BORROLOOLA,1.36,19,191 ROBINSON RD,1.34,Roper Gulf,No mapped coverage,No mapped coverage,,,,,,,,,,No record in Mobile Coverage dataset
993,GARRINJINNY,Family Outstation,-16.67496,135.64751,8.0,NT,10006806,Optus Rooftop site Heartbreak Hote 27010 Carpentaria Highway MCARTHUR,8.48,19,191 ROBINSON RD,97.31,Roper Gulf,No mapped coverage,No mapped coverage,,,,,,,,,,No record in Mobile Coverage dataset
504,GARRIYAK,Family Outstation,-12.14861,135.56284,,NT,136219,Telstra Site Galawarra Road GALAWARRA NT,12.0,34,"Gapuwiyak Community, (Main Council Office), 9 Bambinamirri St",47.45,East Arnhem,Fixed Line,No mapped coverage,,,,,,,,,,No record in Mobile Coverage dataset
505,GARRTHALALA,Family Outstation,-12.76305,136.56918,54.0,NT,10040324,"9 m pole, Garrthalala Airport EAST ARNHEM",0.15,39,"Gumatj Corporation Building, Lot 26 Guymal Amurra Rd",62.44,East Arnhem,Fixed Line,No mapped coverage,,,,,,,,,,No record in Mobile Coverage dataset
507,GATJI,Family Outstation,-12.27306,134.82029,4.0,NT,1558,Mission RAMINGINING,12.4,101,"Council Building, House 2, 21 (Lot 123) Warrk Rd",13.18,East Arnhem,Fixed Line,No mapped coverage,,,,,,,,,,No record in Mobile Coverage dataset
508,GAWA,Family Outstation,-11.76032,135.90485,19.0,NT,141694,Gawa Homeland Center  GAWA,0.11,36,"OLD SCHOOL HOUSE, GAWA ROAD",0.1,East Arnhem,Fixed Line,No mapped coverage,,,,,,,,,,No record in Mobile Coverage dataset
509,GIKAL,Family Outstation,-12.05218,136.32037,,NT,38903,Telstra Customer Gikal 55 km W of NHULUNBUY,0.62,42,"Miwatj Health Aboriginal Clinic (Gunyangara Clinic), Lot 90 Yunupingu Drive",45.74,East Arnhem,Fixed Line,No mapped coverage,,,,,,,,,,No record in Mobile Coverage dataset
38,GILBERT SPRINGS,Family Outstation,-23.97177,132.48073,,NT,2808,Site 1 Magellan Petroleum Gas Plant PALM VALLEY,16.3,96,2 POSSUM CR,103.41,MacDonnell,No mapped coverage,No mapped coverage,,,,,,,,,,No record in Mobile Coverage dataset
490,GILIRRI,Family Outstation,-12.33029,134.81695,,NT,153547,Broadcast Site Yathalamarra 5 km SW of RAMINGINING,9.61,101,"Council Building, House 2, 21 (Lot 123) Warrk Rd",12.01,East Arnhem,Fixed Line,No mapped coverage,,,,,,,,,,No record in Mobile Coverage dataset
597,GILWI,Family Outstation,-15.78711,130.53275,86.0,NT,10043302,"20 m Ingal seesaw monopole, Gilwi-Family Outstation off Bullita/Timber Creek Road GREGORY",0.15,71,"Merrepan Community, Lot 7 Merrepen",184.32,Victoria Daly,No mapped coverage,No mapped coverage,,,,,,,,,,No record in Mobile Coverage dataset
945,GIMBAT,Family Outstation,-13.57854,132.60772,,NT,10036290,"20 m seesaw pole, Gimbat Road 3km East of Mt Callanan Gulung Mardrulk",17.43,72,"Kalano Community Assoc - Venndale, 20 Bruce Rd",111.58,Roper Gulf,No mapped coverage,No mapped coverage,,,,,,,,,,No record in Mobile Coverage dataset
510,GITAN,Family Outstation,-11.91169,135.78183,,NT,480581,Telstra Site Nandunur ELCHO ISLAND,4.32,36,"OLD SCHOOL HOUSE, GAWA ROAD",21.61,East Arnhem,Fixed Line,No mapped coverage,,,,,,,,,,No record in Mobile Coverage dataset
319,GOCHAN JINY JIRRA,Minor,-12.19925,134.45751,33.0,NT,1566,Telstra Radio Terminal Helmholtz 21.5 km SSE of MANINGRIDA,16.85,101,"Council Building, House 2, 21 (Lot 123) Warrk Rd",53.05,West Arnhem,Fixed Line,No mapped coverage,,,,,,,,,,No record in Mobile Coverage dataset
669,GONGURUWUY,Family Outstation,-12.06638,136.15085,,NT,137180,Mata Mata Homeland Centre  MATA MATA,13.07,105,8 Raymangirr,34.44,East Arnhem,Fixed Line,No mapped coverage,,,,,,,,,,No record in Mobile Coverage dataset
723,GOOLMINYINI,Family Outstation,-16.15829,136.09751,29.0,NT,2234,Telstra Customer DEVILS SPRINGS,1.33,19,191 ROBINSON RD,24.41,Roper Gulf,No mapped coverage,No mapped coverage,,,,,,,,,,No record in Mobile Coverage dataset
596,GORPULYUL,Family Outstation,-13.34621,134.14587,,NT,2195,Bodeidei Camp WEEMOL,27.52,101,"Council Building, House 2, 21 (Lot 123) Warrk Rd",141.36,Roper Gulf,No mapped coverage,No mapped coverage,,,,,,,,,,No record in Mobile Coverage dataset
321,GORRONG-GORRONG,Family Outstation,-12.12294,134.49532,6.0,NT,10040677,"9 m monopole, Western end of Ji-Marda Landing Ground WESTERN ARNHEM",15.0,101,"Council Building, House 2, 21 (Lot 123) Warrk Rd",52.24,West Arnhem,Fixed Line,No mapped coverage,,,,,,,,,,No record in Mobile Coverage dataset
44,GREEN VALLEY,Family Outstation,-23.15051,131.73817,2.0,NT,151612,Broadcast Site PAPUNYA,18.26,96,2 POSSUM CR,18.44,MacDonnell,No mapped coverage,No mapped coverage,,,,,,,,,,No record in Mobile Coverage dataset
740,GUDJEKBIN,Family Outstation,-12.25097,133.80109,,NT,1560,Telstra Site 18 km S of Goomadeer MAMADAWERRE,15.16,101,"Council Building, House 2, 21 (Lot 123) Warrk Rd",122.68,West Arnhem,Fixed Line,No mapped coverage,,,,,,,,,,No record in Mobile Coverage dataset
741,GUL GUL,Family Outstation,-11.13042,132.33842,,NT,44433,Pearling Site RAFFLES BAY,11.46,10,"Bagot Community Laundry, 133 Bagot Road",215.65,,No mapped coverage,No mapped coverage,,,,,,,,,,No record in Mobile Coverage dataset
24905,GULARDI,Family Outstation,-15.71326,130.48399,14.0,NT,10043354,"20 m Ingal monopole, Myatt -Family Outstation off Victoria Highway TIMBER CREEK",0.71,71,"Merrepan Community, Lot 7 Merrepen",174.85,Victoria Daly,No mapped coverage,No mapped coverage,,,,,,,,,,No record in Mobile Coverage dataset
512,GULMARRI,Family Outstation,-11.91701,135.82229,5.0,NT,138722,Nanyingburra Homeland Centre NANYINGBURRA,3.72,36,"OLD SCHOOL HOUSE, GAWA ROAD",19.7,East Arnhem,Fixed Line,No mapped coverage,,,,,,,,,,No record in Mobile Coverage dataset
867,GULNGARRING,Family Outstation,-13.13876,131.09811,,NT,570394,Telstra Site Air Strip PELL,2.07,10,"Bagot Community Laundry, 133 Bagot Road",84.66,Coomalie,Fixed Wireless,No mapped coverage,,,,,,,,,,No record in Mobile Coverage dataset
204,GULUNGURU,Family Outstation,-19.35439,136.03855,,NT,2345,Telstra Radio Terminal 5km SSW of Homestead ALROY DOWNS,1.85,4,10 LUCK STREET,269.78,Barkly,Fixed Line,No mapped coverage,,,,,,,,,,No record in Mobile Coverage dataset
328,GUMARRIRNBANG,Family Outstation,-12.32945,133.99695,31.0,NT,1568,Marrkolidban MANINGRIDA,17.6,101,"Council Building, House 2, 21 (Lot 123) Warrk Rd",101.08,West Arnhem,Fixed Line,No mapped coverage,,,,,,,,,,No record in Mobile Coverage dataset
308,GUMERAGI,Family Outstation,-11.1688,132.1647,7.0,NT,9022076,Black Point Water Tank Off Smith Point Road COBOURG PENINSULA,2.65,10,"Bagot Community Laundry, 133 Bagot Road",198.87,West Arnhem,Fixed Line,No mapped coverage,,,,,,,,,,No record in Mobile Coverage dataset
691,GUMULUJI,Family Outstation,-17.93534,137.48038,,NT,2382,Benmara Homestead 60km N of CRESWELL DOWNS,60.87,19,191 ROBINSON RD,242.02,Barkly,Fixed Line,No mapped coverage,,,,,,,,,,No record in Mobile Coverage dataset
497,GUMURUGURU,Family Outstation,-12.06001,134.76306,,NT,9024119,Repeater Site Milingimbi Airport MILINGIMBI ISLAND,14.6,101,"Council Building, House 2, 21 (Lot 123) Warrk Rd",34.81,East Arnhem,Fixed Line,No mapped coverage,,,,,,,,,,No record in Mobile Coverage dataset
329,GUNBALANYA,Major,-12.324,133.056,1354.0,NT,1544,Telstra Radio Terminal OENPELLI,0.08,101,"Council Building, House 2, 21 (Lot 123) Warrk Rd",203.3,West Arnhem,Fixed Line,No mapped coverage,GUNBALANYA,COMMUNITY,YES,,,TELSTRA,Macro Cell,0.0,Name,Mobile coverage record found
514,GUNYANGARA,Minor,-12.21542,136.70569,283.0,NT,133940,Council Office Gunyangara Via Nhulunbuy GUNYANGARA,0.27,42,"Miwatj Health Aboriginal Clinic (Gunyangara Clinic), Lot 90 Yunupingu Drive",0.16,East Arnhem,Fixed Line,No mapped coverage,GUNYANGARA,COMMUNITY,,,YES,OPTUS/TELSTRA,Proximity to Cell,0.05758550530764963,Name,Mobile coverage record found
330,GUPANGA,Family Outstation,-12.0752,134.5843,,NT,10040677,"9 m monopole, Western end of Ji-Marda Landing Ground WESTERN ARNHEM",3.97,101,"Council Building, House 2, 21 (Lot 123) Warrk Rd",46.75,West Arnhem,Fixed Line,No mapped coverage,,,,,,,,,,No record in Mobile Coverage dataset
516,GURKAWUY,Family Outstation,-12.97616,136.50362,9.0,NT,1428,Telstra Customer BUKUDAL,12.57,39,"Gumatj Corporation Building, Lot 26 Guymal Amurra Rd",87.16,East Arnhem,Fixed Line,No mapped coverage,,,,,,,,,,No record in Mobile Coverage dataset
331,GURRGURR,Family Outstation,-12.20644,134.00904,,NT,1568,Marrkolidban MANINGRIDA,6.61,101,"Council Building, House 2, 21 (Lot 123) Warrk Rd",100.71,West Arnhem,Fixed Line,No mapped coverage,,,,,,,,,,No record in Mobile Coverage dataset
517,GURRUMURU,Minor,-12.59224,136.23168,44.0,NT,136993,Gurrumurru Homeland Centre GURRUMURRU,0.1,105,8 Raymangirr,37.41,East Arnhem,Fixed Line,No mapped coverage,,,,,,,,,,No record in Mobile Coverage dataset
804,GUTJANGAN,Family Outstation,-12.0839,136.80857,37.0,NT,131995,Defence Installation NHULUNBUY,9.61,41,"EARC Office, Lot 16 Gunyangara Rd",18.05,East Arnhem,Fixed Line,No mapped coverage,GUTJANGAN,COMMUNITY,,,YES,TELSTRA,Proximity to Cell,0.04805849869528271,Name,Mobile coverage record found
41,HAASTS BLUFF,Major,-23.44733,131.88129,96.0,NT,138340,Police Station 206 km W of Alice Springs HAASTS BLUFF,0.14,96,2 POSSUM CR,27.29,MacDonnell,No mapped coverage,No mapped coverage,,,,,,,,,,No record in Mobile Coverage dataset
845,HALFWAY CAMP,Family Outstation,-25.69492,134.36263,,NT,53712,Broadcast Site FINKE,24.3,31,15 LAPADUM STREET,24.87,MacDonnell,No mapped coverage,No mapped coverage,,,,,,,,,,No record in Mobile Coverage dataset
903,HATCHES CREEK,Family Outstation,-20.84606,135.21349,1.0,NT,10018057,"Telstra Site, 6 Blackman Court, Epenarra Community Wutunugurra",42.82,4,10 LUCK STREET,90.27,Barkly,Fixed Line,No mapped coverage,,,,,,,,,,No record in Mobile Coverage dataset
1028,HAWK DREAMING,Family Outstation,-12.37053,132.93914,4.0,NT,10036014,"9m seesaw pole, Ubirr Rock Art Site car park Kakadu Highway Kakadu",5.08,101,"Council Building, House 2, 21 (Lot 123) Warrk Rd",216.03,West Arnhem,Fixed Line,No mapped coverage,,,,,,,,,,No record in Mobile Coverage dataset
43,HERMANNSBURG,Major,-23.9427,132.7787,647.0,NT,151570,Cmty Radio Site Adj Council Bldg  82 Raberaba Cct HERMANNSBURG,0.18,27,"Town Camp name: Drive In, 42 RUBUNTJA CRESCENT",112.39,MacDonnell,No mapped coverage,No mapped coverage,HERMANNSBURG,COMMUNITY,YES,,,TELSTRA,Macro Cell,0.04519194743540389,Name,Mobile coverage record found
973,HINGSTONS PLACE,Family Outstation,-19.61773,134.19703,6.0,NT,2270,Telstra Site MARY ANN DAM,1.74,4,10 LUCK STREET,250.79,Barkly,Fixed Line,No mapped coverage,HINGSTONS PLACE,COMMUNITY,,,YES,OPTUS/TELSTRA,Proximity to Cell,0.030186658185200593,Name,Mobile coverage record found
600,HODGSON RIVER STATION,Minor,-15.57495,134.09553,,NT,1034,Telstra Radio Terminal BELLA GLEN,17.91,16,2 CAMERON ROAD,154.7,Roper Gulf,No mapped coverage,No mapped coverage,,,,,,,,,,No record in Mobile Coverage dataset
13339033,HONEYMOON BORE,Family Outstation,-21.66791,135.24665,2.0,NT,152932,Broadcast Site AMPILATWATJA,2.26,4,10 LUCK STREET,2.51,Barkly,Fixed Line,No mapped coverage,,,,,,,,,,No record in Mobile Coverage dataset
675,HOPPYS CAMP,Town Camp,-23.68405,133.87658,,NT,131378,Nth of Spencer Hill ALICE SPRINGS,0.38,107,"Town Camp name: Whitegate, (Unit 1) Lot 5126, Undoolya Road,",4.2,Alice Springs,Fixed Line,Fixed Line,,,,,,,,,,No record in Mobile Coverage dataset
334,HUMPTY DOO,Family Outstation,-12.63105,131.26078,4.0,NT,1494,Substation Section 1550 Arnhem Highway HUMPTY DOO,2.51,10,"Bagot Community Laundry, 133 Bagot Road",50.19,Litchfield,"Fixed Line, Fixed Wireless",No mapped coverage,,,,,,,,,,No record in Mobile Coverage dataset
800,HUNTERS CAMP,Family Outstation,-12.65001,132.8291,8.0,NT,3183,Lot 2243 El Sharana Road JABIRU,1.82,16,2 CAMERON ROAD,214.04,West Arnhem,Fixed Line,No mapped coverage,HUNTERS CAMP,COMMUNITY,,,YES,OPTUS/TELSTRA,Proximity to Cell,0.010906424986012762,Name,Mobile coverage record found
813,IJARRA,Family Outstation,-16.2152,136.00501,,NT,2232,Telstra Site Aboriginal Community RYANS BEND,6.39,19,191 ROBINSON RD,36.04,Roper Gulf,No mapped coverage,No mapped coverage,,,,,,,,,,No record in Mobile Coverage dataset
1005,ILEPARRATYE,Family Outstation,-22.02145,133.42931,9.0,NT,603249,Power Station Stuart Highway TI TREE,11.59,109,"Apungalindum Homeland School, 11780 Sandover Hwy (Pungalindum Road)",130.06,Central Desert,No mapped coverage,No mapped coverage,,,,,,,,,,No record in Mobile Coverage dataset
24990,ILJITJARRI,Family Outstation,-24.53401,132.49215,5.0,NT,2763,Telstra Radio Terminal Wallara 13 km S of WALLARA RANCH,28.9,96,2 POSSUM CR,159.4,MacDonnell,No mapped coverage,No mapped coverage,,,,,,,,,,No record in Mobile Coverage dataset
45,ILKARRALALAMA,Family Outstation,-23.96461,132.46504,2.0,NT,2808,Site 1 Magellan Petroleum Gas Plant PALM VALLEY,18.08,96,2 POSSUM CR,101.86,MacDonnell,No mapped coverage,No mapped coverage,,,,,,,,,,No record in Mobile Coverage dataset
737,ILLEUWURRU,Family Outstation,-21.60913,134.39411,,NT,153249,Broadcast Site Anterrengeny via Sandover Highway UTOPIA,34.36,112,"Urapuntja Community (Clinic School), Sandover Highway",56.16,Barkly,Fixed Line,No mapped coverage,,,,,,,,,,No record in Mobile Coverage dataset
709,ILPERLE,Family Outstation,-22.92737,135.71575,3.0,NT,2900,Telstra Radio Terminal 6 km WSW of Jinka Homestead DEAD HORSE,6.23,110,"Irrultja School, 28 Irrultja Int Road",122.2,Central Desert,No mapped coverage,No mapped coverage,,,,,,,,,,No record in Mobile Coverage dataset
48,ILPERLE-TYATHE,Town Camp,-23.6656,133.8611,,NT,10044348,"Earth Station KAA 2, 337 Stuart Highway STUART",0.19,107,"Town Camp name: Whitegate, (Unit 1) Lot 5126, Undoolya Road,",6.42,Alice Springs,Fixed Line,No mapped coverage,,,,,,,,,,No record in Mobile Coverage dataset
676,ILPEYE ILPEYE ESTATE,Town Camp,-23.70016,133.90731,,NT,10038010,Earth Station Charles Darwin University Grevillea Street SADADEEN,1.11,107,"Town Camp name: Whitegate, (Unit 1) Lot 5126, Undoolya Road,",1.26,Alice Springs,Fixed Line,No mapped coverage,,,,,,,,,,No record in Mobile Coverage dataset
49,ILPILI,Family Outstation,-23.32393,130.36045,,NT,2872,Telstra Site EHRENBERG,13.46,96,2 POSSUM CR,158.78,MacDonnell,No mapped coverage,No mapped coverage,,,,,,,,,,No record in Mobile Coverage dataset
1018,ILPURLA,Family Outstation,-24.31521,132.71446,6.0,NT,570371,Telstra Radio Terminal BIG STONE,24.62,27,"Town Camp name: Drive In, 42 RUBUNTJA CRESCENT",132.25,MacDonnell,No mapped coverage,No mapped coverage,,,,,,,,,,No record in Mobile Coverage dataset
904,ILUWURRU,Family Outstation,-19.03222,136.65003,,NT,2353,Telstra Repeater Site 9 km NW of ALEXANDRIA HOMESTEAD,2.29,4,10 LUCK STREET,327.57,Barkly,Fixed Line,No mapped coverage,,,,,,,,,,No record in Mobile Coverage dataset
50,ILYIPERENYE,Town Camp,-23.74382,133.87079,,NT,10018028,Older Times Village 446 South Stuart Highway Alice Springs,0.32,27,"Town Camp name: Drive In, 42 RUBUNTJA CRESCENT",1.74,Alice Springs,Fixed Line,No mapped coverage,,,,,,,,,,No record in Mobile Coverage dataset
250,IMANGARA,Minor,-21.04961,134.68117,79.0,NT,133811,Broadcast Site  IMANGARA,0.13,4,10 LUCK STREET,88.0,Barkly,Fixed Line,No mapped coverage,,,,,,,,,,No record in Mobile Coverage dataset
51,IMANPA,Major,-25.13051,132.56999,146.0,NT,139151,Telstra Site 109 Waterhole Road IMANPA,0.17,86,26 (Goanna) New Ilparpa,200.94,MacDonnell,No mapped coverage,No mapped coverage,IMANPA,COMMUNITY,YES,,,TELSTRA,Macro Cell,0.054494888539768076,Name,Mobile coverage record found
20926,IMPADNA,Family Outstation,-25.15452,133.56947,,NT,2750,Telstra/Rail Track Site 160 km S of Alice Springs IMPADNA,0.13,31,15 LAPADUM STREET,111.84,MacDonnell,No mapped coverage,No mapped coverage,,,,,,,,,,No record in Mobile Coverage dataset
961,IMPERRENTH,Family Outstation,-21.21086,134.96858,,NT,133811,Broadcast Site  IMANGARA,34.82,4,10 LUCK STREET,56.34,Barkly,Fixed Line,No mapped coverage,,,,,,,,,,No record in Mobile Coverage dataset
52,IMPORTNA,Family Outstation,-23.94048,132.74341,4.0,NT,138883,Hermannsburg High Level Water Tank WNW of Hermannsburg HERMANNSBURG,3.1,27,"Town Camp name: Drive In, 42 RUBUNTJA CRESCENT",115.88,MacDonnell,No mapped coverage,No mapped coverage,IMPORTNA,COMMUNITY,,,YES,TELSTRA,Proximity to Cell,0.06771228956947155,Name,Mobile coverage record found
90,INARLENGE,Town Camp,-23.72882,133.85896,,NT,480765,PAWA Second Site West Gap ALICE SPRINGS,0.7,27,"Town Camp name: Drive In, 42 RUBUNTJA CRESCENT",3.38,Alice Springs,Fixed Line,Fixed Line,,,,,,,,,,No record in Mobile Coverage dataset
932,INBINA ATWATYE,Family Outstation,-23.74118,133.71324,11.0,NT,9008826,Burts Bluff WEST MACDONNELL RANGES,1.56,27,"Town Camp name: Drive In, 42 RUBUNTJA CRESCENT",15.6,MacDonnell,No mapped coverage,No mapped coverage,INBINA ATWATYE,COMMUNITY,,,YES,TELSTRA,Proximity to Cell,0.03158089078061965,Name,Mobile coverage record found
15,INDARINGINYA,Family Outstation,-21.67707,134.71992,41.0,NT,153249,Broadcast Site Anterrengeny via Sandover Highway UTOPIA,0.15,112,"Urapuntja Community (Clinic School), Sandover Highway",27.52,Barkly,Fixed Line,No mapped coverage,,,,,,,,,,No record in Mobile Coverage dataset
54,ININTI,Family Outstation,-23.16827,129.15249,,NT,2882,Telstra Radio Terminal NORTH KINTORE,20.84,96,2 POSSUM CR,281.8,MacDonnell,No mapped coverage,No mapped coverage,,,,,,,,,,No record in Mobile Coverage dataset
336,INJILATPARRI,Family Outstation,-11.61113,133.41363,,NT,10004310,Warruwi Borefield Tank Compound Lot 109 Injilatparri Access Road Warruwi South Goulburn Island,0.9,101,"Council Building, House 2, 21 (Lot 123) Warrk Rd",182.98,West Arnhem,Fixed Line,No mapped coverage,,,,,,,,,,No record in Mobile Coverage dataset
55,INJIRRAMURRI,Family Outstation,-22.46523,131.12911,,NT,2930,Telstra Site DJAMBIDJIMBA,17.44,96,2 POSSUM CR,114.57,Central Desert,No mapped coverage,No mapped coverage,,,,,,,,,,No record in Mobile Coverage dataset
8,INJULKAMA,Family Outstation,-23.07626,133.10673,,NT,2593,Telstra Radio Terminal 5 km NW Mitchell Bore MILTON PARK,29.2,107,"Town Camp name: Whitegate, (Unit 1) Lot 5126, Undoolya Road,",107.39,MacDonnell,No mapped coverage,No mapped coverage,,,,,,,,,,No record in Mobile Coverage dataset
726,INKAWENYERRE,Family Outstation,-21.82016,134.84707,43.0,NT,153468,Broadcast Site Arnkawenyerr via Sandover Highway UTOPIA,0.04,112,"Urapuntja Community (Clinic School), Sandover Highway",8.68,Barkly,Fixed Line,No mapped coverage,,,,,,,,,,No record in Mobile Coverage dataset
82,INKWELAYE,Family Outstation,-22.07951,134.83153,31.0,NT,153466,Broadcast Site Kurrajong via Sandover Highway UTOPIA,0.06,111,"Soapy Bore School, House 20, Lot 705 Soapy Bore Community Road",7.57,Barkly,Fixed Line,No mapped coverage,INKWELAYE,COMMUNITY,,,YES,TELSTRA,Proximity to Cell,0.07289744340306237,Name,Mobile coverage record found
56,INTJARTNAMA,Family Outstation,-24.06292,132.92056,16.0,NT,2806,Conserv Comm Admin PALM VALLEY,16.12,27,"Town Camp name: Drive In, 42 RUBUNTJA CRESCENT",101.83,MacDonnell,No mapped coverage,No mapped coverage,,,,,,,,,,No record in Mobile Coverage dataset
59,INYILINGI,Family Outstation,-23.24973,131.42488,,NT,2866,HF Site MT LIEBIG,7.96,96,2 POSSUM CR,49.76,MacDonnell,No mapped coverage,No mapped coverage,,,,,,,,,,No record in Mobile Coverage dataset
771,IPALALA,Family Outstation,-23.92556,132.67808,3.0,NT,2816,Telstra Site 13.4 km SW of HERMANNSBURG,8.59,96,2 POSSUM CR,112.21,MacDonnell,No mapped coverage,No mapped coverage,IPALALA,COMMUNITY,,,YES,TELSTRA,Proximity to Cell,0.0495969163751258,Name,Mobile coverage record found
60,IPOLERA,Family Outstation,-23.98862,132.37407,,NT,10019760,"Areyonga Water Tank Compound, Lot 132 Kurkunytjing Road AREYONGA",13.93,96,2 POSSUM CR,99.35,MacDonnell,No mapped coverage,No mapped coverage,,,,,,,,,,No record in Mobile Coverage dataset
978,IRGUL POINT,Family Outstation,-11.34201,132.52876,14.0,NT,480845,Telstra Site Sandy Bay CROKER ISLAND,16.0,10,"Bagot Community Laundry, 133 Bagot Road",217.79,West Arnhem,Fixed Line,No mapped coverage,,,,,,,,,,No record in Mobile Coverage dataset
1025,IRKLANCHA ATWACHA,Town Camp,-23.6941,133.9052,,NT,131948,PS03 Schwarz ALICE SPRINGS,0.54,107,"Town Camp name: Whitegate, (Unit 1) Lot 5126, Undoolya Road,",1.18,Alice Springs,Fixed Line,Fixed Line,,,,,,,,,,No record in Mobile Coverage dataset
826,IRON STONE,Family Outstation,-12.89499,130.43571,,NT,1085,Didjini Aboriginal Community FINNISS RIVER AREA,0.42,124,142 Wagait Tower Road,61.39,Un-Incorporated (Cox-Daly),Fixed Wireless,No mapped coverage,,,,,,,,,,No record in Mobile Coverage dataset
703,IRRERLIRRE,Family Outstation,-22.8462,135.1345,40.0,NT,2902,Telstra Radio Terminal 20 km W of Huckitta Homestead ENTIRE,14.65,110,"Irrultja School, 28 Irrultja Int Road",96.33,Central Desert,No mapped coverage,No mapped coverage,,,,,,,,,,No record in Mobile Coverage dataset
921,IRRILTYERE (A),Family Outstation,-23.75129,133.69467,9.0,NT,9008826,Burts Bluff WEST MACDONNELL RANGES,2.05,27,"Town Camp name: Drive In, 42 RUBUNTJA CRESCENT",17.39,MacDonnell,No mapped coverage,No mapped coverage,IRRILTYERE (A),COMMUNITY,,,YES,OPTUS/TELSTRA,Proximity to Cell,0.04656064549102779,Name,Mobile coverage record found
922,IRRILTYERE (B),Family Outstation,-23.76105,133.68564,10.0,NT,9008826,Burts Bluff WEST MACDONNELL RANGES,2.99,27,"Town Camp name: Drive In, 42 RUBUNTJA CRESCENT",18.29,MacDonnell,No mapped coverage,No mapped coverage,IRRILTYERE (B),COMMUNITY,,,YES,OPTUS/TELSTRA,Proximity to Cell,0.03705647678691327,Name,Mobile coverage record found
853,IRRMARNE,Family Outstation,-21.65405,136.39475,,NT,2991,Telstra Radio Terminal Button 7 km NW of COLES DAM,8.74,4,10 LUCK STREET,120.9,Barkly,Fixed Line,No mapped coverage,,,,,,,,,,No record in Mobile Coverage dataset
24989,IRROWA,Family Outstation,-24.62515,132.33103,9.0,NT,2763,Telstra Radio Terminal Wallara 13 km S of WALLARA RANCH,12.92,96,2 POSSUM CR,163.82,MacDonnell,No mapped coverage,No mapped coverage,,,,,,,,,,No record in Mobile Coverage dataset
63,IRRULTJA,Minor,-21.97997,135.11128,45.0,NT,153469,Broadcast Site Atheley via Sandover Highway ATHELEY,26.0,110,"Irrultja School, 28 Irrultja Int Road",0.17,Barkly,Fixed Line,No mapped coverage,,,,,,,,,,No record in Mobile Coverage dataset
935,ITCHY KOO PARK,Family Outstation,-23.76667,133.65816,52.0,NT,570843,Western McDonald Ranges ALICE SPRINGS,4.8,27,"Town Camp name: Drive In, 42 RUBUNTJA CRESCENT",21.11,MacDonnell,No mapped coverage,No mapped coverage,ITCHY KOO PARK,COMMUNITY,,,YES,OPTUS/TELSTRA,Proximity to Cell,0.04014465918038116,Name,Mobile coverage record found
923,ITEYEPINTYE,Family Outstation,-23.76466,133.59994,25.0,NT,570843,Western McDonald Ranges ALICE SPRINGS,4.97,27,"Town Camp name: Drive In, 42 RUBUNTJA CRESCENT",27.02,MacDonnell,No mapped coverage,No mapped coverage,ITEYEPINTYE,COMMUNITY,,,YES,TELSTRA,Proximity to Cell,0.03829623381583306,Name,Mobile coverage record found
924,ITPERLYENGE,Family Outstation,-23.76361,133.61103,23.0,NT,570843,Western McDonald Ranges ALICE SPRINGS,4.5,27,"Town Camp name: Drive In, 42 RUBUNTJA CRESCENT",25.89,MacDonnell,No mapped coverage,No mapped coverage,ITPERLYENGE,COMMUNITY,,,YES,TELSTRA,Proximity to Cell,0.04347341646248566,Name,Mobile coverage record found
64,ITWIYETHWENGE,Town Camp,-23.66363,133.87168,,NT,10025905,Cnr Stuart Highway & Power Street Alice Springs,0.78,107,"Town Camp name: Whitegate, (Unit 1) Lot 5126, Undoolya Road,",5.61,Alice Springs,Fixed Line,No mapped coverage,,,,,,,,,,No record in Mobile Coverage dataset
65,IWUPATAKA,Minor,-23.79061,133.50327,,NT,2455,Telstra Radio Terminal JAY CREEK,0.55,27,"Town Camp name: Drive In, 42 RUBUNTJA CRESCENT",37.02,MacDonnell,No mapped coverage,No mapped coverage,,,,,,,,,,No record in Mobile Coverage dataset
727,IYLENTYE,Family Outstation,-21.98676,134.72667,33.0,NT,153252,Broadcast Site via Sandover Highway MOSQUITO BORE,0.02,109,"Apungalindum Homeland School, 11780 Sandover Hwy (Pungalindum Road)",10.02,Barkly,Fixed Line,No mapped coverage,,,,,,,,,,No record in Mobile Coverage dataset
13836,JABIRU,Village,-12.6752,132.8337,886.0,NT,10030346,Jabiru 19 Tasman Crescent JABIRU,0.28,16,2 CAMERON ROAD,211.2,West Arnhem,Fixed Line,Fixed Line,,,,,,,,,,No record in Mobile Coverage dataset
704,JANGIRULU,Family Outstation,-18.12561,133.61111,,NT,460485,CB Repeater Site POWELL CREEK,12.03,19,191 ROBINSON RD,366.47,Barkly,Fixed Line,No mapped coverage,,,,,,,,,,No record in Mobile Coverage dataset
234,JARRA JARRA,Family Outstation,-20.84765,133.22064,,NT,10021796,"Telstra Radio Site Willowra Community, 5 Kakarrara Road Willowra",76.71,109,"Apungalindum Homeland School, 11780 Sandover Hwy (Pungalindum Road)",203.97,Barkly,Fixed Line,No mapped coverage,,,,,,,,,,No record in Mobile Coverage dataset
966,JARRAMAGORNDARRA,Family Outstation,-12.29072,134.65311,,NT,10041075,"9 m seesaw monopole, Gamardi Community WEST ARNHEM",3.83,101,"Council Building, House 2, 21 (Lot 123) Warrk Rd",30.1,West Arnhem,Fixed Line,No mapped coverage,,,,,,,,,,No record in Mobile Coverage dataset
824,JEMELKE,Family Outstation,-21.53389,133.87473,10.0,NT,10004602,Optus Rooftop Site Barrow Creek Roadhouse Stuart Hwy Barrow Creek,1.52,109,"Apungalindum Homeland School, 11780 Sandover Hwy (Pungalindum Road)",103.16,Barkly,Fixed Line,No mapped coverage,JEMELKE,COMMUNITY,,,YES,OPTUS/TELSTRA,Proximity to Cell,0.030488216550157096,Name,Mobile coverage record found
338,JI-BALBAL,Family Outstation,-12.29755,134.61989,12.0,NT,1536,Telstra Radio Terminal 6 km W of Blyth River HERTZ,5.31,101,"Council Building, House 2, 21 (Lot 123) Warrk Rd",33.59,West Arnhem,Fixed Line,No mapped coverage,,,,,,,,,,No record in Mobile Coverage dataset
311,JI-BENA,Family Outstation,-12.14418,134.5264,29.0,NT,10040677,"9 m monopole, Western end of Ji-Marda Landing Ground WESTERN ARNHEM",13.77,101,"Council Building, House 2, 21 (Lot 123) Warrk Rd",48.17,West Arnhem,Fixed Line,No mapped coverage,,,,,,,,,,No record in Mobile Coverage dataset
793,JI-MALAWA,Family Outstation,-12.12168,134.67334,50.0,NT,10040677,"9 m monopole, Western end of Ji-Marda Landing Ground WESTERN ARNHEM",9.75,101,"Council Building, House 2, 21 (Lot 123) Warrk Rd",35.95,West Arnhem,Fixed Line,No mapped coverage,,,,,,,,,,No record in Mobile Coverage dataset
340,JI-MARDA,Family Outstation,-12.05613,134.61501,55.0,NT,10040677,"9 m monopole, Western end of Ji-Marda Landing Ground WESTERN ARNHEM",0.09,101,"Council Building, House 2, 21 (Lot 123) Warrk Rd",45.52,West Arnhem,Fixed Line,No mapped coverage,,,,,,,,,,No record in Mobile Coverage dataset
593,JILKMINGGAN,Minor,-14.95306,133.3,309.0,NT,10005368,"Telstra Exchange Jilkminggan Jilkminggan, Roper Gulf",0.02,16,2 CAMERON ROAD,48.52,Roper Gulf,No mapped coverage,No mapped coverage,JILKMINGGAN,COMMUNITY,,YES,,TELSTRA,Small Cell,0.006671704814220927,Name,Mobile coverage record found
261,JILUNDARINA,Family Outstation,-17.60557,137.57665,,NT,9026208,Radio Site Wollogorang Station 27km SE of CALVERT,31.47,19,191 ROBINSON RD,217.72,Barkly,Fixed Line,No mapped coverage,,,,,,,,,,No record in Mobile Coverage dataset
989,JIMILAYA,Family Outstation,-15.6082,136.67192,,NT,570507,Telstra Customer MUMATHUMBURU OUTSTATION,18.53,19,191 ROBINSON RD,64.54,Roper Gulf,No mapped coverage,No mapped coverage,,,,,,,,,,No record in Mobile Coverage dataset
235,JINGALOO,Family Outstation,-17.11311,133.61433,,NT,2406,Telstra Radio Terminal GOOCHEGOOCHERA,15.9,16,2 CAMERON ROAD,289.44,Barkly,Fixed Line,No mapped coverage,,,,,,,,,,No record in Mobile Coverage dataset
646,JIWARANPA,Family Outstation,-19.55541,129.92674,,NT,10045388,Ground Rush Mine Site  Tanami,18.41,96,2 POSSUM CR,454.58,Central Desert,No mapped coverage,No mapped coverage,,,,,,,,,,No record in Mobile Coverage dataset
598,JODETLUK,Family Outstation,-14.36,132.43333,21.0,NT,1910,Telstra Customer Kalano Association KATHERINE GORGE,0.15,72,"Kalano Community Assoc - Venndale, 20 Bruce Rd",25.49,Roper Gulf,No mapped coverage,No mapped coverage,,,,,,,,,,No record in Mobile Coverage dataset
710,JOMET (URPALARWN),Family Outstation,-15.42069,133.11146,,NT,570377,Telstra Customer JOMMENT BLOCK,0.14,16,2 CAMERON ROAD,96.31,Roper Gulf,No mapped coverage,No mapped coverage,,,,,,,,,,No record in Mobile Coverage dataset
602,JOWAR,Family Outstation,-14.72747,134.42881,,NT,9013252,Sherwin Iron Repeater Site 3 21km W of WILTON,7.08,16,2 CAMERON ROAD,142.53,Roper Gulf,No mapped coverage,No mapped coverage,,,,,,,,,,No record in Mobile Coverage dataset
695,JUNGARRAYI WARRNU,Family Outstation,-22.68594,131.43088,,NT,9013783,CB Repeater Site Newhaven-Wartikinpiri Range 87 km NW of PAPUNYA,24.75,96,2 POSSUM CR,75.55,Central Desert,No mapped coverage,No mapped coverage,,,,,,,,,,No record in Mobile Coverage dataset
734,JUNKAJI,Family Outstation,-20.44656,134.14149,,NT,570547,Telstra Customer JUNKAJI,0.04,4,10 LUCK STREET,175.44,Barkly,Fixed Line,No mapped coverage,,,,,,,,,,No record in Mobile Coverage dataset
794,KABALYARRA,Family Outstation,-12.06946,134.21279,15.0,NT,10000461,Maningrida power station  Maningrida,2.08,101,"Council Building, House 2, 21 (Lot 123) Warrk Rd",82.85,West Arnhem,Fixed Line,No mapped coverage,,,,,,,,,,No record in Mobile Coverage dataset
1007,KABULWARNAMYO,Family Outstation,-12.76486,133.84472,4.0,NT,1487,Telstra Customer Gamargawan MANINGRIDA,27.67,101,"Council Building, House 2, 21 (Lot 123) Warrk Rd",127.13,West Arnhem,Fixed Line,No mapped coverage,,,,,,,,,,No record in Mobile Coverage dataset
326,KAKODBABULDI,Family Outstation,-12.40779,134.15779,20.0,NT,10040686,"9 m pole, Manmoyi Community WEST ARNHEM",15.72,101,"Council Building, House 2, 21 (Lot 123) Warrk Rd",84.06,West Arnhem,Fixed Line,No mapped coverage,,,,,,,,,,No record in Mobile Coverage dataset
736,KALINJARRI,Family Outstation,-20.39752,134.36571,,NT,53056,Telstra Customer Kalinjarri TENNANT CREEK,0.08,4,10 LUCK STREET,166.1,Barkly,Fixed Line,No mapped coverage,,,,,,,,,,No record in Mobile Coverage dataset
603,KALKARINDJI,Major,-17.44675,130.83212,450.0,NT,1971,Water Tank Compound 5 Japalyi Street KALKARINDJI,0.1,106,"Rockhole Community, 805 Florina Rd",356.16,Victoria Daly,No mapped coverage,No mapped coverage,KALKARINDJI,COMMUNITY,YES,,,TELSTRA,Macro Cell,0.030574713100564775,Name,Mobile coverage record found
947,KALPITAPTA,Family Outstation,-20.89936,135.35397,,NT,10021256,"Telstra Site, Elkedra Station Davenport",31.2,4,10 LUCK STREET,85.39,Barkly,Fixed Line,No mapped coverage,,,,,,,,,,No record in Mobile Coverage dataset
66,KALTUKATJARA,Major,-24.87611,129.07916,269.0,NT,570974,Pumphouse DOCKER RIVER,0.38,96,2 POSSUM CR,342.32,MacDonnell,No mapped coverage,No mapped coverage,KALTUKATJARA,COMMUNITY,YES,,,TELSTRA,Macro Cell,0.020251560144301815,Name,Mobile coverage record found
941,KALUMBULANI,Family Outstation,-16.8772,131.21949,,NT,10029576,"Pigeon Hole (Bunbidee) Power House, Lot 35 PIGEON HOLE",6.61,106,"Rockhole Community, 805 Florina Rd",281.79,Victoria Daly,No mapped coverage,No mapped coverage,,,,,,,,,,No record in Mobile Coverage dataset
236,KALUMPURLPA,Family Outstation,-19.00387,133.91809,,NT,53055,Telstra Site KALUMPURLPA,0.08,4,10 LUCK STREET,325.04,Barkly,Fixed Line,No mapped coverage,,,,,,,,,,No record in Mobile Coverage dataset
237,KANGAROO ISLAND,Family Outstation,-15.88848,136.53951,10.0,NT,2245,Telstra Customer Tran 28 km NE of BORROLOOLA,3.28,19,191 ROBINSON RD,32.05,Roper Gulf,No mapped coverage,No mapped coverage,,,,,,,,,,No record in Mobile Coverage dataset
980,KAPALGA,Family Outstation,-12.69876,132.37113,10.0,NT,1467,Telstra Radio Terminal BUK BUK,6.8,10,"Bagot Community Laundry, 133 Bagot Road",167.58,West Arnhem,Fixed Line,No mapped coverage,,,,,,,,,,No record in Mobile Coverage dataset
67,KAPORILYA,Family Outstation,-23.93974,132.72029,9.0,NT,138883,Hermannsburg High Level Water Tank WNW of Hermannsburg HERMANNSBURG,5.45,96,2 POSSUM CR,116.36,MacDonnell,No mapped coverage,No mapped coverage,KAPORILYA,COMMUNITY,,,YES,TELSTRA,Proximity to Cell,0.041285053208052695,Name,Mobile coverage record found
238,KARGARU,Town Camp,-19.65861,134.19806,75.0,NT,53052,Karguru Community Centre TENNANT CREEK,0.18,4,10 LUCK STREET,246.64,Barkly,Fixed Line,Fixed Line,,,,,,,,,,No record in Mobile Coverage dataset
69,KARNTE,Town Camp,-23.76437,133.86474,,NT,2466,T&W HF Transmitter Site Lot 5148 Stuart Highway ALICE SPRINGS,0.61,27,"Town Camp name: Drive In, 42 RUBUNTJA CRESCENT",0.64,Alice Springs,Fixed Line,No mapped coverage,,,,,,,,,,No record in Mobile Coverage dataset
116,KARRINYARRA,Family Outstation,-22.66329,131.87876,,NT,55742,Police Site CENTRAL MOUNT WEDGE,22.19,96,2 POSSUM CR,60.12,Central Desert,No mapped coverage,No mapped coverage,,,,,,,,,,No record in Mobile Coverage dataset
14071,KATHERINE,Town,-14.46676,132.26677,,NT,9019741,CAM9 Cnr Lindsay st and First st KATHERINE,0.11,106,"Rockhole Community, 805 Florina Rd",10.54,Katherine,Fixed Line,Fixed Line,,,,,,,,,,No record in Mobile Coverage dataset
870,KATJUTARI,Family Outstation,-23.74085,132.00474,4.0,NT,2469,Telstra Radio Terminal KALPITARRA,3.18,96,2 POSSUM CR,60.57,MacDonnell,No mapped coverage,No mapped coverage,,,,,,,,,,No record in Mobile Coverage dataset
883,KELERRK,Family Outstation,-13.95783,130.32647,,NT,1389,Telstra Radio Terminal HERMIT,7.91,71,"Merrepan Community, Lot 7 Merrepen",48.59,West Daly,No mapped coverage,No mapped coverage,,,,,,,,,,No record in Mobile Coverage dataset
1017,KEWULYI,Family Outstation,-14.92699,134.00927,16.0,NT,2152,Telstra Radio Terminal Roper Highway 3.1 km WSW Packsaddle Creek PACKSADDLE,11.32,16,2 CAMERON ROAD,104.6,Roper Gulf,No mapped coverage,No mapped coverage,,,,,,,,,,No record in Mobile Coverage dataset
722,KIANA,Family Outstation,-17.24236,136.18411,15.0,NT,2398,Telstra Customer New Kiana Station 20 km NE of MCARTHUR RIVER,0.56,19,191 ROBINSON RD,130.98,Roper Gulf,No mapped coverage,No mapped coverage,,,,,,,,,,No record in Mobile Coverage dataset
72,KINTORE,Major,-23.27591,129.38725,493.0,NT,151611,Broadcast Site KINTORE,0.15,96,2 POSSUM CR,257.8,MacDonnell,No mapped coverage,No mapped coverage,KINTORE,COMMUNITY,YES,,,TELSTRA,Macro Cell,0.027427238491289238,Name,Mobile coverage record found
344,KNUCKEY LAGOON INDIGENOUS VILLAGE,Town Camp,-12.43654,130.93749,,NT,441156,AQIS Site Berrimah Farm Strath Rd BERRIMAH,0.91,10,"Bagot Community Laundry, 133 Bagot Road",9.3,Litchfield,"Fixed Line, Fixed Wireless",No mapped coverage,,,,,,,,,,No record in Mobile Coverage dataset
345,KOLORBIDAHDAH,Family Outstation,-12.61309,134.32539,14.0,NT,38887,Telstra Customer Korlobirrahda MANINGRIDA,0.09,101,"Council Building, House 2, 21 (Lot 123) Warrk Rd",72.62,West Arnhem,Fixed Line,No mapped coverage,,,,,,,,,,No record in Mobile Coverage dataset
912,KUBUYIRR,Family Outstation,-14.12168,129.78499,,NT,480573,Telstra Site Outstation YEDDER,14.45,71,"Merrepan Community, Lot 7 Merrepen",22.63,West Daly,No mapped coverage,No mapped coverage,,,,,,,,,,No record in Mobile Coverage dataset
936,KUDANTIGA,Family Outstation,-14.42918,129.42918,9.0,NT,400501,Telstra Customer Ninnal At Ngunthak via PORT KEATS,8.0,71,"Merrepan Community, Lot 7 Merrepen",62.42,West Daly,No mapped coverage,No mapped coverage,,,,,,,,,,No record in Mobile Coverage dataset
347,KULALUK,Town Camp,-12.39279,130.8489,39.0,NT,9016406,Nightcliff Shopping Centre Dick Ward Drive COCONUT GROVE,0.32,10,"Bagot Community Laundry, 133 Bagot Road",2.59,Darwin,"Fixed Line, Fixed Wireless",Fixed Line,,,,,,,,,,No record in Mobile Coverage dataset
747,KULANG,Family Outstation,-24.71557,129.00638,,NT,570250,20 Km East of Docker River At KULAIL,2.03,96,2 POSSUM CR,339.52,MacDonnell,No mapped coverage,No mapped coverage,,,,,,,,,,No record in Mobile Coverage dataset
14240,KULGERA,Village,-25.84084,133.30048,,NT,10006326,Optus Rooftop Site Kulgera Kulgera Roadhouse South Stuart Hwy KULGERA,0.16,31,15 LAPADUM STREET,131.08,MacDonnell,No mapped coverage,No mapped coverage,KULGERA,HIGHWAY,,YES,,OPTUS/TELSTRA,Small Cell,0.051225486285257506,Name,Mobile coverage record found
76,KULPITHARRA,Family Outstation,-23.73974,132.00279,2.0,NT,2469,Telstra Radio Terminal KALPITARRA,2.99,96,2 POSSUM CR,60.41,MacDonnell,No mapped coverage,No mapped coverage,,,,,,,,,,No record in Mobile Coverage dataset
351,KULTCHILL,Family Outstation,-14.42586,129.57391,,NT,400495,Telstra Customer Dartinga FOSSIL HEAD,13.49,71,"Merrepan Community, Lot 7 Merrepen",48.09,West Daly,No mapped coverage,No mapped coverage,,,,,,,,,,No record in Mobile Coverage dataset
1000,KUMUNU,Family Outstation,-18.76418,133.63946,,NT,2366,Telstra Site 118 km NW of Tennant Creek MUCKATY STATION,28.64,4,10 LUCK STREET,361.79,Barkly,Fixed Line,No mapped coverage,,,,,,,,,,No record in Mobile Coverage dataset
967,KUMURRULU,Family Outstation,-12.27171,134.07048,15.0,NT,1568,Marrkolidban MANINGRIDA,9.5,101,"Council Building, House 2, 21 (Lot 123) Warrk Rd",93.32,West Arnhem,Fixed Line,No mapped coverage,,,,,,,,,,No record in Mobile Coverage dataset
77,KUNAPULA,Family Outstation,-25.15697,129.23411,,NT,2761,Telstra Radio Terminal George 17 km E of DOCKER RIVER,30.65,96,2 POSSUM CR,347.59,MacDonnell,No mapped coverage,No mapped coverage,,,,,,,,,,No record in Mobile Coverage dataset
239,KUNAYUNGKU,Family Outstation,-19.74209,133.72464,,NT,10044861,"White Devil, Warrego Rd Tennant Creek",34.21,4,10 LUCK STREET,264.06,Barkly,Fixed Line,No mapped coverage,,,,,,,,,,No record in Mobile Coverage dataset
391,KUNGARREWARL,Family Outstation,-12.34346,133.05617,4.0,NT,10036518,Suez Concentrator Site - Gunbalanya Off Oenpelli Rd Gunbalanya,1.54,101,"Council Building, House 2, 21 (Lot 123) Warrk Rd",203.28,West Arnhem,Fixed Line,No mapped coverage,KUNGARREWARL,COMMUNITY,,,YES,TELSTRA,Proximity to Cell,0.05438103025742686,Name,Mobile coverage record found
78,KUNGKAYUNTI,Family Outstation,-23.62647,131.24371,,NT,2838,Telstra Radio Terminal IRRANDI,38.24,96,2 POSSUM CR,82.62,MacDonnell,No mapped coverage,No mapped coverage,,,,,,,,,,No record in Mobile Coverage dataset
1029,KUNOTH,Town Camp,-23.69054,133.88026,,NT,2527,Lot 1605 Schwarz Crescent ALICE SPRINGS,0.21,107,"Town Camp name: Whitegate, (Unit 1) Lot 5126, Undoolya Road,",3.72,Alice Springs,Fixed Line,Fixed Line,,,,,,,,,,No record in Mobile Coverage dataset
14262,KURINELLI,Family Outstation,-20.6114,135.04,,NT,10018057,"Telstra Site, 6 Blackman Court, Epenarra Community Wutunugurra",27.47,4,10 LUCK STREET,117.92,Barkly,Fixed Line,No mapped coverage,,,,,,,,,,No record in Mobile Coverage dataset
110,KURIPPI,Family Outstation,-22.14211,132.05316,,NT,10021797,"Telstra Radio Site Wangala North, 23km NE of Yuendumu Anmatjere",7.02,96,2 POSSUM CR,118.91,Central Desert,No mapped coverage,No mapped coverage,,,,,,,,,,No record in Mobile Coverage dataset
81,KURKUTJARA,Family Outstation,-25.94178,129.41115,,NT,9900414,Mobile Spectrum Licensing Site YALARA,97.18,96,2 POSSUM CR,395.63,MacDonnell,No mapped coverage,No mapped coverage,,,,,,,,,,No record in Mobile Coverage dataset
905,KURNTAPURRA,Family Outstation,-19.39177,135.39788,24.0,NT,2346,Telstra Radio Terminal ROCKHAMPTON DOWNS,34.44,4,10 LUCK STREET,252.61,Barkly,Fixed Line,No mapped coverage,,,,,,,,,,No record in Mobile Coverage dataset
822,KURRAYA,Family Outstation,-19.76559,134.47545,1.0,NT,53057,Kurraya TENNANT CREEK,0.02,4,10 LUCK STREET,224.38,Barkly,Fixed Line,No mapped coverage,,,,,,,,,,No record in Mobile Coverage dataset
753,KURRURLDUL,Family Outstation,-12.48806,134.24012,,NT,10040686,"9 m pole, Manmoyi Community WEST ARNHEM",15.27,101,"Council Building, House 2, 21 (Lot 123) Warrk Rd",76.72,West Arnhem,Fixed Line,No mapped coverage,,,,,,,,,,No record in Mobile Coverage dataset
776,KUWUMA,Family Outstation,-13.59805,130.36991,1.0,NT,1408,Telstra Radio Terminal ELIZABETH DOWNS,12.5,71,"Merrepan Community, Lot 7 Merrepen",81.85,West Daly,No mapped coverage,No mapped coverage,,,,,,,,,,No record in Mobile Coverage dataset
718,KUY,Family Outstation,-14.03546,129.59784,29.0,NT,441274,Telstra Customer KUY,0.07,71,"Merrepan Community, Lot 7 Merrepen",44.94,West Daly,No mapped coverage,No mapped coverage,KUY,COMMUNITY,,,YES,TELSTRA,Proximity to Cell,0.05398338841191109,Name,Mobile coverage record found
83,KWALA,Family Outstation,-23.92724,132.88974,4.0,NT,151570,Cmty Radio Site Adj Council Bldg  82 Raberaba Cct HERMANNSBURG,11.59,27,"Town Camp name: Drive In, 42 RUBUNTJA CRESCENT",100.98,MacDonnell,No mapped coverage,No mapped coverage,,,,,,,,,,No record in Mobile Coverage dataset
925,KWALE KWALE,Family Outstation,-23.76972,133.57451,21.0,NT,570843,Western McDonald Ranges ALICE SPRINGS,6.52,27,"Town Camp name: Drive In, 42 RUBUNTJA CRESCENT",29.63,MacDonnell,No mapped coverage,No mapped coverage,KWALE KWALE,COMMUNITY,,,YES,OPTUS/TELSTRA,Proximity to Cell,0.05878563524095258,Name,Mobile coverage record found
777,KWOMBOM,Family Outstation,-13.95523,130.29075,,NT,1389,Telstra Radio Terminal HERMIT,10.97,71,"Merrepan Community, Lot 7 Merrepen",45.76,West Daly,No mapped coverage,No mapped coverage,,,,,,,,,,No record in Mobile Coverage dataset
608,KYBROOK FARM,Minor,-13.86316,131.82196,,NT,10010108,Pine Creek Kybrook Tank off Umbrawarra Rd Pine Creek,0.17,106,"Rockhole Community, 805 Florina Rd",82.89,Victoria Daly,No mapped coverage,No mapped coverage,KYBROOK FARM,COMMUNITY,,,YES,TELSTRA,Proximity to Cell,0.018307771058221872,Name,Mobile coverage record found
85,LABRAPUNTJA,Family Outstation,-23.91184,132.93926,9.0,NT,570585,Chalet Ridge WEST MACDONNELL NATIONAL PARK,16.34,27,"Town Camp name: Drive In, 42 RUBUNTJA CRESCENT",95.72,MacDonnell,No mapped coverage,No mapped coverage,,,,,,,,,,No record in Mobile Coverage dataset
609,LAJAMANU,Major,-18.33584,130.63834,767.0,NT,9021667,Lajamanu Water Compound Lot 241 Wampana Road LAJAMANU,0.25,106,"Rockhole Community, 805 Florina Rd",455.27,Central Desert,No mapped coverage,No mapped coverage,LAJAMANU,COMMUNITY,YES,,,TELSTRA,Macro Cell,0.040054870139012225,Name,Mobile coverage record found
833,LAKE KATHERINE,Family Outstation,-14.27374,135.06805,,NT,2179,Telstra Radio Terminal 6 km ENE MT CHRISP,30.18,5,"Angurugu Main Council Office, Lot 490 Angurugu Community",153.66,Roper Gulf,No mapped coverage,No mapped coverage,,,,,,,,,,No record in Mobile Coverage dataset
519,LANGARRA,Family Outstation,-12.09918,135.36168,23.0,NT,10040117,"9 m seesaw monopole, Langarra Station EAST ARNHEM",0.21,101,"Council Building, House 2, 21 (Lot 123) Warrk Rd",53.65,East Arnhem,Fixed Line,No mapped coverage,,,,,,,,,,No record in Mobile Coverage dataset
86,LARAMBA,Major,-22.53297,132.75603,222.0,NT,10025188,"Telstra Site, 12 Ayerrer Street Laramba",0.17,96,2 POSSUM CR,114.38,Central Desert,No mapped coverage,No mapped coverage,,,,,,,,,,No record in Mobile Coverage dataset
87,LARAPINTA VALLEY,Town Camp,-23.71104,133.8514,,NT,9026759,Telstra Site 26 Diarama Cl ARALUEN,0.75,27,"Town Camp name: Drive In, 42 RUBUNTJA CRESCENT",5.48,Alice Springs,Fixed Line,No mapped coverage,,,,,,,,,,No record in Mobile Coverage dataset
14359,LARRIMAH,Village,-15.5757,133.2163,,NT,10016547,Optus Rooftop Site 8 Mahony St LARRIMAH,0.22,16,2 CAMERON ROAD,114.05,Roper Gulf,No mapped coverage,No mapped coverage,LARRIMAH,HIGHWAY,,YES,,OPTUS,Small Cell,0.23478142247441477,Name,Mobile coverage record found
696,LARRPAYANJI,Family Outstation,-14.78334,134.68017,,NT,441079,Ngukurr Community Airport NGUKURR,7.01,16,2 CAMERON ROAD,170.16,Roper Gulf,No mapped coverage,No mapped coverage,,,,,,,,,,No record in Mobile Coverage dataset
1008,LEICHARDT,Family Outstation,-13.84806,130.27907,,NT,1389,Telstra Radio Terminal HERMIT,20.91,71,"Merrepan Community, Lot 7 Merrepen",53.46,West Daly,No mapped coverage,No mapped coverage,,,,,,,,,,No record in Mobile Coverage dataset
820,LIJA MUKUMPARLA,Family Outstation,-17.33208,135.08074,,NT,10019893,CB Repeater SW Site Mallapunyah Springs off Tablelands Hwy via WALLHALLOW,41.39,19,191 ROBINSON RD,191.67,Barkly,Fixed Line,No mapped coverage,,,,,,,,,,No record in Mobile Coverage dataset
721,LIKKAPARTA,Minor,-19.34336,134.53799,1.0,NT,570288,Telstra Customer LIKIPARTA,0.06,4,10 LUCK STREET,267.11,Barkly,Fixed Line,No mapped coverage,,,,,,,,,,No record in Mobile Coverage dataset
610,LIKU,Family Outstation,-17.91141,130.50429,,NT,10006754,Riveren  Homestead 9563 Buntine Highway Buchanan,29.38,71,"Merrepan Community, Lot 7 Merrepen",414.23,Victoria Daly,No mapped coverage,No mapped coverage,,,,,,,,,,No record in Mobile Coverage dataset
88,LILLA,Family Outstation,-24.3005,131.6026,9.0,NT,2775,Ranger Station KINGS CANYON,5.72,96,2 POSSUM CR,125.94,MacDonnell,No mapped coverage,No mapped coverage,,,,,,,,,,No record in Mobile Coverage dataset
93,LILTJERA,Family Outstation,-23.9364,132.63779,6.0,NT,2816,Telstra Site 13.4 km SW of HERMANNSBURG,6.98,96,2 POSSUM CR,110.27,MacDonnell,No mapped coverage,No mapped coverage,,,,,,,,,,No record in Mobile Coverage dataset
24996,LILY HOLE,Family Outstation,-17.24737,133.74957,6.0,NT,570312,Telstra Customer BEETALOO STATION,6.5,19,191 ROBINSON RD,302.23,Barkly,Fixed Line,No mapped coverage,,,,,,,,,,No record in Mobile Coverage dataset
613,LINGARA,Family Outstation,-16.48694,130.64333,46.0,NT,10026449,Optus Rooftop Site Clinic Building Lingara Community VICTORIA RIVER,0.03,71,"Merrepan Community, Lot 7 Merrepen",262.07,Victoria Daly,No mapped coverage,No mapped coverage,,,,,,,,,,No record in Mobile Coverage dataset
91,LITTLE WELL,Family Outstation,-24.13547,135.33314,6.0,NT,2810,Telstra Radio Terminal Brigadier 15.5 km SSW of LIMBLA HOMESTEAD,14.93,113,"Keringke Arts Aboriginal Corporation, 17 KERINGKE CR",97.17,MacDonnell,No mapped coverage,No mapped coverage,,,,,,,,,,No record in Mobile Coverage dataset
856,LIZARD BORE,Family Outstation,-23.30034,131.13465,,NT,2865,Telstra Radio Terminal WARREN,6.56,96,2 POSSUM CR,79.87,MacDonnell,No mapped coverage,No mapped coverage,LIZARD BORE,COMMUNITY,,,YES,TELSTRA,Proximity to Cell,0.05202858631042024,Name,Mobile coverage record found
92,LTIRA,Family Outstation,-24.05709,132.90182,16.0,NT,2806,Conserv Comm Admin PALM VALLEY,14.2,27,"Town Camp name: Drive In, 42 RUBUNTJA CRESCENT",103.42,MacDonnell,No mapped coverage,No mapped coverage,,,,,,,,,,No record in Mobile Coverage dataset
614,LUL-TJU,Family Outstation,-18.37671,130.59313,,NT,1949,Lajamanu School Lajamanu 310km East HALLS CREEK,6.3,106,"Rockhole Community, 805 Florina Rd",461.25,Central Desert,No mapped coverage,No mapped coverage,LUL-TJU,COMMUNITY,,,YES,TELSTRA,Proximity to Cell,0.03504326093548798,Name,Mobile coverage record found
871,LUNTHARRA,Family Outstation,-23.73543,132.04497,1.0,NT,2460,Telstra Radio Terminal  UNDANDITA,5.03,96,2 POSSUM CR,60.77,MacDonnell,No mapped coverage,No mapped coverage,,,,,,,,,,No record in Mobile Coverage dataset
94,LYILYALANAMA,Family Outstation,-23.94724,132.74474,3.0,NT,151571,Broadcast Site HERMANNSBURG,3.06,27,"Town Camp name: Drive In, 42 RUBUNTJA CRESCENT",115.88,MacDonnell,No mapped coverage,No mapped coverage,LYILYALANAMA,COMMUNITY,,,YES,TELSTRA,Proximity to Cell,0.03755414292532913,Name,Mobile coverage record found
28,MALA,Family Outstation,-21.69494,130.85331,,NT,2998,Telstra Site CHILLA,22.17,96,2 POSSUM CR,199.76,Central Desert,No mapped coverage,No mapped coverage,,,,,,,,,,No record in Mobile Coverage dataset
376,MALGAWA,Family Outstation,-12.83887,133.91826,12.0,NT,1487,Telstra Customer Gamargawan MANINGRIDA,26.73,101,"Council Building, House 2, 21 (Lot 123) Warrk Rd",123.34,West Arnhem,Fixed Line,No mapped coverage,,,,,,,,,,No record in Mobile Coverage dataset
522,MALKALA,Family Outstation,-13.8914,136.44224,97.0,NT,10045421,MS-GE DGPS Site off Rowell Hwy Groote Eylandt,3.64,5,"Angurugu Main Council Office, Lot 490 Angurugu Community",10.26,Groote Archipelago,No mapped coverage,No mapped coverage,MALKALA,COMMUNITY,,,YES,TELSTRA,Proximity to Cell,0.051472640653030165,Name,Mobile coverage record found
851,MALLARRAMI,Family Outstation,-11.77541,136.53563,9.0,NT,38197,Telstra Customer WIGRAM ISLAND,0.1,41,"EARC Office, Lot 16 Gunyangara Rd",52.19,East Arnhem,Fixed Line,No mapped coverage,,,,,,,,,,No record in Mobile Coverage dataset
523,MALNJANGARNAK,Family Outstation,-12.66057,134.77335,9.0,NT,1524,Telstra Radio Terminal Sommerfeld 18.5 km SE of RAMINGINING,30.01,101,"Council Building, House 2, 21 (Lot 123) Warrk Rd",40.52,West Arnhem,Fixed Line,No mapped coverage,,,,,,,,,,No record in Mobile Coverage dataset
355,MAMADAWERRE,Family Outstation,-12.25629,133.65782,75.0,NT,10040722,"9 m pole, Mamadawerre Community WEST ARNHEM",0.04,101,"Council Building, House 2, 21 (Lot 123) Warrk Rd",138.18,West Arnhem,Fixed Line,No mapped coverage,,,,,,,,,,No record in Mobile Coverage dataset
694,MAMADI,Family Outstation,-17.84951,129.63515,,NT,10006758,Inverway Homestead 14566 Buntine Highway Buchanan,0.1,71,"Merrepan Community, Lot 7 Merrepen",404.92,Victoria Daly,No mapped coverage,No mapped coverage,,,,,,,,,,No record in Mobile Coverage dataset
687,MANABURDURMA,Town Camp,-12.66638,132.84319,,NT,10038090,"Serco Office, 39 Lakeside Drive JABIRU",0.59,16,2 CAMERON ROAD,212.02,West Arnhem,Fixed Line,Fixed Line,,,,,,,,,,No record in Mobile Coverage dataset
816,MANANGOORA,Family Outstation,-16.0515,136.86085,2.0,NT,38902,Telstra Radio Terminal MANANGOORA,5.91,19,191 ROBINSON RD,59.23,Roper Gulf,No mapped coverage,No mapped coverage,,,,,,,,,,No record in Mobile Coverage dataset
897,MANDEDJKADJANG,Family Outstation,-12.26454,134.03056,9.0,NT,1568,Marrkolidban MANINGRIDA,9.52,101,"Council Building, House 2, 21 (Lot 123) Warrk Rd",97.7,West Arnhem,Fixed Line,No mapped coverage,MANDEDJKADJANG,COMMUNITY,,,YES,TELSTRA,Proximity to Cell,0.07001437260675981,Name,Mobile coverage record found
359,MANDILBARRENG,Family Outstation,-12.27402,133.58456,8.0,NT,10040722,"9 m pole, Mamadawerre Community WEST ARNHEM",8.21,101,"Council Building, House 2, 21 (Lot 123) Warrk Rd",146.02,West Arnhem,Fixed Line,No mapped coverage,,,,,,,,,,No record in Mobile Coverage dataset
361,MANGARDUBU,Family Outstation,-12.0937,133.1864,,NT,10010351,King River Camp 42km North east of OENPELLI,13.38,101,"Council Building, House 2, 21 (Lot 123) Warrk Rd",191.01,West Arnhem,Fixed Line,No mapped coverage,,,,,,,,,,No record in Mobile Coverage dataset
362,MANINGRIDA,Major,-12.05085,134.22363,2956.0,NT,9011549,Maningrida School MANINGRIDA,0.03,101,"Council Building, House 2, 21 (Lot 123) Warrk Rd",82.5,West Arnhem,Fixed Line,No mapped coverage,MANINGRIDA,COMMUNITY,YES,,,TELSTRA,Macro Cell,0.04355563907809906,Name,Mobile coverage record found
360,MANKORLOD,Family Outstation,-12.56501,134.27067,26.0,NT,38887,Telstra Customer Korlobirrahda MANINGRIDA,8.05,101,"Council Building, House 2, 21 (Lot 123) Warrk Rd",76.0,West Arnhem,Fixed Line,No mapped coverage,,,,,,,,,,No record in Mobile Coverage dataset
363,MANMOYI,Minor,-12.54064,134.11001,81.0,NT,10040686,"9 m pole, Manmoyi Community WEST ARNHEM",0.1,101,"Council Building, House 2, 21 (Lot 123) Warrk Rd",91.84,West Arnhem,Fixed Line,No mapped coverage,,,,,,,,,,No record in Mobile Coverage dataset
97,MANTAPAYIKA,Family Outstation,-25.47458,130.22561,,NT,9900414,Mobile Spectrum Licensing Site YALARA,33.76,96,2 POSSUM CR,304.75,MacDonnell,No mapped coverage,No mapped coverage,,,,,,,,,,No record in Mobile Coverage dataset
595,MANYALLALUK,Minor,-14.26649,132.82797,121.0,NT,140213,Eva Valley (Manyalluk) Water Compound  VIA KATHERINE,0.97,16,2 CAMERON ROAD,44.6,Roper Gulf,No mapped coverage,No mapped coverage,MANYALLALUK,COMMUNITY,YES,,,TELSTRA,Macro Cell,0.054581421672119636,Name,Mobile coverage record found
902,MAPERTE,Family Outstation,-22.54159,136.38103,,NT,2912,Telstra Radio Terminal Unca 15.5 km ESE of Jervois Mine JERVOIS,16.64,110,"Irrultja School, 28 Irrultja Int Road",144.66,Central Desert,No mapped coverage,No mapped coverage,,,,,,,,,,No record in Mobile Coverage dataset
524,MAPURU,Minor,-12.25318,135.43779,81.0,NT,10043499,"9 m Ingal seesaw monopole, Mapuru Community EAST ARNHEM",0.07,34,"Gapuwiyak Community, (Main Council Office), 9 Bambinamirri St",48.66,East Arnhem,Fixed Line,No mapped coverage,,,,,,,,,,No record in Mobile Coverage dataset
222,MARA,Town Camp,-16.05085,136.30474,202.0,NT,10032635,Batchelor Institute Training Centre Mara St BORROLOOLA,0.09,19,191 ROBINSON RD,2.18,Roper Gulf,No mapped coverage,No mapped coverage,,,,,,,,,,No record in Mobile Coverage dataset
618,MARIA LAGOON,Family Outstation,-15.29989,135.44463,,NT,9019265,Cox River Repeater Site 60 km SE of MT ROPER,17.0,19,191 ROBINSON RD,125.94,Roper Gulf,No mapped coverage,No mapped coverage,,,,,,,,,,No record in Mobile Coverage dataset
828,MARIAH,Family Outstation,-11.22968,132.38022,,NT,44433,Pearling Site RAFFLES BAY,0.64,10,"Bagot Community Laundry, 133 Bagot Road",212.02,West Arnhem,Fixed Line,No mapped coverage,,,,,,,,,,No record in Mobile Coverage dataset
994,MARINIRI,Family Outstation,-16.67001,136.9014,,NT,2416,Telstra Radio Terminal 18 km NW Robinson River Hmstd HOBBLESTRAP,4.34,19,191 ROBINSON RD,92.03,Roper Gulf,No mapped coverage,No mapped coverage,,,,,,,,,,No record in Mobile Coverage dataset
223,MARLA MARLA,Town Camp,-19.655,134.179,,NT,10008725,Water Operations Office Standley St TENNANT CREEK,0.18,4,10 LUCK STREET,247.86,Barkly,Fixed Line,Fixed Line,,,,,,,,,,No record in Mobile Coverage dataset
252,MARLINJA,Minor,-17.37111,133.40305,68.0,NT,9021509,Telstra Site 28 Drovers Drive NEWCASTLE WATERS,0.65,16,2 CAMERON ROAD,314.68,Barkly,Fixed Line,No mapped coverage,MARLINJA,COMMUNITY,,,YES,TELSTRA,Proximity to Cell,0.013332821870564367,Name,Mobile coverage record found
325,MARLWON,Family Outstation,-12.13453,133.86307,,NT,1569,Telstra Radio Terminal 11 km WNW of Table Hill MAXWELL,8.6,101,"Council Building, House 2, 21 (Lot 123) Warrk Rd",117.67,West Arnhem,Fixed Line,No mapped coverage,,,,,,,,,,No record in Mobile Coverage dataset
619,MARRALUM,Family Outstation,-15.39109,129.25026,18.0,NT,9011709,Parks & Wildlife Site 3  KEEP RIVER,9.01,71,"Merrepan Community, Lot 7 Merrepen",151.15,Victoria Daly,No mapped coverage,No mapped coverage,,,,,,,,,,No record in Mobile Coverage dataset
894,MARRAMARRANI,Family Outstation,-11.30261,132.55341,,NT,480845,Telstra Site Sandy Bay CROKER ISLAND,11.0,10,"Bagot Community Laundry, 133 Bagot Road",222.45,West Arnhem,Fixed Line,No mapped coverage,,,,,,,,,,No record in Mobile Coverage dataset
527,MARRAYA,Family Outstation,-13.83939,135.80099,,NT,55581,Telstra Site BLUE MUD BAY,13.99,5,"Angurugu Main Council Office, Lot 490 Angurugu Community",72.97,Roper Gulf,No mapped coverage,No mapped coverage,,,,,,,,,,No record in Mobile Coverage dataset
899,MARRKALAWA,Family Outstation,-13.57423,135.7131,10.0,NT,9001236,Camp Site Blue Mud Bay  180km SSW NHULUNBUY,0.56,25,5 Donydji,80.4,Roper Gulf,No mapped coverage,No mapped coverage,,,,,,,,,,No record in Mobile Coverage dataset
368,MARRKOLIDJBAN,Family Outstation,-12.23751,134.06446,21.0,NT,1568,Marrkolidban MANINGRIDA,5.69,101,"Council Building, House 2, 21 (Lot 123) Warrk Rd",94.31,West Arnhem,Fixed Line,No mapped coverage,,,,,,,,,,No record in Mobile Coverage dataset
528,MARTJANBA,Family Outstation,-11.17006,136.70702,,NT,49829,Met Bureau Site CAPE WESSEL,17.88,36,"OLD SCHOOL HOUSE, GAWA ROAD",109.21,East Arnhem,Fixed Line,No mapped coverage,,,,,,,,,,No record in Mobile Coverage dataset
529,MATAMATA,Family Outstation,-12.07676,136.27125,7.0,NT,137180,Mata Mata Homeland Centre  MATA MATA,0.09,105,8 Raymangirr,41.33,East Arnhem,Fixed Line,No mapped coverage,,,,,,,,,,No record in Mobile Coverage dataset
23547,MATARANKA,Village,-14.92435,133.06795,384.0,NT,2150,Police Station MATARANKA,0.12,16,2 CAMERON ROAD,41.44,Roper Gulf,No mapped coverage,No mapped coverage,MATARANKA,VILLAGE,YES,YES,,OPTUS/TELSTRA,"Macro Cell, Small Cell",0.03928731353739111,Name,Mobile coverage record found
620,MATARANKA TOWN CAMP,Town Camp,-14.92618,133.06738,,NT,2150,Police Station MATARANKA,0.26,16,2 CAMERON ROAD,41.65,Roper Gulf,No mapped coverage,No mapped coverage,,,,,,,,,,No record in Mobile Coverage dataset
530,MAWULYUMANJA,Family Outstation,-13.84278,136.72335,9.0,NT,10036078,"10m monopole, on Makmuntja Road 5.5 km NW of Maolimudja Creek estuary Anindilyakwa (Groote Eylandt)",6.08,123,"Umbakumba Main Council Office, 12 (Lot 229) Mamarika Rd",9.79,Groote Archipelago,No mapped coverage,No mapped coverage,,,,,,,,,,No record in Mobile Coverage dataset
101,MBALKANAKA,Family Outstation,-23.95349,132.87547,2.0,NT,151570,Cmty Radio Site Adj Council Bldg  82 Raberaba Cct HERMANNSBURG,10.08,27,"Town Camp name: Drive In, 42 RUBUNTJA CRESCENT",102.97,MacDonnell,No mapped coverage,No mapped coverage,,,,,,,,,,No record in Mobile Coverage dataset
102,MBUNGHARA,Family Outstation,-23.29071,132.35891,42.0,NT,2591,Bushfires Council Mount Zeil 150km W of ALICE SPRINGS,12.83,96,2 POSSUM CR,46.96,MacDonnell,No mapped coverage,No mapped coverage,,,,,,,,,,No record in Mobile Coverage dataset
847,MCDONALDS YARD,Family Outstation,-17.78239,130.59211,,NT,306220,Telstra Customer Burtawurta Station BURTAWURTA,29.98,106,"Rockhole Community, 805 Florina Rd",400.71,Victoria Daly,No mapped coverage,No mapped coverage,,,,,,,,,,No record in Mobile Coverage dataset
951,MENNGEN,Family Outstation,-15.35696,131.27307,43.0,NT,10042688,"9 m seesaw monopole, Menngen Aboriginal Land Trust BRADSHAW",0.07,106,"Rockhole Community, 805 Florina Rd",135.2,Victoria Daly,No mapped coverage,No mapped coverage,,,,,,,,,,No record in Mobile Coverage dataset
872,MERRAL NTARRAKALA,Family Outstation,-23.91418,132.82865,7.0,NT,2828,Telstra Exchange  HERMANNSBURG,6.12,27,"Town Camp name: Drive In, 42 RUBUNTJA CRESCENT",106.85,MacDonnell,No mapped coverage,No mapped coverage,MERRAL NTARRAKALA,COMMUNITY,,,YES,TELSTRA,Proximity to Cell,0.04082094894294649,Name,Mobile coverage record found
717,MERREPEN,Family Outstation,-14.22128,129.96735,26.0,NT,370247,Telstra Radio Terminal MOYLE,8.17,71,"Merrepan Community, Lot 7 Merrepen",0.08,West Daly,No mapped coverage,No mapped coverage,,,,,,,,,,No record in Mobile Coverage dataset
372,MEWIRNBI,Family Outstation,-12.12529,134.76806,40.0,NT,9020936,Bore Field Elevated Tank 700 m South of Milingimbi Aerodrome MILINGIMBI,13.81,101,"Council Building, House 2, 21 (Lot 123) Warrk Rd",28.49,West Arnhem,Fixed Line,No mapped coverage,,,,,,,,,,No record in Mobile Coverage dataset
621,MIALI BRUMBY,Town Camp,-14.45583,132.2589,,NT,10007277,Community Patrol Building Kalano Miali Brumby Emungalan,0.17,106,"Rockhole Community, 805 Florina Rd",10.62,Katherine,Fixed Line,Fixed Line,,,,,,,,,,No record in Mobile Coverage dataset
373,MIKGINJ VALLEY,Family Outstation,-12.47966,133.07465,12.0,NT,10028088,CB Repeater Site 10.5 km SE of GUNBALANYA,10.69,101,"Council Building, House 2, 21 (Lot 123) Warrk Rd",201.91,West Arnhem,Fixed Line,No mapped coverage,,,,,,,,,,No record in Mobile Coverage dataset
987,MILIBUNTHURRA,Family Outstation,-15.96231,136.42333,4.0,NT,10044387,"50 m Lattice Tower, 60 m West of Batten Road and Boat Ramp intersection MCARTHUR",6.66,19,191 ROBINSON RD,17.3,Roper Gulf,No mapped coverage,No mapped coverage,,,,,,,,,,No record in Mobile Coverage dataset
374,MILIKAPITI,Major,-11.42167,130.67418,486.0,NT,41040,Nominal Planning Site Milikapiti MELVILLE ISLAND,0.33,10,"Bagot Community Laundry, 133 Bagot Road",112.23,Tiwi Islands,No mapped coverage,No mapped coverage,MILIKAPITI,COMMUNITY,YES,,,TELSTRA,Macro Cell,0.04160975676414617,Name,Mobile coverage record found
531,MILINGIMBI,Major,-12.1036,134.9201,1288.0,NT,41041,Broadcast Site Gadapu Road MILINGIMBI,0.11,101,"Council Building, House 2, 21 (Lot 123) Warrk Rd",25.04,East Arnhem,Fixed Line,No mapped coverage,MILINGIMBI,COMMUNITY,YES,,,TELSTRA,Macro Cell,0.045787580730962334,Name,Mobile coverage record found
830,MILMILNGKAN,Family Outstation,-12.52316,134.24731,27.0,NT,38887,Telstra Customer Korlobirrahda MANINGRIDA,13.17,101,"Council Building, House 2, 21 (Lot 123) Warrk Rd",76.96,West Arnhem,Fixed Line,No mapped coverage,,,,,,,,,,No record in Mobile Coverage dataset
532,MILYAKBURRA,Major,-13.78389,136.19583,124.0,NT,152964,Broadcast Site BICKERTON ISLAND,0.13,5,"Angurugu Main Council Office, Lot 490 Angurugu Community",36.11,Groote Archipelago,No mapped coverage,No mapped coverage,,,,,,,,,,No record in Mobile Coverage dataset
724,MIMINA,Family Outstation,-16.80211,136.83428,,NT,570508,Telstra Customer MIMINYA OUTSTATION,0.01,19,191 ROBINSON RD,98.92,Roper Gulf,No mapped coverage,No mapped coverage,,,,,,,,,,No record in Mobile Coverage dataset
375,MINJILANG,Major,-11.1507,132.5786,311.0,NT,1620,Broadcast Site Council Office Yington Street MINJILANG,0.07,10,"Bagot Community Laundry, 133 Bagot Road",234.5,West Arnhem,Fixed Line,No mapped coverage,MINJILANG,COMMUNITY,YES,,,TELSTRA,Macro Cell,0.05492810480437812,Name,Mobile coverage record found
825,MINMARAMA PARK,Town Camp,-12.41118,130.84918,535.0,NT,1358,13 Maranungu Street DARWIN,0.55,10,"Bagot Community Laundry, 133 Bagot Road",0.75,Darwin,"Fixed Line, Fixed Wireless",Fixed Line,,,,,,,,,,No record in Mobile Coverage dataset
624,MINYERRI,Major,-15.2216,134.0821,763.0,NT,152934,Broadcast Site Office Building  Miniyerri Rd HODGSON DOWNS,0.11,16,2 CAMERON ROAD,127.58,Roper Gulf,No mapped coverage,No mapped coverage,MINYERRI,COMMUNITY,YES,,,TELSTRA,Macro Cell,0.04575385594103337,Name,Mobile coverage record found
745,MIRRIDI,Family Outstation,-19.01873,130.77884,,NT,570555,Telstra Customer MIRRIRRIDI OUTSTATION,0.2,96,2 POSSUM CR,479.84,Central Desert,No mapped coverage,No mapped coverage,,,,,,,,,,No record in Mobile Coverage dataset
535,MIRRNATJA,Family Outstation,-12.65779,135.19307,7.0,NT,1485,Telstra Customer MIRRNGADJA,0.49,25,5 Donydji,39.69,East Arnhem,Fixed Line,No mapped coverage,,,,,,,,,,No record in Mobile Coverage dataset
626,MISTAKE CREEK,Family Outstation,-17.10927,129.04319,,NT,1995,Outstation MISTAKE CREEK,0.31,71,"Merrepan Community, Lot 7 Merrepen",335.96,Victoria Daly,No mapped coverage,No mapped coverage,,,,,,,,,,No record in Mobile Coverage dataset
536,MIWUL,Family Outstation,-14.03209,135.91266,,NT,55581,Telstra Site BLUE MUD BAY,13.14,5,"Angurugu Main Council Office, Lot 490 Angurugu Community",59.42,Roper Gulf,No mapped coverage,No mapped coverage,,,,,,,,,,No record in Mobile Coverage dataset
827,MOBARN,Family Outstation,-13.57939,134.35499,,NT,10026675,"Weemol Water Tank, Lot 1 Weemol Road WEEMOL",8.83,25,5 Donydji,142.94,Roper Gulf,No mapped coverage,No mapped coverage,,,,,,,,,,No record in Mobile Coverage dataset
627,MOLE HILL,Family Outstation,-14.87499,133.83303,2.0,NT,2152,Telstra Radio Terminal Roper Highway 3.1 km WSW Packsaddle Creek PACKSADDLE,8.87,16,2 CAMERON ROAD,84.94,Roper Gulf,No mapped coverage,No mapped coverage,,,,,,,,,,No record in Mobile Coverage dataset
628,MOMOB,Family Outstation,-13.35693,134.26915,,NT,2195,Bodeidei Camp WEEMOL,24.4,101,"Council Building, House 2, 21 (Lot 123) Warrk Rd",134.78,Roper Gulf,No mapped coverage,No mapped coverage,,,,,,,,,,No record in Mobile Coverage dataset
15203,MOOLOOLOO,Family Outstation,-16.33559,131.51505,,NT,404447,CB Repeater Site Moolooloo District SOLDIERS CAP,5.93,106,"Rockhole Community, 805 Florina Rd",214.31,Victoria Daly,No mapped coverage,No mapped coverage,,,,,,,,,,No record in Mobile Coverage dataset
990,MOOLOOWA,Family Outstation,-15.62411,137.00053,5.0,NT,441346,Marine Repeater Site VANDERLIN ISLAND,9.81,19,191 ROBINSON RD,89.26,Roper Gulf,No mapped coverage,No mapped coverage,,,,,,,,,,No record in Mobile Coverage dataset
501,MOORONGA,Family Outstation,-11.92119,135.0749,13.0,NT,9024120,Repeater Site MOOROONGGA ISLAND,0.05,101,"Council Building, House 2, 21 (Lot 123) Warrk Rd",48.06,East Arnhem,Fixed Line,No mapped coverage,,,,,,,,,,No record in Mobile Coverage dataset
105,MORRIS GAP,Family Outstation,-24.1307,131.4532,,NT,2785,HF Site KINGS CANYON,13.71,96,2 POSSUM CR,113.1,MacDonnell,No mapped coverage,No mapped coverage,,,,,,,,,,No record in Mobile Coverage dataset
106,MOTNAS,Family Outstation,-23.94974,132.76946,3.0,NT,151571,Broadcast Site HERMANNSBURG,0.72,27,"Town Camp name: Drive In, 42 RUBUNTJA CRESCENT",113.46,MacDonnell,No mapped coverage,No mapped coverage,MOTNAS,COMMUNITY,,,YES,TELSTRA,Proximity to Cell,0.05496361596552354,Name,Mobile coverage record found
109,MOUNT BARKLY,Family Outstation,-21.61391,132.44114,,NT,2986,Telstra Radio Terminal DENISON,16.86,96,2 POSSUM CR,184.99,Central Desert,No mapped coverage,No mapped coverage,,,,,,,,,,No record in Mobile Coverage dataset
629,MOUNT CATT,Family Outstation,-13.80018,134.43241,12.0,NT,10010209,Telstra Site Sewerage Ponds Access 1km SE of Bulman,17.34,25,5 Donydji,151.09,Roper Gulf,No mapped coverage,No mapped coverage,,,,,,,,,,No record in Mobile Coverage dataset
957,MOUNT JEAN,Family Outstation,-13.53259,134.17191,,NT,2195,Bodeidei Camp WEEMOL,9.03,101,"Council Building, House 2, 21 (Lot 123) Warrk Rd",156.92,Roper Gulf,No mapped coverage,No mapped coverage,,,,,,,,,,No record in Mobile Coverage dataset
112,MOUNT LIEBIG,Major,-23.26605,131.27319,282.0,NT,153133,Broadcast Site MT LIEBIG,0.11,96,2 POSSUM CR,65.36,MacDonnell,No mapped coverage,No mapped coverage,MOUNT LIEBIG,COMMUNITY,YES,,,TELSTRA,Macro Cell,0.020189632325845436,Name,Mobile coverage record found
113,MOUNT NANCY,Town Camp,-23.66751,133.87001,,NT,10025905,Cnr Stuart Highway & Power Street Alice Springs,0.32,107,"Town Camp name: Whitegate, (Unit 1) Lot 5126, Undoolya Road,",5.52,Alice Springs,Fixed Line,No mapped coverage,,,,,,,,,,No record in Mobile Coverage dataset
790,MOUNT PEACHY,Family Outstation,-24.39416,133.87181,4.0,NT,2771,Comm Site 85 km S of Alice Springs HUGH RIVER,17.18,113,"Keringke Arts Aboriginal Corporation, 17 KERINGKE CR",58.81,MacDonnell,No mapped coverage,No mapped coverage,,,,,,,,,,No record in Mobile Coverage dataset
875,MOUNT TWELLAR,Family Outstation,-23.54198,133.62279,17.0,NT,2582,Microwave Site JINDALEE,5.23,107,"Town Camp name: Whitegate, (Unit 1) Lot 5126, Undoolya Road,",34.32,MacDonnell,No mapped coverage,No mapped coverage,MOUNT TWELLAR,COMMUNITY,,,YES,TELSTRA,Proximity to Cell,0.021522614466617688,Name,Mobile coverage record found
108,MPWETYERRE,Town Camp,-23.71679,133.87412,,NT,137913,Alice Springs Fire Station L7728 Telegraph Terrace Alice Springs,0.42,27,"Town Camp name: Drive In, 42 RUBUNTJA CRESCENT",4.74,Alice Springs,Fixed Line,Fixed Line,,,,,,,,,,No record in Mobile Coverage dataset
855,MT EAGLEBEAK,Family Outstation,-22.9564,135.19891,24.0,NT,2902,Telstra Radio Terminal 20 km W of Huckitta Homestead ENTIRE,9.84,110,"Irrultja School, 28 Irrultja Int Road",108.92,Central Desert,No mapped coverage,No mapped coverage,,,,,,,,,,No record in Mobile Coverage dataset
702,MT MAIYO,Family Outstation,-17.69491,129.39755,,NT,1964,Telstra Customer Outstation MT MAIYO,1.22,71,"Merrepan Community, Lot 7 Merrepen",390.95,Victoria Daly,No mapped coverage,No mapped coverage,,,,,,,,,,No record in Mobile Coverage dataset
964,MU-GURTA,Family Outstation,-12.25897,134.50814,12.0,NT,1536,Telstra Radio Terminal 6 km W of Blyth River HERTZ,16.0,101,"Council Building, House 2, 21 (Lot 123) Warrk Rd",46.21,West Arnhem,Fixed Line,No mapped coverage,,,,,,,,,,No record in Mobile Coverage dataset
1001,MUCKATY,Family Outstation,-18.63932,133.8959,,NT,2366,Telstra Site 118 km NW of Tennant Creek MUCKATY STATION,3.1,4,10 LUCK STREET,363.17,Barkly,Fixed Line,No mapped coverage,,,,,,,,,,No record in Mobile Coverage dataset
380,MUDGINBERRI,Family Outstation,-12.59772,132.87334,40.0,NT,1495,Telstra Customer approx 9.5 km NNE of Jabiru MUDGINBERRI,0.16,16,2 CAMERON ROAD,219.17,West Arnhem,Fixed Line,No mapped coverage,MUDGINBERRI,COMMUNITY,,,YES,OPTUS/TELSTRA,Proximity to Cell,0.04827721621376525,Name,Mobile coverage record found
808,MUDHAMUL,Family Outstation,-12.16089,136.17208,,NT,137180,Mata Mata Homeland Centre  MATA MATA,14.18,105,8 Raymangirr,27.11,East Arnhem,Fixed Line,No mapped coverage,,,,,,,,,,No record in Mobile Coverage dataset
118,MULGA BORE,Family Outstation,-22.45139,134.20944,46.0,NT,139635,Broadcast Site  MULGA BORE,0.06,109,"Apungalindum Homeland School, 11780 Sandover Hwy (Pungalindum Road)",65.14,Central Desert,No mapped coverage,No mapped coverage,,,,,,,,,,No record in Mobile Coverage dataset
971,MULGGAN,Town Camp,-14.92004,133.0739,,NT,9021006,Mataranka Tank Lot 2646 Matins Rd MATARANKA,0.84,16,2 CAMERON ROAD,40.89,Roper Gulf,No mapped coverage,No mapped coverage,,,,,,,,,,No record in Mobile Coverage dataset
538,MULGURRAM,Family Outstation,-12.40196,134.96085,,NT,1524,Telstra Radio Terminal Sommerfeld 18.5 km SE of RAMINGINING,5.4,101,"Council Building, House 2, 21 (Lot 123) Warrk Rd",8.92,East Arnhem,Fixed Line,No mapped coverage,,,,,,,,,,No record in Mobile Coverage dataset
884,MULINGI,Family Outstation,-13.92666,129.95077,8.0,NT,10040718,"9 m pole, Woodycupaldiya Community NEMARLUK",9.29,71,"Merrepan Community, Lot 7 Merrepen",32.89,West Daly,No mapped coverage,No mapped coverage,,,,,,,,,,No record in Mobile Coverage dataset
382,MUMEKA,Family Outstation,-12.36306,134.13579,,NT,10040686,"9 m pole, Manmoyi Community WEST ARNHEM",20.02,101,"Council Building, House 2, 21 (Lot 123) Warrk Rd",86.08,West Arnhem,Fixed Line,No mapped coverage,,,,,,,,,,No record in Mobile Coverage dataset
630,MUMPUMAMPU,Family Outstation,-14.38418,135.32835,,NT,1366,Numbulwar Rd 14.2 km ENE of MUMBO MUMBO CK,11.2,5,"Angurugu Main Council Office, Lot 490 Angurugu Community",130.04,Roper Gulf,No mapped coverage,No mapped coverage,,,,,,,,,,No record in Mobile Coverage dataset
801,MUMUKALA,Family Outstation,-12.61137,132.66648,10.0,NT,9910520,Mobile Spectrum Licensing Site KAKADU HIGHWAY,2.97,10,"Bagot Community Laundry, 133 Bagot Road",197.89,West Arnhem,Fixed Line,No mapped coverage,MUMUKALA,COMMUNITY,,,YES,TELSTRA,Proximity to Cell,0.06637488691408944,Name,Mobile coverage record found
248,MUNGALAWURRU,Family Outstation,-19.38253,133.59552,15.0,NT,53060,Telstra Site Mungalawurru TENNANT CREEK,0.13,4,10 LUCK STREET,304.62,Barkly,Fixed Line,No mapped coverage,,,,,,,,,,No record in Mobile Coverage dataset
244,MUNGKARTA,Minor,-20.33702,134.19843,55.0,NT,10032012,FSG Site Mungkarta Off Mungkarta Warumungu,0.15,4,10 LUCK STREET,181.45,Barkly,Fixed Line,No mapped coverage,,,,,,,,,,No record in Mobile Coverage dataset
647,MUNGURRUPA,Family Outstation,-20.58481,129.73313,,NT,9011998,Homestead  TANAMI DOWNS,3.81,96,2 POSSUM CR,367.65,Central Desert,No mapped coverage,No mapped coverage,,,,,,,,,,No record in Mobile Coverage dataset
215,MUNJI-MARLA,Town Camp,-19.64765,134.18279,,NT,53053,Lot 1209 Brown Street TENNANT CREEK,0.19,4,10 LUCK STREET,248.43,Barkly,Fixed Line,Fixed Line,,,,,,,,,,No record in Mobile Coverage dataset
249,MUNYALINI,Family Outstation,-16.09259,136.18938,44.0,NT,2234,Telstra Customer DEVILS SPRINGS,11.59,19,191 ROBINSON RD,12.8,Roper Gulf,No mapped coverage,No mapped coverage,,,,,,,,,,No record in Mobile Coverage dataset
977,MURGENELLA PLAINS,Family Outstation,-11.71041,132.91239,,NT,1608,Parks & Wildlife Site MURGANELLA,18.05,101,"Council Building, House 2, 21 (Lot 123) Warrk Rd",229.68,West Arnhem,Fixed Line,No mapped coverage,,,,,,,,,,No record in Mobile Coverage dataset
858,MURRANJI,Family Outstation,-16.83598,132.8107,4.0,NT,9009460,Murranji Station 66 km NW of NEWCASTLE WATERS,20.95,72,"Kalano Community Assoc - Venndale, 20 Bruce Rd",253.22,Barkly,Fixed Line,No mapped coverage,,,,,,,,,,No record in Mobile Coverage dataset
688,MURTULKI,Family Outstation,-19.91784,134.38936,,NT,2254,Telstra Site Murtalki Community GOSSE RIVER,0.58,4,10 LUCK STREET,212.08,Barkly,Fixed Line,No mapped coverage,,,,,,,,,,No record in Mobile Coverage dataset
689,MURUN MURULA,Family Outstation,-18.49908,137.51754,,NT,48253,Mittiebah Station MITTIEBAH,56.65,19,191 ROBINSON RD,299.09,Barkly,Fixed Line,No mapped coverage,,,,,,,,,,No record in Mobile Coverage dataset
648,MURUNING,Family Outstation,-15.67527,130.48457,50.0,NT,137935,Broadcast Site Victoria Highway 4km South of Wilson Street TIMBER CREEK,1.45,71,"Merrepan Community, Lot 7 Merrepen",170.88,Victoria Daly,No mapped coverage,No mapped coverage,MURUNING,COMMUNITY,,,YES,TELSTRA,Proximity to Cell,0.05496036031045481,Name,Mobile coverage record found
120,MUTITJULU,Major,-25.3523,131.0667,348.0,NT,138336,Mutitjulu Police Station Mutitjulu,0.15,96,2 POSSUM CR,253.76,MacDonnell,No mapped coverage,No mapped coverage,MUTITJULU,COMMUNITY,YES,,YES,OPTUS/TELSTRA,"Macro Cell, Proximity to Cell",0.044961813641224,Name,Mobile coverage record found
764,MUYIN,Family Outstation,-23.15972,129.00489,,NT,2882,Telstra Radio Terminal NORTH KINTORE,35.93,96,2 POSSUM CR,296.91,MacDonnell,No mapped coverage,No mapped coverage,,,,,,,,,,No record in Mobile Coverage dataset
678,MYATT,Family Outstation,-15.70656,130.48335,12.0,NT,10043354,"20 m Ingal monopole, Myatt -Family Outstation off Victoria Highway TIMBER CREEK",0.17,71,"Merrepan Community, Lot 7 Merrepen",174.13,Victoria Daly,No mapped coverage,No mapped coverage,MYATT,COMMUNITY,,,YES,TELSTRA,Proximity to Cell,0.06162278781538831,Name,Mobile coverage record found
395,NABARLEK,Family Outstation,-12.30829,133.29216,,NT,570694,Telstra Site Myra camp AFMECO KAKADU,16.3,101,"Council Building, House 2, 21 (Lot 123) Warrk Rd",177.67,West Arnhem,Fixed Line,No mapped coverage,,,,,,,,,,No record in Mobile Coverage dataset
887,NABBARLA KUNINDABBA,Family Outstation,-12.06125,134.40225,,NT,10037233,"Maningrida Borefield, Lot 889, 3 km SSE of MANINGRIDA",17.57,101,"Council Building, House 2, 21 (Lot 123) Warrk Rd",64.37,West Arnhem,Fixed Line,No mapped coverage,,,,,,,,,,No record in Mobile Coverage dataset
886,NADILMUK,Family Outstation,-11.99384,134.29454,5.0,NT,9019712,Maningrida Airport Terminal Building Maningrida Airport MANINGRIDA,9.58,101,"Council Building, House 2, 21 (Lot 123) Warrk Rd",78.23,West Arnhem,Fixed Line,No mapped coverage,NADILMUK,COMMUNITY,,,YES,TELSTRA,Proximity to Cell,0.05310216960486027,Name,Mobile coverage record found
396,NADIRRI,Family Outstation,-13.95376,129.76657,,NT,10038641,"Barthelemy Hills, 10 km E of Cape Dombey NEMARLUK",7.31,71,"Merrepan Community, Lot 7 Merrepen",36.87,West Daly,No mapped coverage,No mapped coverage,,,,,,,,,,No record in Mobile Coverage dataset
541,NALIYINDI,Family Outstation,-12.54196,135.17863,,NT,1491,Telstra Radio Terminal 4.5 km NW Mirrngadja MARCONI,11.34,101,"Council Building, House 2, 21 (Lot 123) Warrk Rd",36.14,East Arnhem,Fixed Line,No mapped coverage,,,,,,,,,,No record in Mobile Coverage dataset
1026,NAMA,Family Outstation,-14.22945,129.85879,28.0,NT,370247,Telstra Radio Terminal MOYLE,7.59,71,"Merrepan Community, Lot 7 Merrepen",11.76,West Daly,No mapped coverage,No mapped coverage,,,,,,,,,,No record in Mobile Coverage dataset
906,NAMERINNI,Family Outstation,-18.56818,133.71549,,NT,2366,Telstra Site 118 km NW of Tennant Creek MUCKATY STATION,17.5,4,10 LUCK STREET,377.97,Barkly,Fixed Line,No mapped coverage,,,,,,,,,,No record in Mobile Coverage dataset
389,NAMUGARDABU,Family Outstation,-12.15779,134.02473,,NT,1573,Namugardabu 20km SW of MANINGRIDA,2.97,101,"Council Building, House 2, 21 (Lot 123) Warrk Rd",99.92,West Arnhem,Fixed Line,No mapped coverage,,,,,,,,,,No record in Mobile Coverage dataset
392,NANGAK,Family Outstation,-12.21148,134.28387,14.0,NT,1566,Telstra Radio Terminal Helmholtz 21.5 km SSE of MANINGRIDA,2.93,101,"Council Building, House 2, 21 (Lot 123) Warrk Rd",71.13,West Arnhem,Fixed Line,No mapped coverage,,,,,,,,,,No record in Mobile Coverage dataset
393,NANGU,Family Outstation,-14.37314,129.37335,,NT,400501,Telstra Customer Ninnal At Ngunthak via PORT KEATS,3.2,71,"Merrepan Community, Lot 7 Merrepen",66.2,West Daly,No mapped coverage,No mapped coverage,,,,,,,,,,No record in Mobile Coverage dataset
543,NANYINGBURRA,Family Outstation,-11.76057,135.87365,7.0,NT,141694,Gawa Homeland Center  GAWA,3.51,36,"OLD SCHOOL HOUSE, GAWA ROAD",3.47,East Arnhem,Fixed Line,No mapped coverage,,,,,,,,,,No record in Mobile Coverage dataset
974,NAPAGUNPA,Family Outstation,-19.10426,133.61851,,NT,461473,Telstra Customer Ngapagunpa Community via TENNANT CREEK,0.14,4,10 LUCK STREET,329.63,Barkly,Fixed Line,No mapped coverage,,,,,,,,,,No record in Mobile Coverage dataset
873,NATJITNAMA,Family Outstation,-24.02113,132.98113,,NT,133913,Broadcast Site  WALLACE ROCK HOLE,15.63,27,"Town Camp name: Drive In, 42 RUBUNTJA CRESCENT",94.52,MacDonnell,No mapped coverage,No mapped coverage,,,,,,,,,,No record in Mobile Coverage dataset
397,NAUIYU,Major,-13.75054,130.68893,411.0,NT,41313,Council Site Lot 124 NAUIYU,0.02,71,"Merrepan Community, Lot 7 Merrepen",93.84,Victoria Daly,No mapped coverage,No mapped coverage,NAUIYU,COMMUNITY,YES,,,TELSTRA,Macro Cell,0.05170549065106328,Name,Mobile coverage record found
341,NDJUDDA,Family Outstation,-11.98809,134.24773,,NT,1586,Police Station MANINGRIDA,7.1,101,"Council Building, House 2, 21 (Lot 123) Warrk Rd",83.03,West Arnhem,Fixed Line,No mapped coverage,,,,,,,,,,No record in Mobile Coverage dataset
716,NEMARLUK,Family Outstation,-14.24122,130.00325,24.0,NT,9007160,BGP_8 Gas Pipeline Site 16 km NE of PALUMPA,7.71,71,"Merrepan Community, Lot 7 Merrepen",4.4,West Daly,No mapped coverage,No mapped coverage,,,,,,,,,,No record in Mobile Coverage dataset
121,NEW BORE,Family Outstation,-23.22172,131.32769,9.0,NT,570540,Telstra Site MT LIEBIG,6.3,96,2 POSSUM CR,59.47,MacDonnell,No mapped coverage,No mapped coverage,,,,,,,,,,No record in Mobile Coverage dataset
47,NEW ILPARPA,Town Camp,-23.76576,133.87068,,NT,2467,Broadcast Site Stuart Hwy  7km SSW of ALICE SPRINGS,0.25,86,26 (Goanna) New Ilparpa,0.04,Alice Springs,Fixed Line,No mapped coverage,,,,,,,,,,No record in Mobile Coverage dataset
21684,NEWCASTLE WATERS,Village,-17.3718,133.4103,,NT,10007508,Water Tank Lot 4232 Drovers Drive NEWCASTLE WATERS,0.1,16,2 CAMERON ROAD,314.83,Barkly,Fixed Line,No mapped coverage,NEWCASTLE WATERS,HIGHWAY,,YES,,TELSTRA,Small Cell,0.24309189071074014,Name,Mobile coverage record found
545,NGADUMIYERRKA,Family Outstation,-13.82001,136.4564,27.0,NT,10033703,"Little Paradise Tower, Ngadumiyerrika Groote Eylandt",0.65,5,"Angurugu Main Council Office, Lot 490 Angurugu Community",18.01,Groote Archipelago,No mapped coverage,No mapped coverage,NGADUMIYERRKA,COMMUNITY,,,YES,TELSTRA,Proximity to Cell,0.04320474608067596,Name,Mobile coverage record found
246,NGALPA NGALPA,Town Camp,-19.63529,134.19363,,NT,441202,Assembly of God Church Paterson Street TENNANT CREEK,0.58,4,10 LUCK STREET,249.18,Barkly,Fixed Line,Fixed Line,,,,,,,,,,No record in Mobile Coverage dataset
542,NGANGALALA,Minor,-12.29835,134.99224,44.0,NT,140187,Ramingining Power Station  RAMINGINING,1.76,101,"Council Building, House 2, 21 (Lot 123) Warrk Rd",7.8,East Arnhem,Fixed Line,No mapped coverage,NGANGALALA,COMMUNITY,,,YES,TELSTRA,Proximity to Cell,0.04684557324458034,Name,Mobile coverage record found
16207,NGANGURR,Family Outstation,-25.22205,129.9158,,NT,9900414,Mobile Spectrum Licensing Site YALARA,9.09,96,2 POSSUM CR,302.08,MacDonnell,No mapped coverage,No mapped coverage,,,,,,,,,,No record in Mobile Coverage dataset
765,NGANKIRITJA,Family Outstation,-23.46459,131.87969,10.0,NT,138340,Police Station 206 km W of Alice Springs HAASTS BLUFF,2.06,96,2 POSSUM CR,29.22,MacDonnell,No mapped coverage,No mapped coverage,,,,,,,,,,No record in Mobile Coverage dataset
404,NGANMARRIYANGA,Major,-14.35111,129.87889,427.0,NT,9020614,Telstra RBS Palumpa Community NGANMARRIYANGA,0.34,71,"Merrepan Community, Lot 7 Merrepen",17.25,West Daly,No mapped coverage,No mapped coverage,NGANMARRIYANGA,COMMUNITY,YES,,,TELSTRA,Macro Cell,0.01703014541012302,Name,Mobile coverage record found
731,NGAPPAMILARNU,Family Outstation,-19.86188,133.27846,,NT,53060,Telstra Site Mungalawurru TENNANT CREEK,62.71,112,"Urapuntja Community (Clinic School), Sandover Highway",278.53,Barkly,Fixed Line,No mapped coverage,,,,,,,,,,No record in Mobile Coverage dataset
430,NGARDINITCHI,Family Outstation,-14.19288,129.48431,,NT,10011367,Manthathpe Tank Compound 7 Manthathpe Drive WADEYE,4.87,71,"Merrepan Community, Lot 7 Merrepen",52.2,West Daly,No mapped coverage,No mapped coverage,,,,,,,,,,No record in Mobile Coverage dataset
796,YAMINYI,Family Outstation,-12.79026,134.35699,,NT,1473,Korlobirrahda MANINGRIDA,12.38,101,"Council Building, House 2, 21 (Lot 123) Warrk Rd",80.42,West Arnhem,Fixed Line,No mapped coverage,,,,,,,,,,No record in Mobile Coverage dataset
23746,NGARILIKIRLANGU,Family Outstation,-22.1251,131.7727,,NT,2967,Telstra Site NGARLYIKIRLANGU,0.46,96,2 POSSUM CR,120.7,Central Desert,No mapped coverage,No mapped coverage,,,,,,,,,,No record in Mobile Coverage dataset
913,NGARINTHI,Family Outstation,-14.46204,129.42257,,NT,400501,Telstra Customer Ninnal At Ngunthak via PORT KEATS,9.57,71,"Merrepan Community, Lot 7 Merrepen",64.5,West Daly,No mapped coverage,No mapped coverage,,,,,,,,,,No record in Mobile Coverage dataset
969,NGARLU NGARLU,Family Outstation,-11.86629,133.40906,,NT,41042,Broadcast Site Lot 45 Warruwi Comm. WARRUWI,23.99,101,"Council Building, House 2, 21 (Lot 123) Warrk Rd",172.91,West Arnhem,Fixed Line,No mapped coverage,,,,,,,,,,No record in Mobile Coverage dataset
869,NGARNKA,Family Outstation,-20.17566,129.90876,,NT,3054,Telstra Radio Terminal FRANKENIA RISE,3.84,96,2 POSSUM CR,395.02,Central Desert,No mapped coverage,No mapped coverage,,,,,,,,,,No record in Mobile Coverage dataset
544,NGAYAWILLI,Family Outstation,-11.9943,135.5745,8.0,NT,10011088,Solar Yard GALWINKU,2.54,36,"OLD SCHOOL HOUSE, GAWA ROAD",44.48,East Arnhem,Fixed Line,No mapped coverage,NGAYAWILLI,COMMUNITY,,,YES,TELSTRA,Proximity to Cell,0.06379958229449072,Name,Mobile coverage record found
546,NGILIPITJI,Family Outstation,-13.54468,135.52562,,NT,9001236,Camp Site Blue Mud Bay  180km SSW NHULUNBUY,20.58,25,5 Donydji,72.94,East Arnhem,Fixed Line,No mapped coverage,,,,,,,,,,No record in Mobile Coverage dataset
802,NGIPIN,Family Outstation,-11.60003,133.45832,,NT,10042448,"Cyan GNSS Raft, 1.2 km N of Andjarrging Point SOUTH GOULBURN ISLAND",2.22,101,"Council Building, House 2, 21 (Lot 123) Warrk Rd",179.18,West Arnhem,Fixed Line,No mapped coverage,,,,,,,,,,No record in Mobile Coverage dataset
126,NGKWARLERLANEM,Family Outstation,-21.72741,134.79113,,NT,153249,Broadcast Site Anterrengeny via Sandover Highway UTOPIA,9.38,112,"Urapuntja Community (Clinic School), Sandover Highway",19.63,Barkly,Fixed Line,No mapped coverage,,,,,,,,,,No record in Mobile Coverage dataset
633,NGUKURR,Major,-14.7317,134.7321,1277.0,NT,133906,Broadcast Site  NGUKURR,0.17,16,2 CAMERON ROAD,174.97,Roper Gulf,No mapped coverage,No mapped coverage,NGUKURR,COMMUNITY,YES,,,TELSTRA,Macro Cell,0.03504909453720141,Name,Mobile coverage record found
125,NGUMAN,Family Outstation,-23.54158,129.75638,,NT,2880,Telstra Radio Terminal WILLIE,36.7,96,2 POSSUM CR,222.94,MacDonnell,No mapped coverage,No mapped coverage,,,,,,,,,,No record in Mobile Coverage dataset
24900,NGUNGA,Family Outstation,-23.26484,131.2545,5.0,NT,153133,Broadcast Site MT LIEBIG,1.8,96,2 POSSUM CR,67.25,MacDonnell,No mapped coverage,No mapped coverage,,,,,,,,,,No record in Mobile Coverage dataset
915,NGUNTHAK,Family Outstation,-14.40445,129.36183,,NT,400501,Telstra Customer Ninnal At Ngunthak via PORT KEATS,0.54,71,"Merrepan Community, Lot 7 Merrepen",68.35,West Daly,No mapped coverage,No mapped coverage,,,,,,,,,,No record in Mobile Coverage dataset
907,NGURRARA,Family Outstation,-19.42135,135.40553,10.0,NT,10005742,NGP4 S of Barkly Hwy  (104km E of) TENNANT CREEK,33.53,4,10 LUCK STREET,249.39,Barkly,Fixed Line,No mapped coverage,,,,,,,,,,No record in Mobile Coverage dataset
16217,NGURRUTIJI,Family Outstation,-20.1167,134.5167,,NT,570548,Telstra Customer NGURRAYMINI,14.11,4,10 LUCK STREET,186.49,Barkly,Fixed Line,No mapped coverage,,,,,,,,,,No record in Mobile Coverage dataset
763,NGUTJUL,Family Outstation,-23.29677,129.46752,,NT,140586,Kintore - Bore RN13485 KINTORE,7.76,96,2 POSSUM CR,249.67,MacDonnell,No mapped coverage,No mapped coverage,,,,,,,,,,No record in Mobile Coverage dataset
839,NGUYARRAMINI,Family Outstation,-20.08713,134.38577,25.0,NT,570548,Telstra Customer NGURRAYMINI,0.08,4,10 LUCK STREET,195.2,Barkly,Fixed Line,No mapped coverage,,,,,,,,,,No record in Mobile Coverage dataset
16222,NHULUNBUY,Town,-12.187,136.7763,3362.0,NT,9003666,1424 Arnhem Road NHULUNBUY,0.1,41,"EARC Office, Lot 16 Gunyangara Rd",7.94,Un-Incorporated (Nhulunbuy),Fixed Line,Fixed Line,,,,,,,,,,No record in Mobile Coverage dataset
547,NIKAWU,Family Outstation,-12.08962,135.54545,,NT,48716,Mission ELCHO ISLAND,7.0,36,"OLD SCHOOL HOUSE, GAWA ROAD",53.67,East Arnhem,Fixed Line,No mapped coverage,,,,,,,,,,No record in Mobile Coverage dataset
639,NITJPURRU,Minor,-16.81412,131.22037,142.0,NT,44191,Pigeon Hole Outstation VICTORIA RIVER DOWNS,0.07,106,"Rockhole Community, 805 Florina Rd",275.24,Victoria Daly,No mapped coverage,No mapped coverage,,,,,,,,,,No record in Mobile Coverage dataset
814,NORTH ISLAND,Family Outstation,-15.56294,136.84527,,NT,441346,Marine Repeater Site VANDERLIN ISLAND,19.37,19,191 ROBINSON RD,80.63,Roper Gulf,No mapped coverage,No mapped coverage,,,,,,,,,,No record in Mobile Coverage dataset
770,NTAKARRA,Family Outstation,-23.89501,132.68001,4.0,NT,603240,Power & Water Authority Power Station HERMANNSBURG,5.81,96,2 POSSUM CR,109.95,MacDonnell,No mapped coverage,No mapped coverage,NTAKARRA,COMMUNITY,,,YES,TELSTRA,Proximity to Cell,0.0015066522521485018,Name,Mobile coverage record found
127,NTURIYA,Major,-22.12379,133.26529,77.0,NT,53899,Broadcast Site Ti Tree Station NTURIYA,0.05,109,"Apungalindum Homeland School, 11780 Sandover Hwy (Pungalindum Road)",146.91,Central Desert,No mapped coverage,No mapped coverage,NTURIYA,COMMUNITY,,,YES,TELSTRA,Proximity to Cell,0.03791599437288033,Name,Mobile coverage record found
251,NUDJABARRA,Family Outstation,-17.97998,137.96944,,NT,9003742,Lagoon Creek Base Site 41 km S of WOLLOGORANG,44.91,19,191 ROBINSON RD,276.28,Barkly,Fixed Line,No mapped coverage,,,,,,,,,,No record in Mobile Coverage dataset
632,NULAWAN,Family Outstation,-14.78729,134.93128,4.0,NT,140951,Ngukurr Power Station Off Roper Highway NGUKURR,22.1,5,"Angurugu Main Council Office, Lot 490 Angurugu Community",187.52,Roper Gulf,No mapped coverage,No mapped coverage,,,,,,,,,,No record in Mobile Coverage dataset
549,NUMBULWAR,Major,-14.2791,135.7406,799.0,NT,1369,Broadcast Site Numbulwar Council Office NUMBULWAR,0.02,5,"Angurugu Main Council Office, Lot 490 Angurugu Community",84.41,Roper Gulf,No mapped coverage,No mapped coverage,NUMBULWAR,COMMUNITY,YES,,,TELSTRA,Macro Cell,0.04451507581542909,Name,Mobile coverage record found
635,NUMMERLOORI,Family Outstation,-14.59159,134.97727,,NT,2179,Telstra Radio Terminal 6 km ENE MT CHRISP,7.18,5,"Angurugu Main Council Office, Lot 490 Angurugu Community",173.65,Roper Gulf,No mapped coverage,No mapped coverage,,,,,,,,,,No record in Mobile Coverage dataset
253,NURADIDGEE,Family Outstation,-20.11437,134.50849,,NT,570548,Telstra Customer NGURRAYMINI,13.21,4,10 LUCK STREET,187.06,Barkly,Fixed Line,No mapped coverage,,,,,,,,,,No record in Mobile Coverage dataset
129,NYEWENTE,Town Camp,-23.68779,133.86285,,NT,2538,Lot 5139 (66) Smith Street ALICE SPRINGS,0.3,107,"Town Camp name: Whitegate, (Unit 1) Lot 5126, Undoolya Road,",5.51,Alice Springs,Fixed Line,No mapped coverage,,,,,,,,,,No record in Mobile Coverage dataset
128,NYIRRIPI,Major,-22.6505,130.5532,295.0,NT,153138,Broadcast Site Aboriginal Community NYIRRIPI,0.08,96,2 POSSUM CR,151.86,Central Desert,No mapped coverage,No mapped coverage,,,,,,,,,,No record in Mobile Coverage dataset
789,OAK VALLEY,Family Outstation,-24.38498,133.93218,4.0,NT,2783,Telstra Radio Terminal MT BRUNONIA,18.09,113,"Keringke Arts Aboriginal Corporation, 17 KERINGKE CR",53.03,MacDonnell,No mapped coverage,No mapped coverage,,,,,,,,,,No record in Mobile Coverage dataset
914,OLD MISSION,Family Outstation,-14.12918,129.49807,20.0,NT,10011367,Manthathpe Tank Compound 7 Manthathpe Drive WADEYE,11.49,71,"Merrepan Community, Lot 7 Merrepen",51.66,West Daly,No mapped coverage,No mapped coverage,,,,,,,,,,No record in Mobile Coverage dataset
100,OLD STATION,Family Outstation,-24.01911,132.86345,2.0,NT,2806,Conserv Comm Admin PALM VALLEY,11.13,27,"Town Camp name: Drive In, 42 RUBUNTJA CRESCENT",105.9,MacDonnell,No mapped coverage,No mapped coverage,,,,,,,,,,No record in Mobile Coverage dataset
878,OONDALOO,Family Outstation,-24.88715,129.06454,,NT,570974,Pumphouse DOCKER RIVER,1.54,96,2 POSSUM CR,344.23,MacDonnell,No mapped coverage,No mapped coverage,,,,,,,,,,No record in Mobile Coverage dataset
26,ORRTIPA-THURRA,Minor,-22.78458,136.16829,62.0,NT,10040315,"Telstra Street Cell, Orrtip-Thurra Community ANATYE",0.35,110,"Irrultja School, 28 Irrultja Int Road",140.63,Central Desert,No mapped coverage,No mapped coverage,,,,,,,,,,No record in Mobile Coverage dataset
975,PAKULKI,Family Outstation,-19.50438,134.41846,6.0,NT,10005740,NGP2 E of Stuart Hwy  (15km ESE of) THREE WAYS,9.46,4,10 LUCK STREET,253.74,Barkly,Fixed Line,No mapped coverage,,,,,,,,,,No record in Mobile Coverage dataset
773,PALM PADDOCK,Family Outstation,-24.08534,132.68126,4.0,NT,2802,Telstra Site Rangers House 5 km from CASTLE HILL,6.45,96,2 POSSUM CR,125.72,MacDonnell,No mapped coverage,No mapped coverage,,,,,,,,,,No record in Mobile Coverage dataset
17470,PALMERSTON,Town,-12.4808,130.9841,,NT,139819,Nominal Planning Site Woolnough Place PALMERSTON,0.01,10,"Bagot Community Laundry, 133 Bagot Road",15.83,Palmerston,"Fixed Line, Fixed Wireless",Fixed Line,,,,,,,,,,No record in Mobile Coverage dataset
403,PALMERSTON INDIGENOUS VILLAGE,Town Camp,-12.4881,131.01168,65.0,NT,10022378,"Palmerston Fire Station, 41 Howard Springs Road HOWARD SPRINGS",0.76,10,"Bagot Community Laundry, 133 Bagot Road",18.87,Palmerston,"Fixed Line, Fixed Wireless",Fixed Line,,,,,,,,,,No record in Mobile Coverage dataset
369,PANDAYAL,Family Outstation,-13.07478,130.55589,8.0,NT,10001991,Repeater Site Twin Hill Station 1645 Marindja Rd RAKULA,5.73,124,142 Wagait Tower Road,74.12,Un-Incorporated (Cox-Daly),Fixed Wireless,No mapped coverage,,,,,,,,,,No record in Mobile Coverage dataset
997,PANTHARRPILENHE,Family Outstation,-23.37058,134.78921,4.0,NT,2854,Telstra Radio Terminal 16 km S of Claraville Hmsd CLARA,8.68,113,"Keringke Arts Aboriginal Corporation, 17 KERINGKE CR",94.54,Central Desert,No mapped coverage,No mapped coverage,,,,,,,,,,No record in Mobile Coverage dataset
854,PANTYINTEME,Family Outstation,-24.45011,133.11207,12.0,NT,9910841,Mobile Spectrum Licensing Site STUART HIGHWAY,17.95,86,26 (Goanna) New Ilparpa,108.29,MacDonnell,No mapped coverage,No mapped coverage,,,,,,,,,,No record in Mobile Coverage dataset
405,PAPANGALA,Family Outstation,-14.30762,130.02548,12.0,NT,9007160,BGP_8 Gas Pipeline Site 16 km NE of PALUMPA,0.22,71,"Merrepan Community, Lot 7 Merrepen",11.38,West Daly,No mapped coverage,No mapped coverage,,,,,,,,,,No record in Mobile Coverage dataset
131,PAPUNYA,Major,-23.20306,131.9111,514.0,NT,139879,Papunya Water Compound 2.2 km NNW of PAPUNYA,0.08,96,2 POSSUM CR,0.19,MacDonnell,No mapped coverage,No mapped coverage,PAPUNYA,COMMUNITY,YES,,,TELSTRA,Macro Cell,0.012205003560028899,Name,Mobile coverage record found
281,PARADISE FARM,Family Outstation,-12.9391,132.53271,12.0,NT,1433,Telstra Site 6 km W of Jim Jim PARADISE FARM,1.38,106,"Rockhole Community, 805 Florina Rd",179.73,West Arnhem,Fixed Line,No mapped coverage,PARADISE FARM,COMMUNITY,,,YES,TELSTRA,Proximity to Cell,0.03333691230828574,Name,Mobile coverage record found
638,PARNTA,Family Outstation,-18.68438,130.65104,,NT,1947,Telstra Radio Terminal Winnecke 100 km SW of HOOKER CREEK,33.21,106,"Rockhole Community, 805 Florina Rd",491.08,Central Desert,No mapped coverage,No mapped coverage,,,,,,,,,,No record in Mobile Coverage dataset
40,PARRULYU,Family Outstation,-20.45276,130.90912,,NT,10009427,"S3-3-4 Tanami Pipeline Tanami Rd, 123 km SW of Tanami",53.36,96,2 POSSUM CR,322.79,Central Desert,No mapped coverage,No mapped coverage,,,,,,,,,,No record in Mobile Coverage dataset
407,PARU,Family Outstation,-11.74982,130.64642,3.0,NT,10040881,"Julanimawu Health Clinic, Puti Drive BATHURST ISLAND",1.27,124,142 Wagait Tower Road,77.04,Tiwi Islands,No mapped coverage,No mapped coverage,PARU,COMMUNITY,,,YES,TELSTRA,Proximity to Cell,0.04991220157766253,Name,Mobile coverage record found
409,PATONGA (AIRSTRIP),Family Outstation,-12.94826,132.56901,15.0,NT,1431,Broadcast Site Jim Jim Ranger Station JIM JIM,0.93,106,"Rockhole Community, 805 Florina Rd",179.6,West Arnhem,Fixed Line,No mapped coverage,,,,,,,,,,No record in Mobile Coverage dataset
900,PATONGA (HOMESTEAD),Family Outstation,-12.95803,132.58047,10.0,NT,1429,Telstra Site 3 km SE of Jim Jim PATONGA,0.12,106,"Rockhole Community, 805 Florina Rd",178.83,West Arnhem,Fixed Line,No mapped coverage,,,,,,,,,,No record in Mobile Coverage dataset
926,PAYEPERRENTYE (B),Family Outstation,-23.77074,133.55621,4.0,NT,2455,Telstra Radio Terminal JAY CREEK,5.5,27,"Town Camp name: Drive In, 42 RUBUNTJA CRESCENT",31.49,MacDonnell,No mapped coverage,No mapped coverage,PAYEPERRENTYE (B),COMMUNITY,,,YES,OPTUS/TELSTRA,Proximity to Cell,0.03595143763392971,Name,Mobile coverage record found
1014,PENYEME,Family Outstation,-22.78725,135.67273,,NT,2900,Telstra Radio Terminal 6 km WSW of Jinka Homestead DEAD HORSE,18.5,110,"Irrultja School, 28 Irrultja Int Road",106.62,Central Desert,No mapped coverage,No mapped coverage,,,,,,,,,,No record in Mobile Coverage dataset
410,PEPPIMENARTI,Major,-14.1503,130.0763,223.0,NT,1386,Broadcast Site Lot 32 Peppimenarti Comm PEPPIMENARTI,0.09,71,"Merrepan Community, Lot 7 Merrepen",14.17,West Daly,No mapped coverage,No mapped coverage,PEPPIMENARTI,COMMUNITY,YES,,,TELSTRA,Macro Cell,0.04646589076826147,Name,Mobile coverage record found
406,PERREDERR,Family Outstation,-14.01963,129.82661,61.0,NT,480573,Telstra Site Outstation YEDDER,12.8,71,"Merrepan Community, Lot 7 Merrepen",27.16,West Daly,No mapped coverage,No mapped coverage,,,,,,,,,,No record in Mobile Coverage dataset
859,PERTARRATENGE,Family Outstation,-24.41326,133.31956,24.0,NT,10006811,Optus Rooftop site Stuarts Well Roadhouse 8844 Stuart Highway STUART WELL,16.27,86,26 (Goanna) New Ilparpa,91.22,MacDonnell,No mapped coverage,No mapped coverage,,,,,,,,,,No record in Mobile Coverage dataset
927,PERTE THERRE,Family Outstation,-23.75818,133.64573,17.0,NT,570843,Western McDonald Ranges ALICE SPRINGS,5.02,27,"Town Camp name: Drive In, 42 RUBUNTJA CRESCENT",22.35,MacDonnell,No mapped coverage,No mapped coverage,PERTE THERRE,COMMUNITY,,,YES,OPTUS/TELSTRA,Proximity to Cell,0.033995097257795794,Name,Mobile coverage record found
860,PETYALE,Family Outstation,-21.99972,133.43363,3.0,NT,2977,Telstra Repeater 32 km NNE of Ti Tree BULLOCKY BORE,13.54,109,"Apungalindum Homeland School, 11780 Sandover Hwy (Pungalindum Road)",129.74,Central Desert,No mapped coverage,No mapped coverage,,,,,,,,,,No record in Mobile Coverage dataset
133,PHILLIPSON BORE,Family Outstation,-24.09593,134.43038,6.0,NT,2799,Bore Field Tank Compound Via Phillipsons Road -  5.2 km NE of SANTA TERESA,1.73,113,"Keringke Arts Aboriginal Corporation, 17 KERINGKE CR",6.85,MacDonnell,No mapped coverage,No mapped coverage,PHILLIPSON BORE,COMMUNITY,,,YES,TELSTRA,Proximity to Cell,0.03934974176318314,Name,Mobile coverage record found
604,PICININNY BORE,Family Outstation,-19.82711,129.78279,,NT,3058,Telstra Radio Terminal COOMARIE,11.44,96,2 POSSUM CR,435.09,Central Desert,No mapped coverage,No mapped coverage,,,,,,,,,,No record in Mobile Coverage dataset
744,PICKERTARAMOOR,Minor,-11.76361,130.89011,,NT,10020769,"Telstra Site, Pickataramoor Tiwi Islands",0.66,10,"Bagot Community Laundry, 133 Bagot Road",72.58,Tiwi Islands,No mapped coverage,No mapped coverage,,,,,,,,,,No record in Mobile Coverage dataset
17626,PINE CREEK,Village,-13.8227,131.8344,373.0,NT,10007949,Nominal Planning Site Railway Tce PINE CREEK,0.2,106,"Rockhole Community, 805 Florina Rd",86.29,Victoria Daly,No mapped coverage,No mapped coverage,PINE CREEK,VILLAGE,YES,,,TELSTRA,Macro Cell,0.05457251324473742,Name,Mobile coverage record found
640,PINE CREEK COMPOUND,Town Camp,-13.81601,131.83106,,NT,9910539,Mobile Spectrum Licensing Site KAKADU HIGHWAY,0.29,106,"Rockhole Community, 805 Florina Rd",87.11,Victoria Daly,No mapped coverage,No mapped coverage,,,,,,,,,,No record in Mobile Coverage dataset
134,PINE HILL,Family Outstation,-22.37949,133.05366,,NT,2932,Telstra Customer Pine Hill Station PINE HILL,0.8,96,2 POSSUM CR,148.84,Central Desert,No mapped coverage,No mapped coverage,,,,,,,,,,No record in Mobile Coverage dataset
255,PINGALA,Family Outstation,-19.0932,133.88269,,NT,570550,Telstra Customer PINGALA,0.09,4,10 LUCK STREET,317.64,Barkly,Fixed Line,No mapped coverage,,,,,,,,,,No record in Mobile Coverage dataset
752,PINJA,Family Outstation,-18.80958,130.37095,,NT,570555,Telstra Customer MIRRIRRIDI OUTSTATION,48.65,71,"Merrepan Community, Lot 7 Merrepen",511.93,Central Desert,No mapped coverage,No mapped coverage,,,,,,,,,,No record in Mobile Coverage dataset
136,PINPIRNGA,Family Outstation,-23.16275,129.46322,,NT,2882,Telstra Radio Terminal NORTH KINTORE,11.63,96,2 POSSUM CR,250.06,MacDonnell,No mapped coverage,No mapped coverage,,,,,,,,,,No record in Mobile Coverage dataset
411,PIRLANGIMPI,Major,-11.4059,130.4172,372.0,NT,44303,Police Station Pularumpi MELVILLE ISLAND,0.05,124,142 Wagait Tower Road,120.03,Tiwi Islands,No mapped coverage,No mapped coverage,PIRLANGIMPI,COMMUNITY,YES,,,TELSTRA,Macro Cell,0.02447192606438932,Name,Mobile coverage record found
138,PMARA JUTUNTA,Major,-22.20878,133.43073,169.0,NT,139509,Bracks Media Shed  Pmara Jutunta 9km South of TI TRENT,0.09,109,"Apungalindum Homeland School, 11780 Sandover Hwy (Pungalindum Road)",130.62,Central Desert,No mapped coverage,No mapped coverage,PMARA JUTUNTA,COMMUNITY,YES,,,TELSTRA,Macro Cell,0.03702722941308508,Name,Mobile coverage record found
701,POLICEMANS HOLE,Family Outstation,-15.77853,129.10654,,NT,38915,Telstra Site Police Hole AB Community KUNUNURRA,0.06,71,"Merrepan Community, Lot 7 Merrepen",196.24,Victoria Daly,No mapped coverage,No mapped coverage,,,,,,,,,,No record in Mobile Coverage dataset
139,PULARDI,Family Outstation,-22.56332,132.37978,40.0,NT,10009413,"Camp 1 Tanami Pipeline Tanami Rd, 72 km SE of Yuendumu",8.83,96,2 POSSUM CR,85.95,Central Desert,No mapped coverage,No mapped coverage,,,,,,,,,,No record in Mobile Coverage dataset
730,PUNGALINDUM,Family Outstation,-22.07061,134.68879,33.0,NT,138557,Shire Office Sandover Highway ARLPARRA,8.89,109,"Apungalindum Homeland School, 11780 Sandover Hwy (Pungalindum Road)",0.14,Barkly,Fixed Line,No mapped coverage,,,,,,,,,,No record in Mobile Coverage dataset
840,PUNJARRIJI,Family Outstation,-20.31062,134.50807,,NT,53061,Panjirriji TENNANT CREEK,0.04,4,10 LUCK STREET,167.27,Barkly,Fixed Line,No mapped coverage,,,,,,,,,,No record in Mobile Coverage dataset
140,PUNRITJANTA,Family Outstation,-24.67392,129.29393,,NT,2761,Telstra Radio Terminal George 17 km E of DOCKER RIVER,23.56,96,2 POSSUM CR,312.06,MacDonnell,No mapped coverage,No mapped coverage,,,,,,,,,,No record in Mobile Coverage dataset
732,PURRUKUWURRU,Family Outstation,-19.94562,135.69629,,NT,53861,Telstra Radio Terminal WALKABOUT,11.48,4,10 LUCK STREET,196.59,Barkly,Fixed Line,No mapped coverage,,,,,,,,,,No record in Mobile Coverage dataset
141,PUTA PUTA,Family Outstation,-25.07345,129.64045,,NT,2758,Telstra Radio Terminal 3 km NW of Mt Fagan LOUISA,8.77,96,2 POSSUM CR,310.22,MacDonnell,No mapped coverage,No mapped coverage,,,,,,,,,,No record in Mobile Coverage dataset
1020,PUTJAMIRRA,Family Outstation,-11.22457,130.36849,4.0,NT,38311,Telstra Site Putjmirra 21 km NNE of Pularumpi MELVILLE ISLAND,0.19,124,142 Wagait Tower Road,140.86,Tiwi Islands,No mapped coverage,No mapped coverage,,,,,,,,,,No record in Mobile Coverage dataset
117,PUTULU,Family Outstation,-21.34382,131.36997,,NT,10009423,"S2-5-3 Tanami Pipeline Tanami Rd, 120 km NE of Yuendumu",43.69,96,2 POSSUM CR,214.07,Central Desert,No mapped coverage,No mapped coverage,,,,,,,,,,No record in Mobile Coverage dataset
142,PUYURRU,Family Outstation,-21.33117,130.81753,,NT,10009424,"Camp 3 Tanami Pipeline Tanami Rd, 137 km NE of Yuendumu",8.52,96,2 POSSUM CR,236.54,Central Desert,No mapped coverage,No mapped coverage,,,,,,,,,,No record in Mobile Coverage dataset
940,PWERTE MARNTE MARNTE,Family Outstation,-24.37338,133.71982,20.0,NT,2771,Comm Site 85 km S of Alice Springs HUGH RIVER,8.45,86,26 (Goanna) New Ilparpa,69.31,MacDonnell,No mapped coverage,No mapped coverage,,,,,,,,,,No record in Mobile Coverage dataset
791,PWERTENTYE,Family Outstation,-23.37291,134.79239,,NT,2854,Telstra Radio Terminal 16 km S of Claraville Hmsd CLARA,8.72,113,"Keringke Arts Aboriginal Corporation, 17 KERINGKE CR",94.45,Central Desert,No mapped coverage,No mapped coverage,,,,,,,,,,No record in Mobile Coverage dataset
412,RAILWAY DAM,Town Camp,-12.45404,130.8439,,NT,10042327,TC2 2 Ryko Court DARWIN,0.27,10,"Bagot Community Laundry, 133 Bagot Road",4.45,Darwin,"Fixed Line, Fixed Wireless",Fixed Line,,,,,,,,,,No record in Mobile Coverage dataset
550,RAMINGINING,Major,-12.32779,134.93001,956.0,NT,136593,Ramingining MAF Office  RAMINGINING,0.26,101,"Council Building, House 2, 21 (Lot 123) Warrk Rd",0.29,East Arnhem,Fixed Line,No mapped coverage,RAMINGINING,COMMUNITY,YES,,,TELSTRA,Macro Cell,0.02337622135235527,Name,Mobile coverage record found
874,RARANGANTJUTA,Family Outstation,-23.98488,133.14814,,NT,2826,Telstra Radio Terminal 8527 MISSIONARY PLAIN,3.45,27,"Town Camp name: Drive In, 42 RUBUNTJA CRESCENT",77.15,MacDonnell,No mapped coverage,No mapped coverage,,,,,,,,,,No record in Mobile Coverage dataset
552,RAYMANGIRR,Family Outstation,-12.34031,136.00253,26.0,NT,1556,Telstra Radio Terminal 30 km NE Lake Evella BURRUM,6.13,105,8 Raymangirr,0.08,East Arnhem,Fixed Line,No mapped coverage,,,,,,,,,,No record in Mobile Coverage dataset
799,RED LILY,Family Outstation,-12.86449,132.56967,5.0,NT,38740,Telstra Customer Red Lily Outstation COOINDA,0.04,106,"Rockhole Community, 805 Florina Rd",188.69,West Arnhem,Fixed Line,No mapped coverage,,,,,,,,,,No record in Mobile Coverage dataset
5,RED SANDHILL,Family Outstation,-24.00974,132.85279,3.0,NT,570224,Police Site MT HERMANNSBURG,10.47,27,"Town Camp name: Drive In, 42 RUBUNTJA CRESCENT",106.67,MacDonnell,No mapped coverage,No mapped coverage,,,,,,,,,,No record in Mobile Coverage dataset
414,REDCLIFF,Family Outstation,-14.01484,129.70813,27.0,NT,480573,Telstra Site Outstation YEDDER,0.06,71,"Merrepan Community, Lot 7 Merrepen",36.24,West Daly,No mapped coverage,No mapped coverage,,,,,,,,,,No record in Mobile Coverage dataset
641,RITTARANGU,Minor,-14.71011,134.56526,139.0,NT,2169,Broadcast Site URAPUNGA,0.15,16,2 CAMERON ROAD,156.87,Roper Gulf,No mapped coverage,No mapped coverage,,,,,,,,,,No record in Mobile Coverage dataset
258,ROBINSON RIVER,Major,-16.75974,136.98057,211.0,NT,10000656,Robinson River (Mungoobada) Water Compound Lot 37 Robinson River (Mungoobada),0.22,19,191 ROBINSON RD,105.07,Roper Gulf,No mapped coverage,No mapped coverage,ROBINSON RIVER,COMMUNITY,,YES,,TELSTRA,Small Cell,0.05414699887514733,Name,Mobile coverage record found
642,ROCKHOLE,Minor,-14.51935,132.18633,108.0,NT,10042348,"40 m Amplitel monopole, 220 Murnburlu Road COSSACK",1.63,106,"Rockhole Community, 805 Florina Rd",0.09,Katherine,Fixed Line,No mapped coverage,ROCKHOLE,COMMUNITY,,,YES,OPTUS/TELSTRA,Proximity to Cell,0.0,Name,Mobile coverage record found
144,RODNA,Family Outstation,-23.76213,132.67042,,NT,2427,Police Stn HERMANNSBURG,7.76,96,2 POSSUM CR,99.44,MacDonnell,No mapped coverage,No mapped coverage,,,,,,,,,,No record in Mobile Coverage dataset
469,RORRUWUY,Minor,-12.20292,136.29564,28.0,NT,10041603,"9 m seesaw monopole, Rorruwuy Community WEST ARNHEM",0.05,105,8 Raymangirr,35.26,East Arnhem,Fixed Line,No mapped coverage,,,,,,,,,,No record in Mobile Coverage dataset
480,RURRANGALA,Family Outstation,-12.90425,136.25382,14.0,NT,10032011,FSG Site Wandawuy Off Wandawuy East Arnhem,11.13,34,"Gapuwiyak Community, (Main Council Office), 9 Bambinamirri St",65.98,East Arnhem,Fixed Line,No mapped coverage,,,,,,,,,,No record in Mobile Coverage dataset
861,RUTJINGKA,Family Outstation,-23.91581,132.81527,2.0,NT,2828,Telstra Exchange  HERMANNSBURG,4.88,27,"Town Camp name: Drive In, 42 RUBUNTJA CRESCENT",108.23,MacDonnell,No mapped coverage,No mapped coverage,RUTJINGKA,COMMUNITY,,,YES,TELSTRA,Proximity to Cell,0.03463494183225431,Name,Mobile coverage record found
837,SABINA,Family Outstation,-13.8603,129.93195,,NT,10040718,"9 m pole, Woodycupaldiya Community NEMARLUK",7.51,71,"Merrepan Community, Lot 7 Merrepen",40.4,West Daly,No mapped coverage,No mapped coverage,,,,,,,,,,No record in Mobile Coverage dataset
14153168,SALT BORE,Family Outstation,-23.7712,134.52822,4.0,NT,2836,Telstra Radio Terminal 15 km ENE of Todd River Homestead GERARD,12.02,113,"Keringke Arts Aboriginal Corporation, 17 KERINGKE CR",43.0,MacDonnell,No mapped coverage,No mapped coverage,,,,,,,,,,No record in Mobile Coverage dataset
988,SANDRIDGE,Family Outstation,-16.04184,136.34854,16.0,NT,2240,Powerstation BORROLOOLA,4.39,19,191 ROBINSON RD,5.46,Roper Gulf,No mapped coverage,No mapped coverage,,,,,,,,,,No record in Mobile Coverage dataset
892,SANDY BAY,Family Outstation,-11.20719,132.58027,4.0,NT,480845,Telstra Site Sandy Bay CROKER ISLAND,0.02,10,"Bagot Community Laundry, 133 Bagot Road",230.92,West Arnhem,Fixed Line,No mapped coverage,SANDY BAY,COMMUNITY,,,YES,TELSTRA,Proximity to Cell,0.03624452412193211,Name,Mobile coverage record found
24898,SANDY BORE,Family Outstation,-24.5603,132.4995,6.0,NT,2763,Telstra Radio Terminal Wallara 13 km S of WALLARA RANCH,27.12,96,2 POSSUM CR,162.39,MacDonnell,No mapped coverage,No mapped coverage,,,,,,,,,,No record in Mobile Coverage dataset
145,SANTA TERESA,Major,-24.1307,134.3733,708.0,NT,30415,Nominal LAP site  SANTA TERESA,0.19,113,"Keringke Arts Aboriginal Corporation, 17 KERINGKE CR",0.26,MacDonnell,No mapped coverage,No mapped coverage,SANTA TERESA,COMMUNITY,YES,,,TELSTRA,Macro Cell,0.045161881318496716,Name,Mobile coverage record found
958,SCOTT POINT,Family Outstation,-13.75212,136.84751,,NT,44411,Powerhouse Umbakumba GROOTE EYLANDT,9.03,123,"Umbakumba Main Council Office, 12 (Lot 229) Mamarika Rd",12.26,Groote Archipelago,No mapped coverage,No mapped coverage,,,,,,,,,,No record in Mobile Coverage dataset
24902,SNAKE LAGOON,Family Outstation,-16.20322,136.91303,6.0,NT,2229,Telstra Radio Terminal 7 km E of Snake Lagoon HORSE,6.16,19,191 ROBINSON RD,66.41,Roper Gulf,No mapped coverage,No mapped coverage,,,,,,,,,,No record in Mobile Coverage dataset
948,SNAKE WELL,Family Outstation,-23.15946,133.91529,19.0,NT,2603,CB Repeater Site 90 km N of Alice Springs BUSHY PARK,19.94,107,"Town Camp name: Whitegate, (Unit 1) Lot 5126, Undoolya Road,",59.3,MacDonnell,No mapped coverage,No mapped coverage,,,,,,,,,,No record in Mobile Coverage dataset
262,SOUTH WEST ISLAND,Family Outstation,-15.68902,136.68821,10.0,NT,570507,Telstra Customer MUMATHUMBURU OUTSTATION,20.51,19,191 ROBINSON RD,58.83,Roper Gulf,No mapped coverage,No mapped coverage,,,,,,,,,,No record in Mobile Coverage dataset
953,SPOTTED TIGER,Family Outstation,-23.04308,134.91761,4.0,NT,9001745,Mt Palmer via Harts Range 130 km NE of ALICE SPRINGS,3.99,109,"Apungalindum Homeland School, 11780 Sandover Hwy (Pungalindum Road)",110.67,Central Desert,No mapped coverage,No mapped coverage,,,,,,,,,,No record in Mobile Coverage dataset
419,SPRING PEAK,Family Outstation,-12.96266,132.45424,25.0,NT,570762,Telstra Customer SPRINGPEAK OUTSTATION,0.04,106,"Rockhole Community, 805 Florina Rd",175.57,West Arnhem,Fixed Line,No mapped coverage,,,,,,,,,,No record in Mobile Coverage dataset
18,SUGAR CREEK,Family Outstation,-23.94974,132.57363,,NT,2816,Telstra Site 13.4 km SW of HERMANNSBURG,9.4,96,2 POSSUM CR,107.12,MacDonnell,No mapped coverage,No mapped coverage,,,,,,,,,,No record in Mobile Coverage dataset
1013,TAKAPIMILIYI,Family Outstation,-11.81528,130.80161,2.0,NT,38568,Telstra Site Maclear MELVILLE ISLAND,7.53,10,"Bagot Community Laundry, 133 Bagot Road",66.98,Tiwi Islands,No mapped coverage,No mapped coverage,,,,,,,,,,No record in Mobile Coverage dataset
264,TARA,Minor,-21.50658,133.99669,73.0,NT,10033629,"20 m seesaw pole, behind 3 Kelye Court Tara",0.15,109,"Apungalindum Homeland School, 11780 Sandover Hwy (Pungalindum Road)",95.15,Barkly,Fixed Line,No mapped coverage,,,,,,,,,,No record in Mobile Coverage dataset
424,TARACUMBI,Family Outstation,-11.60806,130.71131,,NT,402398,Base Camp Maxwell Creek MELVILLE ISLAND,15.09,10,"Bagot Community Laundry, 133 Bagot Road",91.12,Tiwi Islands,No mapped coverage,No mapped coverage,,,,,,,,,,No record in Mobile Coverage dataset
767,TARAWARA,Family Outstation,-23.54726,131.41338,,NT,2838,Telstra Radio Terminal IRRANDI,25.3,96,2 POSSUM CR,63.44,MacDonnell,No mapped coverage,No mapped coverage,,,,,,,,,,No record in Mobile Coverage dataset
18869,TENNANT CREEK,Town,-19.6478,134.1902,,NT,2320,Lot 234 Thomson Street TENNANT CREEK,0.06,4,10 LUCK STREET,248.08,Barkly,Fixed Line,Fixed Line,,,,,,,,,,No record in Mobile Coverage dataset
18964,TI TREE,Village,-22.1279,133.4171,103.0,NT,140585,Ti Tree Water compound TI TREE,0.13,109,"Apungalindum Homeland School, 11780 Sandover Hwy (Pungalindum Road)",131.31,Central Desert,No mapped coverage,No mapped coverage,TI TREE,VILLAGE,YES,,,OPTUS/TELSTRA,Macro Cell,0.015157300896129785,Name,Mobile coverage record found
306,TIGERS CAMP,Family Outstation,-11.47407,132.77662,,NT,1607,Telstra Radio Terminal MINIMINI CREEK,11.68,10,"Bagot Community Laundry, 133 Bagot Road",233.83,West Arnhem,Fixed Line,No mapped coverage,,,,,,,,,,No record in Mobile Coverage dataset
18974,TIMBER CREEK,Village,-15.6625,130.4804,326.0,NT,140803,LPON site Lot 76 Victoria Highway TIMBER CREEK,0.28,71,"Merrepan Community, Lot 7 Merrepen",169.39,Victoria Daly,No mapped coverage,No mapped coverage,TIMBER CREEK,VILLAGE,YES,,,TELSTRA,Macro Cell,0.07017970722299777,Name,Mobile coverage record found
891,TIMOR SPRINGS,Family Outstation,-11.09665,132.57399,,NT,1624,Mission CROKER ISLAND,5.62,10,"Bagot Community Laundry, 133 Bagot Road",237.78,West Arnhem,Fixed Line,No mapped coverage,,,,,,,,,,No record in Mobile Coverage dataset
681,TINKARLI,Town Camp,-19.63724,134.20251,,NT,137333,Tennant Creek Showgrounds Perry Drive TENNANT CREEK,0.68,4,10 LUCK STREET,248.59,Barkly,Fixed Line,Fixed Line,,,,,,,,,,No record in Mobile Coverage dataset
62,TINKI,Family Outstation,-23.27331,129.55768,,NT,140586,Kintore - Bore RN13485 KINTORE,16.94,96,2 POSSUM CR,240.39,MacDonnell,No mapped coverage,No mapped coverage,,,,,,,,,,No record in Mobile Coverage dataset
148,TITJIKALA,Major,-24.67389,134.07584,230.0,NT,152935,Broadcast Site Lot 52 Main St TITJIKALA,0.06,113,"Keringke Arts Aboriginal Corporation, 17 KERINGKE CR",67.48,MacDonnell,No mapped coverage,No mapped coverage,TITJIKALA,COMMUNITY,YES,,,TELSTRA,Macro Cell,0.02027252689157767,Name,Mobile coverage record found
149,TJAMANGKURRA,Family Outstation,-23.9689,132.80529,4.0,NT,151571,Broadcast Site HERMANNSBURG,4.05,27,"Town Camp name: Drive In, 42 RUBUNTJA CRESCENT",110.31,MacDonnell,No mapped coverage,No mapped coverage,TJAMANGKURRA,COMMUNITY,,,YES,TELSTRA,Proximity to Cell,0.031494089197990176,Name,Mobile coverage record found
880,TJAUWATA,Family Outstation,-24.91526,129.12181,,NT,9000976,CB Repeater Site Hill 919M DOCKER RIVER,4.44,96,2 POSSUM CR,341.07,MacDonnell,No mapped coverage,No mapped coverage,,,,,,,,,,No record in Mobile Coverage dataset
762,TJINTIRTJINTIRPA,Family Outstation,-23.28522,131.27059,,NT,153133,Broadcast Site MT LIEBIG,2.14,96,2 POSSUM CR,65.88,MacDonnell,No mapped coverage,No mapped coverage,TJINTIRTJINTIRPA,COMMUNITY,,,YES,TELSTRA,Proximity to Cell,0.04849832264916248,Name,Mobile coverage record found
267,TJOUNGOURI,Family Outstation,-16.17126,136.04365,,NT,2232,Telstra Site Aboriginal Community RYANS BEND,0.05,19,191 ROBINSON RD,30.28,Roper Gulf,No mapped coverage,No mapped coverage,,,,,,,,,,No record in Mobile Coverage dataset
151,TJULPUNGU,Family Outstation,-21.83419,131.41348,,NT,10009420,"S2-2-3 Tanami Pipeline Tanami Rd, 65 km NE of Yuendumu",19.22,96,2 POSSUM CR,160.52,Central Desert,No mapped coverage,No mapped coverage,,,,,,,,,,No record in Mobile Coverage dataset
152,TJUNTI,Family Outstation,-25.01763,129.40113,,NT,2758,Telstra Radio Terminal 3 km NW of Mt Fagan LOUISA,16.4,96,2 POSSUM CR,324.8,MacDonnell,No mapped coverage,No mapped coverage,,,,,,,,,,No record in Mobile Coverage dataset
153,TJUNTINANTA,Family Outstation,-24.85187,129.23084,,NT,2761,Telstra Radio Terminal George 17 km E of DOCKER RIVER,3.71,96,2 POSSUM CR,328.01,MacDonnell,No mapped coverage,No mapped coverage,,,,,,,,,,No record in Mobile Coverage dataset
154,TNAWURTA,Family Outstation,-23.9989,132.83835,4.0,NT,151571,Broadcast Site HERMANNSBURG,8.77,27,"Town Camp name: Drive In, 42 RUBUNTJA CRESCENT",107.79,MacDonnell,No mapped coverage,No mapped coverage,,,,,,,,,,No record in Mobile Coverage dataset
928,TNERTE,Family Outstation,-23.74715,133.72011,19.0,NT,9008826,Burts Bluff WEST MACDONNELL RANGES,1.07,27,"Town Camp name: Drive In, 42 RUBUNTJA CRESCENT",14.84,MacDonnell,No mapped coverage,No mapped coverage,TNERTE,COMMUNITY,,,YES,TELSTRA,Proximity to Cell,0.020088423354045707,Name,Mobile coverage record found
155,TNYIMIPURTA,Family Outstation,-23.88779,132.67113,11.0,NT,603240,Power & Water Authority Power Station HERMANNSBURG,4.77,96,2 POSSUM CR,108.75,MacDonnell,No mapped coverage,No mapped coverage,TNYIMIPURTA,COMMUNITY,,,YES,TELSTRA,Proximity to Cell,0.026832062582927425,Name,Mobile coverage record found
14153250,TODD RIVER DOWNS,Family Outstation,-24.2584,135.2705,1.0,NT,2787,Telstra Customer TODD RIVER DOWNS,0.08,113,"Keringke Arts Aboriginal Corporation, 17 KERINGKE CR",91.85,MacDonnell,No mapped coverage,No mapped coverage,,,,,,,,,,No record in Mobile Coverage dataset
970,TOMMYHAWK SWAMP,Family Outstation,-22.19431,134.59274,4.0,NT,151645,Broadcast Site Arlparra Store Via Sandover Highway UTOPIA,4.81,109,"Apungalindum Homeland School, 11780 Sandover Hwy (Pungalindum Road)",17.06,Barkly,Fixed Line,No mapped coverage,,,,,,,,,,No record in Mobile Coverage dataset
30,TOWN BORE,Family Outstation,-23.35473,132.06416,15.0,NT,2864,Telstra Radio Terminal 7 km SW of Bullocky Bore HEUGHLIN,11.94,96,2 POSSUM CR,23.11,MacDonnell,No mapped coverage,No mapped coverage,,,,,,,,,,No record in Mobile Coverage dataset
423,TREE POINT,Family Outstation,-12.30839,131.01819,,NT,1220,Defence Site SHOAL BAY,6.87,10,"Bagot Community Laundry, 133 Bagot Road",21.39,Litchfield,"Fixed Line, Fixed Wireless",No mapped coverage,,,,,,,,,,No record in Mobile Coverage dataset
649,TURKEY LAGOON,Family Outstation,-14.52938,134.75093,,NT,38172,Telstra Customer Outstation COSTELLO,2.01,16,2 CAMERON ROAD,175.99,Roper Gulf,No mapped coverage,No mapped coverage,,,,,,,,,,No record in Mobile Coverage dataset
785,TURNERS CAMP,Family Outstation,-23.30514,134.06937,24.0,NT,139874,Defence Site Approximately 32km East of Stuart Highway THE PINNACLES,3.59,107,"Town Camp name: Whitegate, (Unit 1) Lot 5126, Undoolya Road,",45.82,MacDonnell,No mapped coverage,No mapped coverage,,,,,,,,,,No record in Mobile Coverage dataset
929,TWETYE (A),Family Outstation,-23.74034,133.70539,12.0,NT,9008826,Burts Bluff WEST MACDONNELL RANGES,1.88,27,"Town Camp name: Drive In, 42 RUBUNTJA CRESCENT",16.41,MacDonnell,No mapped coverage,No mapped coverage,TWETYE (A),COMMUNITY,,,YES,TELSTRA,Proximity to Cell,0.054819047304783625,Name,Mobile coverage record found
930,TWETYE (B),Family Outstation,-23.74292,133.69633,24.0,NT,9008826,Burts Bluff WEST MACDONNELL RANGES,2.28,27,"Town Camp name: Drive In, 42 RUBUNTJA CRESCENT",17.29,MacDonnell,No mapped coverage,No mapped coverage,TWETYE (B),COMMUNITY,,,YES,TELSTRA,Proximity to Cell,0.03474659461670662,Name,Mobile coverage record found
931,TYWENPE (A),Family Outstation,-23.72634,133.72928,20.0,NT,10020365,Optus Rooftop Site Simpson Gap Vistor Centre 1620 Darken Drive BURT PLAIN,1.96,27,"Town Camp name: Drive In, 42 RUBUNTJA CRESCENT",14.31,MacDonnell,No mapped coverage,No mapped coverage,TYWENPE (A),COMMUNITY,,,YES,OPTUS/TELSTRA,Proximity to Cell,0.047347064640907176,Name,Mobile coverage record found
933,TYWENPE (C),Family Outstation,-23.74426,133.68787,24.0,NT,9008826,Burts Bluff WEST MACDONNELL RANGES,2.95,27,"Town Camp name: Drive In, 42 RUBUNTJA CRESCENT",18.14,MacDonnell,No mapped coverage,No mapped coverage,TYWENPE (C),COMMUNITY,,,YES,OPTUS/TELSTRA,Proximity to Cell,0.031794796542126434,Name,Mobile coverage record found
934,TYWENPE (D),Family Outstation,-23.7648,133.67226,7.0,NT,9008826,Burts Bluff WEST MACDONNELL RANGES,4.41,27,"Town Camp name: Drive In, 42 RUBUNTJA CRESCENT",19.66,MacDonnell,No mapped coverage,No mapped coverage,TYWENPE (D),COMMUNITY,,,YES,OPTUS/TELSTRA,Proximity to Cell,0.034563964457894746,Name,Mobile coverage record found
991,UGUIE,Family Outstation,-15.83006,137.04142,,NT,441346,Marine Repeater Site VANDERLIN ISLAND,17.04,19,191 ROBINSON RD,82.95,Roper Gulf,No mapped coverage,No mapped coverage,,,,,,,,,,No record in Mobile Coverage dataset
159,UKAKA,Family Outstation,-24.59261,132.37395,24.0,NT,2763,Telstra Radio Terminal Wallara 13 km S of WALLARA RANCH,17.39,96,2 POSSUM CR,161.55,MacDonnell,No mapped coverage,No mapped coverage,,,,,,,,,,No record in Mobile Coverage dataset
160,UKATJUPU,Family Outstation,-25.90949,129.10549,,NT,2758,Telstra Radio Terminal 3 km NW of Mt Fagan LOUISA,103.65,96,2 POSSUM CR,413.44,MacDonnell,No mapped coverage,No mapped coverage,,,,,,,,,,No record in Mobile Coverage dataset
760,ULAMBARA,Family Outstation,-23.27715,131.92748,8.0,NT,2868,HF Site PAPUNYA,4.16,96,2 POSSUM CR,8.43,MacDonnell,No mapped coverage,No mapped coverage,ULAMBARA,COMMUNITY,,,YES,TELSTRA,Proximity to Cell,0.05178867577950747,Name,Mobile coverage record found
705,ULBULLA,Family Outstation,-25.68357,133.19644,,NT,2672,Telstra Radio Terminal KULGERA,20.04,31,15 LAPADUM STREET,138.86,MacDonnell,No mapped coverage,No mapped coverage,,,,,,,,,,No record in Mobile Coverage dataset
162,ULPANYALI,Family Outstation,-24.23091,131.50075,17.0,NT,480682,Power and Water Telem Site KINGS CANYON,1.95,96,2 POSSUM CR,121.6,MacDonnell,No mapped coverage,No mapped coverage,ULPANYALI,COMMUNITY,,,YES,TELSTRA,Proximity to Cell,0.027253556076526457,Name,Mobile coverage record found
772,ULPUNDA,Family Outstation,-23.9546,132.766,11.0,NT,151571,Broadcast Site HERMANNSBURG,1.36,27,"Town Camp name: Drive In, 42 RUBUNTJA CRESCENT",113.9,MacDonnell,No mapped coverage,No mapped coverage,ULPUNDA,COMMUNITY,,,YES,TELSTRA,Proximity to Cell,0.044478032093155755,Name,Mobile coverage record found
1016,ULUPERTE,Family Outstation,-23.76408,135.69544,,NT,570278,Telstra Customer Homestead NUMERY STATION,38.48,113,"Keringke Arts Aboriginal Corporation, 17 KERINGKE CR",140.22,Central Desert,No mapped coverage,No mapped coverage,,,,,,,,,,No record in Mobile Coverage dataset
555,UMBAKUMBA,Major,-13.85974,136.81113,492.0,NT,139353,Umbakumba Water Compound  UMBAKUMBA,0.22,123,"Umbakumba Main Council Office, 12 (Lot 229) Mamarika Rd",0.35,Groote Archipelago,No mapped coverage,No mapped coverage,UMBAKUMBA,COMMUNITY,YES,,,TELSTRA,Macro Cell,0.03213715233828693,Name,Mobile coverage record found
962,UMINYULUK,Family Outstation,-13.83073,130.05311,8.0,NT,11992,Telstra Radio Terminal 2 km South of Woodicupildiya Community WOODY,3.52,71,"Merrepan Community, Lot 7 Merrepen",44.47,West Daly,No mapped coverage,No mapped coverage,,,,,,,,,,No record in Mobile Coverage dataset
662,UN-MARR,Family Outstation,-14.06441,129.90879,,NT,370247,Telstra Radio Terminal MOYLE,12.69,71,"Merrepan Community, Lot 7 Merrepen",18.63,West Daly,No mapped coverage,No mapped coverage,,,,,,,,,,No record in Mobile Coverage dataset
711,UNDOOLYA BORE,Family Outstation,-23.74762,134.11762,24.0,NT,136522,Outstation 25.7 km E of Alice Springs UNDOOLYA BORE,0.92,3,"Town Camp name: Amoonguna, 243 White Gum Drive",18.56,MacDonnell,No mapped coverage,No mapped coverage,UNDOOLYA BORE,COMMUNITY,,,YES,TELSTRA,Proximity to Cell,0.05728237866311835,Name,Mobile coverage record found
166,UNDURANA 1C,Family Outstation,-23.75723,132.12722,2.0,NT,2460,Telstra Radio Terminal  UNDANDITA,3.7,96,2 POSSUM CR,65.49,MacDonnell,No mapped coverage,No mapped coverage,,,,,,,,,,No record in Mobile Coverage dataset
985,UNDURANA 2A,Family Outstation,-23.75901,132.10597,6.0,NT,2460,Telstra Radio Terminal  UNDANDITA,1.75,96,2 POSSUM CR,64.97,MacDonnell,No mapped coverage,No mapped coverage,,,,,,,,,,No record in Mobile Coverage dataset
156,URLAMPE,Family Outstation,-22.49317,137.74252,20.0,NT,10036931,"9 m monopole, Urlampe Community near Tobermorey-Marqua Road Anatye",0.11,4,10 LUCK STREET,275.54,Central Desert,No mapped coverage,No mapped coverage,,,,,,,,,,No record in Mobile Coverage dataset
24992,URRERMERNE,Family Outstation,-23.9629,134.06913,14.0,NT,1014,Telstra Customer Bush Camp OORAMINNA,8.22,3,"Town Camp name: Amoonguna, 243 White Gum Drive",25.45,MacDonnell,No mapped coverage,No mapped coverage,,,,,,,,,,No record in Mobile Coverage dataset
24,UTILY,Family Outstation,-23.48831,131.87356,8.0,NT,370267,Telstra Radio Terminal South Haast  5.7 km S of HAASTS BLUFF,1.1,96,2 POSSUM CR,31.91,MacDonnell,No mapped coverage,No mapped coverage,,,,,,,,,,No record in Mobile Coverage dataset
271,VILLAGE CAMP,Town Camp,-19.656,134.1842,,NT,137086,Lot 1230 Leichart Street Tennent Creek,0.28,4,10 LUCK STREET,247.53,Barkly,Fixed Line,Fixed Line,,,,,,,,,,No record in Mobile Coverage dataset
815,WADA WADALLA,Family Outstation,-15.92948,136.42886,3.0,NT,10044387,"50 m Lattice Tower, 60 m West of Batten Road and Boat Ramp intersection MCARTHUR",5.34,19,191 ROBINSON RD,20.38,Roper Gulf,No mapped coverage,No mapped coverage,,,,,,,,,,No record in Mobile Coverage dataset
214,WADA WARRA,Family Outstation,-15.74902,136.25224,17.0,NT,2247,Telstra Radio Terminal 22 km N of Borroloola BATTEN,12.92,19,191 ROBINSON RD,36.2,Roper Gulf,No mapped coverage,No mapped coverage,,,,,,,,,,No record in Mobile Coverage dataset
426,WADEYE,Major,-14.2404,129.5205,2259.0,NT,570571,Murin Resource Centre PORT KEATS,0.01,71,"Merrepan Community, Lot 7 Merrepen",48.23,West Daly,No mapped coverage,No mapped coverage,WADEYE,COMMUNITY,YES,,,TELSTRA,Macro Cell,0.06987374765756764,Name,Mobile coverage record found
381,WAIDABOONAR,Family Outstation,-11.93822,132.78225,,NT,1597,Telstra Customer Waidaboonor COBOURG PENINSULA,0.78,10,"Bagot Community Laundry, 133 Bagot Road",216.14,West Arnhem,Fixed Line,No mapped coverage,,,,,,,,,,No record in Mobile Coverage dataset
14188734,WAJU,Family Outstation,-25.99241,133.46187,,NT,2669,Telstra Radio Terminal 1 km S Kulgera Rail Head KULGERA,13.57,31,15 LAPADUM STREET,120.6,MacDonnell,No mapped coverage,No mapped coverage,,,,,,,,,,No record in Mobile Coverage dataset
908,WAKURLPU,Family Outstation,-20.63229,134.21688,10.0,NT,10006337,Optus Rooftop Site Devils Marbels Hotel Devils Marbels Hotel 11275 Stuart Highway DAVENPORT,1.12,4,10 LUCK STREET,154.7,Barkly,Fixed Line,No mapped coverage,WAKURLPU,COMMUNITY,,,YES,TELSTRA,Proximity to Cell,0.0345800721457615,Name,Mobile coverage record found
983,WALANGURRMINY,Family Outstation,-12.97482,130.77614,11.0,NT,10018025,CB Repeater Site Finniss Litchfield Park Road Finniss,2.15,124,142 Wagait Tower Road,60.06,Un-Incorporated (Cox-Daly),Fixed Wireless,No mapped coverage,,,,,,,,,,No record in Mobile Coverage dataset
556,WALDNARR,Family Outstation,-13.76563,135.80531,10.0,NT,55581,Telstra Site BLUE MUD BAY,19.72,5,"Angurugu Main Council Office, Lot 490 Angurugu Community",74.75,Roper Gulf,No mapped coverage,No mapped coverage,,,,,,,,,,No record in Mobile Coverage dataset
291,WALKA,Family Outstation,-11.17957,132.58843,,NT,480845,Telstra Site Sandy Bay CROKER ISLAND,3.21,10,"Bagot Community Laundry, 133 Bagot Road",233.45,West Arnhem,Fixed Line,No mapped coverage,,,,,,,,,,No record in Mobile Coverage dataset
720,WALKABOUT BORE,Family Outstation,-24.38261,133.81687,23.0,NT,2771,Comm Site 85 km S of Alice Springs HUGH RIVER,12.84,113,"Keringke Arts Aboriginal Corporation, 17 KERINGKE CR",63.13,MacDonnell,No mapped coverage,No mapped coverage,,,,,,,,,,No record in Mobile Coverage dataset
750,WALKALBA,Family Outstation,-22.16249,131.81991,,NT,2967,Telstra Site NGARLYIKIRLANGU,6.85,96,2 POSSUM CR,116.09,Central Desert,No mapped coverage,No mapped coverage,,,,,,,,,,No record in Mobile Coverage dataset
174,WALLACE ROCKHOLE,Major,-24.1245,133.0863,102.0,NT,133913,Broadcast Site  WALLACE ROCK HOLE,0.06,27,"Town Camp name: Drive In, 42 RUBUNTJA CRESCENT",89.02,MacDonnell,No mapped coverage,No mapped coverage,WALLACE ROCKHOLE,COMMUNITY,YES,,,TELSTRA,Macro Cell,0.0633875323581689,Name,Mobile coverage record found
24903,WALLACES LAGOON,Family Outstation,-16.12267,136.6356,3.0,NT,2231,Telstra Radio Terminal 32 km ESE of Borroloola FLETCHER,12.02,19,191 ROBINSON RD,35.6,Roper Gulf,No mapped coverage,No mapped coverage,,,,,,,,,,No record in Mobile Coverage dataset
606,WALPIRI,Town Camp,-14.47361,132.2693,,NT,1858,Golf Course KATHERINE,0.43,106,"Rockhole Community, 805 Florina Rd",10.36,Katherine,Fixed Line,No mapped coverage,,,,,,,,,,No record in Mobile Coverage dataset
748,WALU,Family Outstation,-24.73711,129.52559,,NT,2761,Telstra Radio Terminal George 17 km E of DOCKER RIVER,32.33,96,2 POSSUM CR,296.21,MacDonnell,No mapped coverage,No mapped coverage,,,,,,,,,,No record in Mobile Coverage dataset
176,WALYTJATJATA,Family Outstation,-25.97667,129.46583,,NT,9900414,Mobile Spectrum Licensing Site YALARA,97.15,96,2 POSSUM CR,395.12,MacDonnell,No mapped coverage,No mapped coverage,,,,,,,,,,No record in Mobile Coverage dataset
428,WAMINARI,Family Outstation,-11.76861,133.39754,,NT,41042,Broadcast Site Lot 45 Warruwi Comm. WARRUWI,13.06,101,"Council Building, House 2, 21 (Lot 123) Warrk Rd",177.65,West Arnhem,Fixed Line,No mapped coverage,,,,,,,,,,No record in Mobile Coverage dataset
890,WANAKUTJA,Family Outstation,-11.10539,132.51106,,NT,1626,Croker Airport CROKER ISLAND,2.31,10,"Bagot Community Laundry, 133 Bagot Road",231.81,West Arnhem,Fixed Line,No mapped coverage,,,,,,,,,,No record in Mobile Coverage dataset
119,WANARKULA,Family Outstation,-25.99663,131.58803,,NT,2673,Telstra Radio Terminal 10 km N Mulga Park Station MULGA,29.57,31,15 LAPADUM STREET,302.77,MacDonnell,No mapped coverage,No mapped coverage,,,,,,,,,,No record in Mobile Coverage dataset
256,WANDANGULA,Minor,-16.05477,136.34558,39.0,NT,2240,Powerstation BORROLOOLA,3.91,19,191 ROBINSON RD,4.48,Roper Gulf,No mapped coverage,No mapped coverage,,,,,,,,,,No record in Mobile Coverage dataset
557,WANDAWUY,Family Outstation,-12.89147,136.35636,84.0,NT,136991,Wandawuy Homeland Centre WANDAWUY,0.06,105,8 Raymangirr,72.27,East Arnhem,Fixed Line,No mapped coverage,,,,,,,,,,No record in Mobile Coverage dataset
690,WANGALINJI,Family Outstation,-18.39639,137.46692,,NT,48253,Mittiebah Station MITTIEBAH,60.5,19,191 ROBINSON RD,286.48,Barkly,Fixed Line,No mapped coverage,,,,,,,,,,No record in Mobile Coverage dataset
177,WANGKARI,Family Outstation,-25.13169,129.01933,,NT,9000976,CB Repeater Site Hill 919M DOCKER RIVER,26.67,96,2 POSSUM CR,363.21,MacDonnell,No mapped coverage,No mapped coverage,,,,,,,,,,No record in Mobile Coverage dataset
178,WANMARRA,Family Outstation,-24.38841,131.80347,14.0,NT,10024910,"Telstra Site, 12812 Luritja Hwy Petermann",0.08,96,2 POSSUM CR,132.22,MacDonnell,No mapped coverage,No mapped coverage,WANMARRA,COMMUNITY,,,YES,TELSTRA,Proximity to Cell,0.06590937350183941,Name,Mobile coverage record found
652,WANMARRI,Family Outstation,-14.45401,135.22691,,NT,2179,Telstra Radio Terminal 6 km ENE MT CHRISP,24.42,5,"Angurugu Main Council Office, Lot 490 Angurugu Community",143.0,Roper Gulf,No mapped coverage,No mapped coverage,,,,,,,,,,No record in Mobile Coverage dataset
19471,WARBY,Family Outstation,-16.1531,136.7344,,NT,2231,Telstra Radio Terminal 32 km ESE of Borroloola FLETCHER,19.15,19,191 ROBINSON RD,46.59,Roper Gulf,No mapped coverage,No mapped coverage,,,,,,,,,,No record in Mobile Coverage dataset
998,WARLPEYANGKRERE,Family Outstation,-22.54894,136.99175,,NT,2917,Telstra Radio Terminal 3 km ENE of MT GUIDE,9.5,110,"Irrultja School, 28 Irrultja Int Road",203.42,Central Desert,No mapped coverage,No mapped coverage,,,,,,,,,,No record in Mobile Coverage dataset
179,WARREN CREEK,Family Outstation,-23.26572,131.17868,6.0,NT,153133,Broadcast Site MT LIEBIG,9.54,96,2 POSSUM CR,74.97,MacDonnell,No mapped coverage,No mapped coverage,,,,,,,,,,No record in Mobile Coverage dataset
429,WARRUWI,Major,-11.64896,133.38935,507.0,NT,40794,Broadcast Site GOULBURN ISLAND,0.1,101,"Council Building, House 2, 21 (Lot 123) Warrk Rd",183.58,West Arnhem,Fixed Line,No mapped coverage,WARRUWI,COMMUNITY,YES,,,TELSTRA,Macro Cell,0.03837530601647722,Name,Mobile coverage record found
180,WARUMPI,Family Outstation,-23.1851,131.97514,6.0,NT,2879,Telstra Radio Terminal PAPUNYA,5.35,96,2 POSSUM CR,7.03,MacDonnell,No mapped coverage,No mapped coverage,WARUMPI,COMMUNITY,,,YES,TELSTRA,Proximity to Cell,0.018122401476825492,Name,Mobile coverage record found
877,WATARU,Family Outstation,-24.85858,129.05936,7.0,NT,570251,Telstra Radio Terminal DOCKER RIVER EAST,2.61,96,2 POSSUM CR,342.98,MacDonnell,No mapped coverage,No mapped coverage,WATARU,COMMUNITY,,,YES,TELSTRA,Proximity to Cell,0.05916339153094946,Name,Mobile coverage record found
889,WATDAGAWUY,Family Outstation,-11.93961,135.70074,,NT,480581,Telstra Site Nandunur ELCHO ISLAND,9.55,36,"OLD SCHOOL HOUSE, GAWA ROAD",29.95,East Arnhem,Fixed Line,No mapped coverage,,,,,,,,,,No record in Mobile Coverage dataset
385,WAUK,Family Outstation,-11.54863,132.92501,,NT,1608,Parks & Wildlife Site MURGANELLA,0.21,101,"Council Building, House 2, 21 (Lot 123) Warrk Rd",234.48,West Arnhem,Fixed Line,No mapped coverage,,,,,,,,,,No record in Mobile Coverage dataset
181,WAYILILINYPA,Family Outstation,-22.50196,131.44669,,NT,10026613,"Telstra Radio Site Coonega, 24 km WSW of Mount Eclipse",10.42,96,2 POSSUM CR,91.25,Central Desert,No mapped coverage,No mapped coverage,,,,,,,,,,No record in Mobile Coverage dataset
654,WEEMOL,Minor,-13.64418,134.30863,109.0,NT,10026675,"Weemol Water Tank, Lot 1 Weemol Road WEEMOL",0.21,25,5 Donydji,151.06,Roper Gulf,No mapped coverage,No mapped coverage,WEEMOL,COMMUNITY,,,YES,TELSTRA,Proximity to Cell,0.044711253461611526,Name,Mobile coverage record found
182,WELERE,Family Outstation,-22.02194,135.19169,6.0,NT,2987,Telstra Radio Terminal Sandover Dam 3 km W of AMMAROO,30.88,110,"Irrultja School, 28 Irrultja Int Road",9.36,Barkly,Fixed Line,No mapped coverage,,,,,,,,,,No record in Mobile Coverage dataset
183,WELMALA,Family Outstation,-25.68278,133.26116,,NT,2672,Telstra Radio Terminal KULGERA,17.71,31,15 LAPADUM STREET,132.38,MacDonnell,No mapped coverage,No mapped coverage,,,,,,,,,,No record in Mobile Coverage dataset
655,WERENBUN,Family Outstation,-14.18255,132.1611,20.0,NT,150617,Broadcast Site WERENBUN,0.11,106,"Rockhole Community, 805 Florina Rd",37.61,Roper Gulf,No mapped coverage,No mapped coverage,,,,,,,,,,No record in Mobile Coverage dataset
708,WERRE-THERRE,Family Outstation,-23.54265,133.63473,2.0,NT,2582,Microwave Site JINDALEE,4.17,107,"Town Camp name: Whitegate, (Unit 1) Lot 5126, Undoolya Road,",33.23,MacDonnell,No mapped coverage,No mapped coverage,,,,,,,,,,No record in Mobile Coverage dataset
274,WEST ISLAND,Family Outstation,-15.64251,136.50235,8.0,NT,570507,Telstra Customer MUMATHUMBURU OUTSTATION,0.06,19,191 ROBINSON RD,51.96,Roper Gulf,No mapped coverage,No mapped coverage,,,,,,,,,,No record in Mobile Coverage dataset
185,WEST WATERHOUSE,Family Outstation,-23.99573,133.11339,10.0,NT,2826,Telstra Radio Terminal 8527 MISSIONARY PLAIN,4.74,27,"Town Camp name: Drive In, 42 RUBUNTJA CRESCENT",80.88,MacDonnell,No mapped coverage,No mapped coverage,,,,,,,,,,No record in Mobile Coverage dataset
431,WIGU,Family Outstation,-11.61353,133.43225,,NT,10004310,Warruwi Borefield Tank Compound Lot 109 Injilatparri Access Road Warruwi South Goulburn Island,2.87,101,"Council Building, House 2, 21 (Lot 123) Warrk Rd",181.04,West Arnhem,Fixed Line,No mapped coverage,,,,,,,,,,No record in Mobile Coverage dataset
952,WIITIN,Family Outstation,-19.54493,134.23657,7.0,NT,2271,7km ENE of STATION HILL,3.56,4,10 LUCK STREET,256.47,Barkly,Fixed Line,No mapped coverage,WIITIN,COMMUNITY,,,YES,OPTUS/TELSTRA,Proximity to Cell,0.045726161195703434,Name,Mobile coverage record found
432,WILGI,Family Outstation,-11.49601,132.74947,40.0,NT,1607,Telstra Radio Terminal MINIMINI CREEK,9.56,10,"Bagot Community Laundry, 133 Bagot Road",230.09,West Arnhem,Fixed Line,No mapped coverage,WILGI,COMMUNITY,,,YES,TELSTRA,Proximity to Cell,0.05122531527435045,Name,Mobile coverage record found
786,WILLIAMS WELL,Family Outstation,-23.67327,134.27874,9.0,NT,2464,Telstra Site 37 km E of Alice Springs HAYES HILL,11.74,3,"Town Camp name: Amoonguna, 243 White Gum Drive",36.4,MacDonnell,No mapped coverage,No mapped coverage,,,,,,,,,,No record in Mobile Coverage dataset
186,WILLOWRA,Major,-21.24446,132.6139,261.0,NT,3009,Health and Community Services WILLOWRA,0.08,96,2 POSSUM CR,229.57,Central Desert,No mapped coverage,No mapped coverage,,,,,,,,,,No record in Mobile Coverage dataset
187,WILORA,Minor,-21.7411,133.7311,69.0,NT,134057,Broadcast Site  WILORA,0.13,109,"Apungalindum Homeland School, 11780 Sandover Hwy (Pungalindum Road)",105.49,Central Desert,No mapped coverage,No mapped coverage,,,,,,,,,,No record in Mobile Coverage dataset
751,WINPARKU,Family Outstation,-23.43465,131.46172,,NT,2866,HF Site MT LIEBIG,17.9,96,2 POSSUM CR,52.44,MacDonnell,No mapped coverage,No mapped coverage,,,,,,,,,,No record in Mobile Coverage dataset
259,WOGYALA,Family Outstation,-19.00617,135.17821,40.0,NT,480664,Telstra DRS Site ROCKHAMPTON DOWNS STATION,6.37,4,10 LUCK STREET,294.89,Barkly,Fixed Line,No mapped coverage,,,,,,,,,,No record in Mobile Coverage dataset
21479,WOLLAGALONNG OUTSTATION,Family Outstation,-21.36721,133.4395,,NT,10001658,Core Exploration Site 36k West of Stuart Hwy Barrow Creek,16.43,109,"Apungalindum Homeland School, 11780 Sandover Hwy (Pungalindum Road)",151.0,Central Desert,No mapped coverage,No mapped coverage,,,,,,,,,,No record in Mobile Coverage dataset
275,WOLLOGORANG,Family Outstation,-17.21828,137.98884,2.0,NT,480750,Wollogorang Station TENNANT CREEK,4.43,19,191 ROBINSON RD,220.0,Roper Gulf,No mapped coverage,No mapped coverage,WOLLOGORANG,COMMUNITY,,YES,,TELSTRA,Small Cell,0.03547051105841524,Name,Mobile coverage record found
434,WOODYCUPALDIYA,Minor,-13.85926,130.00115,35.0,NT,10040718,"9 m pole, Woodycupaldiya Community NEMARLUK",0.04,71,"Merrepan Community, Lot 7 Merrepen",40.49,West Daly,No mapped coverage,No mapped coverage,,,,,,,,,,No record in Mobile Coverage dataset
697,WOOLANING,Family Outstation,-13.10521,130.6589,4.0,NT,570240,Mt Alarie Walkers Creek LITCHFIELD PARK,2.4,124,142 Wagait Tower Road,75.12,Un-Incorporated (Cox-Daly),Fixed Wireless,No mapped coverage,,,,,,,,,,No record in Mobile Coverage dataset
715,WOOLIANA,Family Outstation,-13.67483,130.64275,11.0,NT,139414,Daly River (Nauiyu) Water Tank Compound  DALY RIVER (NAUIYU),9.68,71,"Merrepan Community, Lot 7 Merrepen",94.92,Victoria Daly,No mapped coverage,No mapped coverage,,,,,,,,,,No record in Mobile Coverage dataset
778,WUDADUK,Family Outstation,-14.02771,129.94375,6.0,NT,370247,Telstra Radio Terminal MOYLE,17.27,71,"Merrepan Community, Lot 7 Merrepen",21.75,West Daly,No mapped coverage,No mapped coverage,,,,,,,,,,No record in Mobile Coverage dataset
435,WUDAPULI,Family Outstation,-14.21351,129.85315,54.0,NT,370247,Telstra Radio Terminal MOYLE,6.87,71,"Merrepan Community, Lot 7 Merrepen",12.37,West Daly,No mapped coverage,No mapped coverage,,,,,,,,,,No record in Mobile Coverage dataset
581,WUGULARR,Major,-14.5548,133.1142,636.0,NT,2176,Cmty Radio Site Lot 1636 Ngalagan St BESWICK,0.03,16,2 CAMERON ROAD,0.2,Roper Gulf,No mapped coverage,No mapped coverage,BESWICK,COMMUNITY,YES,,,TELSTRA,Macro Cell,0.030950163459452167,Coordinate,Mobile coverage record found
995,WULABURRI,Family Outstation,-16.4064,136.84162,,NT,2229,Telstra Radio Terminal 7 km E of Snake Lagoon HORSE,24.5,19,191 ROBINSON RD,68.23,Roper Gulf,No mapped coverage,No mapped coverage,,,,,,,,,,No record in Mobile Coverage dataset
838,WULKABIMIRRI,Family Outstation,-12.35538,134.90591,35.0,NT,153547,Broadcast Site Yathalamarra 5 km SW of RAMINGINING,0.54,101,"Council Building, House 2, 21 (Lot 123) Warrk Rd",3.78,East Arnhem,Fixed Line,No mapped coverage,,,,,,,,,,No record in Mobile Coverage dataset
563,WUMAJBARR,Family Outstation,-14.16648,135.69241,8.0,NT,55582,Telstra Radio Terminal ROSE,6.67,5,"Angurugu Main Council Office, Lot 490 Angurugu Community",85.4,Roper Gulf,No mapped coverage,No mapped coverage,,,,,,,,,,No record in Mobile Coverage dataset
937,WUMIRDIN,Family Outstation,-14.18907,129.56319,,NT,153140,Broadcast Site  Sport and Rec Hall Lot 460  Perdjert St WADEYE,7.21,71,"Merrepan Community, Lot 7 Merrepen",43.75,West Daly,No mapped coverage,No mapped coverage,,,,,,,,,,No record in Mobile Coverage dataset
707,WUNARA,Family Outstation,-19.9898,136.6181,8.0,NT,136258,Telstra Site  WUNARA,0.08,4,10 LUCK STREET,235.29,Barkly,Fixed Line,No mapped coverage,WUNARA,COMMUNITY,,YES,,TELSTRA,Small Cell,0.0895677172725582,Name,Mobile coverage record found
564,WUNBURRI,Family Outstation,-11.59498,136.07853,,NT,141694,Gawa Homeland Center  GAWA,26.29,36,"OLD SCHOOL HOUSE, GAWA ROAD",26.27,East Arnhem,Fixed Line,No mapped coverage,,,,,,,,,,No record in Mobile Coverage dataset
996,WUNDIGALLA,Family Outstation,-16.47557,137.04307,4.0,NT,9009005,Mungoorbada Repeater Site 40 km NE of ROBINSON RIVER,11.64,19,191 ROBINSON RD,90.58,Roper Gulf,No mapped coverage,No mapped coverage,,,,,,,,,,No record in Mobile Coverage dataset
684,WUPPA,Town Camp,-19.63696,134.19918,,NT,137333,Tennant Creek Showgrounds Perry Drive TENNANT CREEK,0.59,4,10 LUCK STREET,248.76,Barkly,Fixed Line,Fixed Line,,,,,,,,,,No record in Mobile Coverage dataset
868,WURANKUWU,Minor,-11.61652,130.27763,35.0,NT,153108,Broadcast Site  WURANKUWU,0.17,124,142 Wagait Tower Road,104.5,Tiwi Islands,No mapped coverage,No mapped coverage,,,,,,,,,,No record in Mobile Coverage dataset
437,WURDEJA,Family Outstation,-12.17057,134.66085,35.0,NT,10041075,"9 m seesaw monopole, Gamardi Community WEST ARNHEM",11.76,101,"Council Building, House 2, 21 (Lot 123) Warrk Rd",33.89,West Arnhem,Fixed Line,No mapped coverage,,,,,,,,,,No record in Mobile Coverage dataset
817,WURLBU,Family Outstation,-16.07464,136.28415,5.0,NT,570640,Water Tank BORROLOOLA,2.26,19,191 ROBINSON RD,2.48,Roper Gulf,No mapped coverage,No mapped coverage,WURLBU,COMMUNITY,,,YES,TELSTRA,Proximity to Cell,0.04311945907540779,Name,Mobile coverage record found
565,WURRUMENBUMANJA,Family Outstation,-14.13779,136.51557,20.0,NT,9027473,Kings Crossing Repeater Tower 15 km SE of Anguruga Town GROOTE EYLANDT,6.03,5,"Angurugu Main Council Office, Lot 490 Angurugu Community",18.31,Groote Archipelago,No mapped coverage,No mapped coverage,,,,,,,,,,No record in Mobile Coverage dataset
400,WURRUMIYANGA,Major,-11.75831,130.63747,1668.0,NT,10040881,"Julanimawu Health Clinic, Puti Drive BATHURST ISLAND",0.19,124,142 Wagait Tower Road,76.26,Tiwi Islands,No mapped coverage,No mapped coverage,WURRUMIYANGA,COMMUNITY,YES,,,TELSTRA,Macro Cell,0.06169340589212041,Name,Mobile coverage record found
548,WURWULA,Family Outstation,-11.97646,136.30349,,NT,38903,Telstra Customer Gikal 55 km W of NHULUNBUY,8.68,36,"OLD SCHOOL HOUSE, GAWA ROAD",49.56,East Arnhem,Fixed Line,No mapped coverage,,,,,,,,,,No record in Mobile Coverage dataset
227,WUTUNUGURRA,Major,-20.46156,135.25241,168.0,NT,9027560,"Water Tank Compound Lot 54, 2 Kwewarr Road WUTUNUGURRA (EPENARA)",0.1,4,10 LUCK STREET,133.05,Barkly,Fixed Line,No mapped coverage,,,,,,,,,,No record in Mobile Coverage dataset
567,WUYAGIBA,Family Outstation,-14.62149,135.52036,20.0,NT,10043239,"9 m seesaw monopole, Wuyagiba - Family Outstation NUMBURINDI",0.06,5,"Angurugu Main Council Office, Lot 490 Angurugu Community",123.81,Roper Gulf,No mapped coverage,No mapped coverage,,,,,,,,,,No record in Mobile Coverage dataset
984,YAKALA,Family Outstation,-23.88668,132.6639,7.0,NT,603240,Power & Water Authority Power Station HERMANNSBURG,4.52,96,2 POSSUM CR,108.14,MacDonnell,No mapped coverage,No mapped coverage,,,,,,,,,,No record in Mobile Coverage dataset
864,YALUKUN,Family Outstation,-12.26251,136.00585,9.0,NT,1556,Telstra Radio Terminal 30 km NE Lake Evella BURRUM,4.27,105,8 Raymangirr,8.67,East Arnhem,Fixed Line,No mapped coverage,,,,,,,,,,No record in Mobile Coverage dataset
573,YANBAKWA,Family Outstation,-14.21668,136.45613,29.0,NT,570761,Telstra Customer Yanbakwa Outstation GROOTE EYLANDT,1.03,5,"Angurugu Main Council Office, Lot 490 Angurugu Community",26.11,Groote Archipelago,No mapped coverage,No mapped coverage,,,,,,,,,,No record in Mobile Coverage dataset
218,YANGULINYINA,Family Outstation,-16.88886,137.20896,13.0,NT,2412,Telstra Radio Terminal 31 km E of Robinson River Hmstd SURPRISE,21.83,19,191 ROBINSON RD,132.42,Roper Gulf,No mapped coverage,No mapped coverage,,,,,,,,,,No record in Mobile Coverage dataset
569,YANUNGBI,Family Outstation,-12.27975,136.65787,6.0,NT,205767,Electrical Sub Station Export Wharf Alcan GOVE,8.33,39,"Gumatj Corporation Building, Lot 26 Guymal Amurra Rd",8.68,East Arnhem,Fixed Line,No mapped coverage,YANUNGBI,COMMUNITY,,,YES,TELSTRA,Proximity to Cell,0.031181351739331713,Name,Mobile coverage record found
278,YANYULA,Town Camp,-16.0613,136.3083,119.0,NT,136617,Anyula St BORROLOOLA,0.45,19,191 ROBINSON RD,1.02,Roper Gulf,No mapped coverage,No mapped coverage,,,,,,,,,,No record in Mobile Coverage dataset
658,YARRALIN,Major,-16.44841,130.88279,332.0,NT,139345,Reticulation Tank Yarralin Water Tank Compound  YARRALIN,0.15,106,"Rockhole Community, 805 Florina Rd",255.88,Victoria Daly,No mapped coverage,No mapped coverage,YARRALIN,COMMUNITY,YES,,,TELSTRA,Macro Cell,0.05079368485949746,Name,Mobile coverage record found
939,YARTALU YARTALU,Family Outstation,-20.57253,130.35528,,NT,10033467,"The Granites Airport Weather Station, Tanami Road Tanami",2.59,96,2 POSSUM CR,333.57,Central Desert,No mapped coverage,No mapped coverage,YARTALU YARTALU,COMMUNITY,,,YES,TELSTRA,Proximity to Cell,0.059841055618771774,Name,Mobile coverage record found
194,YATEMANS BORE,Family Outstation,-23.68622,131.61441,,NT,2838,Telstra Radio Terminal IRRANDI,0.6,96,2 POSSUM CR,61.55,MacDonnell,No mapped coverage,No mapped coverage,,,,,,,,,,No record in Mobile Coverage dataset
571,YATHALAMARRA,Minor,-12.27446,134.92196,77.0,NT,1558,Mission RAMINGINING,1.56,101,"Council Building, House 2, 21 (Lot 123) Warrk Rd",6.06,East Arnhem,Fixed Line,No mapped coverage,YATHALAMARRA,COMMUNITY,,,YES,TELSTRA,Proximity to Cell,0.05133404767321856,Name,Mobile coverage record found
191,YATJALU,Family Outstation,-22.40643,131.16216,,NT,10021631,Telstra Radio Site Coonega 50km SW of  YUENDUMU,17.83,96,2 POSSUM CR,117.11,Central Desert,No mapped coverage,No mapped coverage,,,,,,,,,,No record in Mobile Coverage dataset
719,YEDERR,Family Outstation,-14.01965,129.72201,,NT,480573,Telstra Site Outstation YEDDER,1.58,71,"Merrepan Community, Lot 7 Merrepen",34.75,West Daly,No mapped coverage,No mapped coverage,,,,,,,,,,No record in Mobile Coverage dataset
572,YEDIKBA,Family Outstation,-14.08056,136.45703,8.0,NT,9011660,Gemco D-Quarry 23 km S of Alyangula GROOTE EYLANDT,2.72,5,"Angurugu Main Council Office, Lot 490 Angurugu Community",10.98,Groote Archipelago,No mapped coverage,No mapped coverage,,,,,,,,,,No record in Mobile Coverage dataset
797,YIKARRAKKAL,Family Outstation,-12.50363,134.1114,10.0,NT,10040686,"9 m pole, Manmoyi Community WEST ARNHEM",4.2,101,"Council Building, House 2, 21 (Lot 123) Warrk Rd",90.73,West Arnhem,Fixed Line,No mapped coverage,,,,,,,,,,No record in Mobile Coverage dataset
303,YILAN,Family Outstation,-12.04251,134.62196,30.0,NT,10040677,"9 m monopole, Western end of Ji-Marda Landing Ground WESTERN ARNHEM",1.64,101,"Council Building, House 2, 21 (Lot 123) Warrk Rd",45.99,West Arnhem,Fixed Line,No mapped coverage,,,,,,,,,,No record in Mobile Coverage dataset
898,YILILA,Family Outstation,-13.68204,135.91308,7.0,NT,1411,Andhananggi/100km NW GROOTE EYLANDT,22.93,5,"Angurugu Main Council Office, Lot 490 Angurugu Community",67.9,Roper Gulf,No mapped coverage,No mapped coverage,,,,,,,,,,No record in Mobile Coverage dataset
574,YIMIDARRA,Family Outstation,-14.21752,135.56463,15.0,NT,1374,Powerhouse NUMBULWAR,19.07,5,"Angurugu Main Council Office, Lot 490 Angurugu Community",100.15,Roper Gulf,No mapped coverage,No mapped coverage,,,,,,,,,,No record in Mobile Coverage dataset
659,YINGUWUNARRI,Family Outstation,-16.60891,131.82362,,NT,10029875,"30m monopole, 147 Buchanan Highway Top Springs",7.76,106,"Rockhole Community, 805 Florina Rd",235.5,Victoria Daly,No mapped coverage,No mapped coverage,,,,,,,,,,No record in Mobile Coverage dataset
999,YINYIKAY,Family Outstation,-12.21024,136.22921,13.0,NT,10041603,"9 m seesaw monopole, Rorruwuy Community WEST ARNHEM",7.3,105,8 Raymangirr,28.5,East Arnhem,Fixed Line,No mapped coverage,,,,,,,,,,No record in Mobile Coverage dataset
195,YINYIRIPALANGU,Family Outstation,-22.21046,130.20558,,NT,139794,Nyirripi Water Compund NYIRRIPI,60.39,96,2 POSSUM CR,206.7,Central Desert,No mapped coverage,No mapped coverage,,,,,,,,,,No record in Mobile Coverage dataset
1002,YIRRA BANDOO,Family Outstation,-12.57293,131.02238,,NT,10022239,"Telstra Site, 70 Kinnerley Road Virginia",2.07,10,"Bagot Community Laundry, 133 Bagot Road",25.27,Litchfield,"Fixed Line, Fixed Wireless",No mapped coverage,,,,,,,,,,No record in Mobile Coverage dataset
575,YIRRINGA,Family Outstation,-11.64538,136.02578,,NT,141694,Gawa Homeland Center  GAWA,18.26,36,"OLD SCHOOL HOUSE, GAWA ROAD",18.25,East Arnhem,Fixed Line,No mapped coverage,,,,,,,,,,No record in Mobile Coverage dataset
576,YIRRKALA,Major,-12.25279,136.89168,771.0,NT,3084,Wallaby Beach Nhulunbuy GOVE,0.18,141,"Yirrkala Accommodation, Lot 128 Tuffin Rd",0.2,East Arnhem,Fixed Line,Fixed Line,YIRRKALA,COMMUNITY,YES,,,TELSTRA,Macro Cell,0.04188497002615007,Name,Mobile coverage record found
672,YUDU YUDU,Family Outstation,-12.23335,136.63724,14.0,NT,205767,Electrical Sub Station Export Wharf Alcan GOVE,4.7,42,"Miwatj Health Aboriginal Clinic (Gunyangara Clinic), Lot 90 Yunupingu Drive",7.69,East Arnhem,Fixed Line,No mapped coverage,YUDUYUDU,COMMUNITY,,,YES,OPTUS/TELSTRA,Proximity to Cell,0.046849153525635685,Coordinate,Mobile coverage record found
197,YUELAMU,Major,-22.25835,132.20557,175.0,NT,54080,Broadcast Site Lot 60 Yuelamu Comm. YUELAMU,0.03,96,2 POSSUM CR,109.37,Central Desert,No mapped coverage,No mapped coverage,,,,,,,,,,No record in Mobile Coverage dataset
198,YUENDUMU,Major,-22.25389,131.79529,869.0,NT,10045402,"6 m Kiosk Structure, NW corner of West and Conniston Road intersection YUENDUMU",0.07,96,2 POSSUM CR,106.21,Central Desert,No mapped coverage,No mapped coverage,YUENDUMU,COMMUNITY,YES,,,TELSTRA,Macro Cell,0.032253881109873365,Name,Mobile coverage record found
20026,YULARA,Town,-25.24133,130.98766,,NT,2725,Community Base Telstra Mast YULARA,0.24,96,2 POSSUM CR,245.13,Un-Incorporated (Yulara),No mapped coverage,No mapped coverage,YULARA,TOURISM,YES,,,TELSTRA,Macro Cell,0.05015860492076989,Name,Mobile coverage record found
863,YULARA PULKA,Family Outstation,-25.25455,130.89108,5.0,NT,461461,Telstra Pulka O/S YULARA,1.18,96,2 POSSUM CR,250.37,MacDonnell,No mapped coverage,No mapped coverage,,,,,,,,,,No record in Mobile Coverage dataset
1010,YULBARA,Family Outstation,-15.7777,136.9997,,NT,441346,Marine Repeater Site VANDERLIN ISLAND,9.75,19,191 ROBINSON RD,80.91,Roper Gulf,No mapped coverage,No mapped coverage,,,,,,,,,,No record in Mobile Coverage dataset
200,YUMURRPA,Family Outstation,-21.62731,130.78047,,NT,2998,Telstra Site CHILLA,25.35,96,2 POSSUM CR,210.16,Central Desert,No mapped coverage,No mapped coverage,,,,,,,,,,No record in Mobile Coverage dataset
196,YUWALKI,Family Outstation,-23.56347,129.53922,,NT,570977,Police Site MT LEISLER,31.53,96,2 POSSUM CR,245.18,MacDonnell,No mapped coverage,No mapped coverage,,,,,,,,,,No record in Mobile Coverage dataset
123,YUWERLI,Family Outstation,-22.03566,131.65064,,NT,2967,Telstra Site NGARLYIKIRLANGU,15.58,96,2 POSSUM CR,132.51,Central Desert,No mapped coverage,No mapped coverage,,,,,,,,,,No record in Mobile Coverage dataset
