ILOC_CODE_2021,Tot_p_Indig_M,Tot_p_Indig_F,Tot_p_Indig_P,Tot_p_NonInd_M,Tot_p_NonInd_F,Tot_p_NonInd_P,Tot_p_IndigStat_nsM,Tot_p_IndigStat_nsF,Tot_p_IndigStat_nsP,Tot_p_TotM,Tot_p_TotF,Tot_p_TotP,A_0_4_Indig_M,A_0_4_Indig_F,A_0_4_Indig_P,A_0_4_NonInd_M,A_0_4_NonInd_F,A_0_4_NonInd_P,A_0_4_IndigStat_nsM,A_0_4_IndigStat_nsF,A_0_4_IndigStat_nsP,A_0_4_TotM,A_0_4_TotF,A_0_4_TotP,A_5_14_Indig_M,A_5_14_Indig_F,A_5_14_Indig_P,A_5_14_NonInd_M,A_5_14_NonInd_F,A_5_14_NonInd_P,A_5_14_IndigStat_nsM,A_5_14_IndigStat_nsF,A_5_14_IndigStat_nsP,A_5_14_TotM,A_5_14_TotF,A_5_14_TotP,A_15_24_Indig_M,A_15_24_Indig_F,A_15_24_Indig_P,A_15_24_NonInd_M,A_15_24_NonInd_F,A_15_24_NonInd_P,A_15_24_IndigStat_nsM,A_15_24_IndigStat_nsF,A_15_24_IndigStat_nsP,A_15_24_TotM,A_15_24_TotF,A_15_24_TotP,A_25_44_Indig_M,A_25_44_Indig_F,A_25_44_Indig_P,A_25_44_NonInd_M,A_25_44_NonInd_F,A_25_44_NonInd_P,A_25_44_IndigStat_nsM,A_25_44_IndigStat_nsF,A_25_44_IndigStat_nsP,A_25_44_TotM,A_25_44_TotF,A_25_44_TotP,A_45_64_Indig_M,A_45_64_Indig_F,A_45_64_Indig_P,A_45_64_NonInd_M,A_45_64_NonInd_F,A_45_64_NonInd_P,A_45_64_IndigStat_nsM,A_45_64_IndigStat_nsF,A_45_64_IndigStat_nsP,A_45_64_TotM,A_45_64_TotF,A_45_64_TotP,A_65_over_Indig_M,A_65_over_Indig_F,A_65_over_Indig_P,A_65_ovr_NonInd_M,A_65_ovr_NonInd_F,A_65_ovr_NonInd_P,A_65ove_IndigStat_nsM,A_65ove_IndigStat_nsF,A_65ove_IndigStat_nsP,A_65_ovr_TotM,A_65_ovr_TotF,A_65_ovr_TotP,Cntd_CN_home_Indig_M,Cntd_CN_home_Indig_F,Cntd_CN_home_Indig_P,Cntd_CN_hme_NonInd_M,Cntd_CN_hme_NonInd_F,Cntd_CN_hme_NonInd_P,ctd_CN_hme_Indig_st_nsM,ctd_CN_hme_Indig_st_nsF,ctd_CN_hme_Indig_st_nsP,Cntd_CN_home_TotM,Cntd_CN_home_TotF,Cntd_CN_home_TotP,VfSme_SA2_Indig_M,VfSme_SA2_Indig_F,VfSme_SA2_Indig_P,VfSme_SA2_NonInd_M,VfSme_SA2_NonInd_F,VfSme_SA2_NonInd_P,VfSme_SA2_Indi_stat_nsM,VfSme_SA2_Indi_stat_nsF,VfSme_SA2_Indi_stat_nsP,VfSme_SA2_TotM,VfSme_SA2_TotF,VfSme_SA2_TotP,VfDif_SA2_NSW_Indig_M,VfDif_SA2_NSW_Indig_F,VfDif_SA2_NSW_Indig_P,VfDif_SA2_NSW_NonInd_M,VfDif_SA2_NSW_NonInd_F,VfDif_SA2_NSW_NonInd_P,VfDif_SA2_NSW_IndSt_nsM,VfDif_SA2_NSW_IndSt_nsF,VfDif_SA2_NSW_IndSt_nsP,VfDif_SA2_NSW_TotM,VfDif_SA2_NSW_TotF,VfDif_SA2_NSW_TotP,VfDif_SA2_Vic_Indig_M,VfDif_SA2_Vic_Indig_F,VfDif_SA2_Vic_Indig_P,VfDif_SA2_Vic_NonInd_M,VfDif_SA2_Vic_NonInd_F,VfDif_SA2_Vic_NonInd_P,VfDif_SA2_Vic_Ind_sta_nsM,VfDif_SA2_Vic_Ind_sta_nsF,VfDif_SA2_Vic_Ind_sta_nsP,VfDif_SA2_Vic_TotM,VfDif_SA2_Vic_TotF,VfDif_SA2_Vic_TotP,VfDif_SA2_Qld_Indig_M,VfDif_SA2_Qld_Indig_F,VfDif_SA2_Qld_Indig_P,VfDif_SA2_Qld_NonInd_M,VfDif_SA2_Qld_NonInd_F,VfDif_SA2_Qld_NonInd_P,VfDif_SA2_Qld_IndSt_nsM,VfDif_SA2_Qld_IndSt_nsF,VfDif_SA2_Qld_IndSt_nsP,VfDif_SA2_Qld_TotM,VfDif_SA2_Qld_TotF,VfDif_SA2_Qld_TotP,VfDif_SA2_SA_Indig_M,VfDif_SA2_SA_Indig_F,VfDif_SA2_SA_Indig_P,VfDif_SA2_SA_NonInd_M,VfDif_SA2_SA_NonInd_F,VfDif_SA2_SA_NonInd_P,VfDif_SA2_SA_IndSt_nsM,VfDif_SA2_SA_IndSt_nsF,VfDif_SA2_SA_IndSt_nsP,VfDif_SA2_SA_TotM,VfDif_SA2_SA_TotF,VfDif_SA2_SA_TotP,VfDif_SA2_WA_Indig_M,VfDif_SA2_WA_Indig_F,VfDif_SA2_WA_Indig_P,VfDif_SA2_WA_NonInd_M,VfDif_SA2_WA_NonInd_F,VfDif_SA2_WA_NonInd_P,VfDif_SA2_WA_IndSt_nsM,VfDif_SA2_WA_IndSt_nsF,VfDif_SA2_WA_IndSt_nsP,VfDif_SA2_WA_TotM,VfDif_SA2_WA_TotF,VfDif_SA2_WA_TotP,VfDif_SA2_Tas_Indig_M,VfDif_SA2_Tas_Indig_F,VfDif_SA2_Tas_Indig_P,VfDif_SA2_Tas_NonInd_M,VfDif_SA2_Tas_NonInd_F,VfDif_SA2_Tas_NonInd_P,VfDif_SA2_Tas_IndSt_nsM,VfDif_SA2_Tas_IndSt_nsF,VfDif_SA2_Tas_IndSt_nsP,VfDif_SA2_Tas_TotM,VfDif_SA2_Tas_TotF,VfDif_SA2_Tas_TotP,VfDif_SA2_NT_Indig_M,VfDif_SA2_NT_Indig_F,VfDif_SA2_NT_Indig_P,VfDif_SA2_NT_NonInd_M,VfDif_SA2_NT_NonInd_F,VfDif_SA2_NT_NonInd_P,VfDif_SA2_NT_IndSt_nsM,VfDif_SA2_NT_IndSt_nsF,VfDif_SA2_NT_IndSt_nsP,VfDif_SA2_NT_TotM,VfDif_SA2_NT_TotF,VfDif_SA2_NT_TotP,VfDif_SA2_ACT_Indig_M,VfDif_SA2_ACT_Indig_F,VfDif_SA2_ACT_Indig_P,VfDif_SA2_ACT_NonInd_M,VfDif_SA2_ACT_NonInd_F,VfDif_SA2_ACT_NonInd_P,VfDif_SA2_ACT_IndSt_nsM,VfDif_SA2_ACT_IndSt_nsF
ILOC70300101,80,89,168,867,872,1738,83,90,175,1027,1051,2078,11,11,17,65,53,116,3,11,14,78,72,153,17,22,40,108,105,211,16,18,31,141,140,285,15,13,23,106,71,172,13,13,34,139,95,229,18,20,37,279,308,586,22,29,54,320,356,680,16,18,39,188,208,397,13,12,29,217,237,457,9,8,12,120,124,245,7,11,18,132,148,276,73,81,155,833,836,1669,71,81,152,971,1004,1979,0,0,0,0,4,5,0,0,0,0,4,5,0,0,0,4,4,10,0,0,0,4,4,10,0,0,0,6,13,22,0,0,4,11,16,30,0,0,0,5,0,5,0,0,0,5,0,5,0,0,0,3,9,6,0,0,0,3,9,6,0,3,3,3,0,0,0,0,0,3,6,9,0,0,0,0,0,3,0,0,0,0,0,3,5,5,10,14,9,24,0,0,0,26,18,35,0,0,0,0,0,0,0,0
ILOC70300102,90,81,168,1555,1516,3067,105,85,193,1750,1676,3430,9,5,9,78,61,138,4,4,6,87,67,159,24,22,45,180,177,359,22,14,30,228,208,432,14,14,32,210,196,406,17,9,27,242,220,462,23,19,43,578,549,1130,47,32,75,642,607,1250,8,20,33,312,329,638,19,14,37,339,367,705,4,3,6,200,199,398,6,9,14,213,216,425,87,75,164,1477,1461,2943,90,73,161,1654,1613,3268,0,0,0,5,0,0,0,0,0,5,3,4,0,4,4,6,9,17,4,0,3,6,16,27,0,0,3,13,18,28,5,0,5,18,18,34,0,0,0,4,16,16,4,0,4,10,13,21,0,0,0,6,12,20,4,0,3,11,17,24,0,0,0,7,13,24,0,0,0,8,13,21,0,0,0,0,0,0,0,0,0,0,0,0,41,68,112,24,24,50,5,5,5,69,98,171,0,0,0,0,5,5,0,0
ILOC70300201,146,163,313,921,965,1886,92,97,186,1157,1222,2385,19,16,36,58,64,123,11,10,15,90,83,176,42,37,74,128,128,257,14,19,30,177,181,361,32,18,51,105,103,208,3,12,20,141,129,273,26,41,68,225,285,517,21,25,52,281,357,633,27,36,64,272,264,536,24,19,46,323,319,640,9,14,23,122,123,248,7,13,18,138,149,292,139,157,293,877,925,1807,63,83,148,1082,1164,2246,0,0,0,0,0,0,0,0,0,3,0,3,0,0,0,0,0,0,0,0,0,0,0,0,0,0,0,12,7,22,0,0,0,12,13,22,0,0,0,4,0,6,0,0,0,4,0,6,0,0,0,9,0,11,0,0,0,9,4,7,0,0,0,6,6,11,0,0,0,6,5,9,0,0,0,0,3,3,0,0,0,0,3,3,5,4,12,5,7,12,0,0,0,9,8,23,0,0,0,0,0,0,0,0
ILOC70300202,162,203,366,959,954,1912,119,113,232,1242,1269,2510,28,28,52,50,66,118,12,9,18,86,98,186,52,52,103,170,131,302,23,30,48,239,211,450,21,27,47,135,82,219,16,11,27,169,121,289,42,47,93,225,295,519,34,36,68,303,373,675,22,35,54,265,261,526,26,23,49,315,321,634,3,24,21,115,122,230,9,6,19,128,146,273,155,201,357,903,916,1824,96,103,196,1151,1220,2375,0,0,0,5,3,5,0,0,0,5,3,5,0,0,0,3,0,0,0,0,0,3,0,0,0,4,4,0,8,9,0,0,0,0,8,10,0,0,0,7,5,10,5,0,3,5,6,15,0,0,0,4,8,11,0,0,0,4,8,11,0,0,0,0,0,0,0,0,0,0,0,0,0,0,0,0,0,0,0,0,0,0,0,0,11,5,16,24,24,45,0,3,3,35,27,59,0,0,0,0,3,5,0,0
ILOC70300301,87,103,194,0,0,0,0,0,0,95,106,196,3,9,11,0,0,0,0,0,0,3,9,11,22,18,39,0,0,0,0,0,0,22,18,39,23,18,41,0,0,0,0,0,0,23,18,41,21,34,60,0,0,0,0,0,0,21,34,60,7,23,36,0,0,0,0,0,0,13,26,34,5,4,12,0,0,0,0,0,0,5,4,12,87,105,189,0,0,0,0,0,0,95,106,193,0,0,0,0,0,0,0,0,0,0,0,0,0,0,0,0,0,0,0,0,0,0,0,0,0,0,0,0,0,0,0,0,0,0,0,0,0,0,0,0,0,0,0,0,0,0,0,0,0,0,0,0,0,0,0,0,0,0,0,0,0,0,0,0,0,0,0,0,0,0,0,0,0,0,0,0,0,0,0,0,0,0,0,0,0,0,0,0,0,0,0,0,0,0,0,0,0,0,0,0,0,0,0,0
ILOC70300302,133,179,309,1584,1638,3223,116,140,258,1839,1953,3791,10,21,32,115,112,226,12,11,18,135,137,280,12,29,38,119,139,255,3,11,20,137,174,310,22,29,54,164,170,331,13,15,25,195,215,409,45,47,88,632,654,1283,46,62,112,721,761,1485,36,35,73,366,350,717,26,33,59,431,417,848,7,19,26,191,222,409,13,8,21,216,245,463,126,158,290,1512,1561,3071,96,114,206,1736,1837,3572,0,0,0,0,0,0,0,0,0,0,0,0,0,0,0,11,9,18,0,0,0,14,13,20,0,0,0,27,26,52,0,0,4,28,26,56,3,0,3,12,3,15,3,0,3,17,7,17,0,0,0,12,13,24,0,0,3,17,16,33,0,0,0,5,18,24,3,0,6,13,18,26,0,0,0,5,4,9,0,0,3,10,9,11,10,16,30,23,27,51,0,4,9,36,46,84,0,0,0,3,0,6,0,0
ILOC70300303,17,14,33,3,0,3,0,0,0,23,15,39,3,0,3,0,0,0,0,0,0,3,0,3,0,8,8,0,0,0,0,0,0,0,8,8,4,0,4,0,0,0,0,0,0,4,0,4,3,11,16,0,0,0,0,0,0,4,11,18,6,0,6,0,0,0,0,0,0,9,0,6,0,0,0,3,0,3,0,0,0,3,0,3,17,14,33,3,0,3,0,0,0,23,15,39,0,0,0,0,0,0,0,0,0,0,0,0,0,0,0,0,0,0,0,0,0,0,0,0,0,0,0,0,0,0,0,0,0,0,0,0,0,0,0,0,0,0,0,0,0,0,0,0,0,0,0,0,0,0,0,0,0,0,0,0,0,0,0,0,0,0,0,0,0,0,0,0,0,0,0,0,0,0,0,0,0,0,0,0,0,0,0,0,0,0,0,0,0,0,0,0,0,0,0,0,0,0,0,0
ILOC70300304,72,67,145,185,175,362,10,15,26,271,264,535,9,5,12,12,4,16,0,0,0,22,3,30,13,9,20,21,16,33,0,0,0,31,27,56,6,5,8,13,11,25,0,3,3,17,18,41,19,17,35,42,59,103,5,5,5,65,75,142,9,25,35,55,48,111,6,7,6,72,75,148,21,16,38,32,34,72,4,6,7,55,58,117,75,65,142,176,173,349,8,11,19,254,251,503,0,0,0,0,0,0,0,0,0,0,0,0,0,0,0,0,0,0,0,0,0,0,0,0,0,0,0,0,0,0,0,0,0,0,0,0,0,0,0,0,0,0,0,0,0,0,0,0,0,0,0,0,0,4,0,0,0,0,0,4,0,0,0,0,3,5,0,0,0,0,3,5,0,0,0,0,0,0,0,0,0,0,0,0,5,4,11,23,4,32,0,0,0,33,14,40,0,0,0,0,0,0,0,0
ILOC70300401,70,77,140,262,251,517,111,87,198,443,416,853,3,13,14,12,11,15,0,0,0,17,23,32,16,16,32,23,13,37,12,5,18,47,42,86,6,10,11,14,17,31,3,6,10,27,32,54,16,16,33,35,43,79,27,16,43,79,79,155,17,17,34,99,101,201,33,38,72,155,157,312,9,4,11,82,62,144,31,22,52,122,90,213,62,71,135,242,238,479,100,84,181,402,389,798,0,0,0,0,0,0,0,0,0,0,0,0,0,0,0,35,34,75,8,5,12,46,46,86,0,0,0,88,87,174,28,21,49,112,107,219,0,0,0,43,30,70,11,14,27,54,39,99,0,0,0,46,40,87,5,9,9,52,49,100,0,0,3,49,38,85,7,13,22,60,60,120,0,0,0,4,3,7,0,0,0,4,3,10,4,3,9,27,30,59,10,15,20,45,51,92,0,0,0,9,4,10,4,3
ILOC70300402,50,62,113,92,75,166,48,43,94,193,184,371,3,9,8,7,0,8,8,5,10,17,12,26,13,14,26,6,5,13,7,9,12,25,23,53,8,8,13,7,6,9,6,8,11,17,21,30,10,16,28,15,16,32,5,17,23,29,42,79,15,19,39,29,23,58,16,8,26,68,53,116,5,6,11,30,18,49,6,8,12,38,26,67,44,58,105,84,65,147,43,44,87,172,166,341,5,0,5,0,0,0,0,0,0,5,0,5,4,0,4,0,4,5,0,0,0,7,4,7,0,0,0,17,17,32,9,9,15,26,23,53,0,0,0,11,7,21,5,3,9,20,10,30,0,0,0,18,22,37,9,7,11,28,29,52,0,0,0,18,17,30,7,5,11,23,17,43,0,0,0,5,0,3,0,0,4,3,6,7,4,13,18,3,0,4,8,5,10,13,18,27,0,0,0,0,0,0,0,0
ILOC70300403,74,73,150,0,0,0,0,0,0,74,77,149,5,6,6,0,0,0,0,0,0,5,6,6,9,8,16,0,0,0,0,0,0,9,8,16,19,8,26,0,0,0,0,0,0,19,8,26,25,26,51,0,0,0,0,0,0,25,26,51,19,22,41,0,0,0,0,0,0,19,22,41,4,0,7,0,0,0,0,0,0,4,4,9,75,71,150,0,0,0,0,0,0,75,72,150,0,0,0,0,0,0,0,0,0,0,0,0,0,0,0,0,0,0,0,0,0,0,0,0,0,0,0,0,0,0,0,0,0,0,0,0,0,0,0,0,0,0,0,0,0,0,0,0,0,0,0,0,0,0,0,0,0,0,0,0,0,0,0,0,0,0,0,0,0,0,0,0,0,0,0,0,0,0,0,0,0,0,0,0,0,0,0,0,0,0,0,0,0,0,0,0,0,0,0,0,0,0,0,0
ILOC70300404,59,72,132,455,357,811,93,74,163,607,505,1106,3,0,3,15,4,15,0,0,3,18,5,29,8,14,21,32,24,54,4,12,11,49,46,87,8,9,10,17,15,28,3,5,5,25,21,47,16,7,26,38,54,94,16,15,30,71,79,152,21,21,48,183,161,339,38,23,57,238,206,449,7,21,27,167,99,266,29,24,47,201,142,345,53,59,117,408,335,739,75,63,140,529,461,988,0,0,3,3,0,3,0,0,0,3,0,3,0,0,0,35,31,63,12,8,16,39,44,81,0,0,0,85,112,201,20,32,54,115,140,254,0,0,0,46,43,91,12,14,22,60,55,118,0,0,0,45,41,81,3,11,22,48,53,105,0,3,4,35,27,69,11,12,25,50,41,92,0,0,0,3,7,12,0,0,3,3,8,13,6,3,4,48,57,109,6,17,29,69,76,145,0,0,0,0,0,0,0,0
ILOC70300501,133,120,249,3229,2875,6100,441,351,794,3806,3345,7149,10,5,14,112,110,219,6,14,18,130,130,258,5,9,14,154,139,293,16,24,39,179,168,342,16,18,33,352,331,682,46,50,96,414,401,813,63,49,111,1636,1552,3182,218,192,402,1908,1792,3697,31,21,55,726,572,1295,117,64,180,877,656,1533,8,10,23,249,173,423,40,17,58,299,201,501,117,107,227,3011,2734,5746,322,286,610,3457,3126,6580,0,0,0,0,5,3,0,0,0,0,5,3,0,0,0,117,80,194,62,47,112,177,127,306,3,4,8,425,483,910,214,223,434,646,708,1351,6,3,11,211,125,336,102,60,166,326,188,512,3,5,5,307,302,616,142,138,288,456,448,902,4,3,5,275,283,554,137,148,289,419,431,851,0,0,0,24,31,54,15,21,33,40,51,91,55,52,104,100,118,222,46,71,122,202,240,444,0,4,3,56,56,110,39,33
ILOC70300502,121,155,271,2426,2619,5048,180,186,371,2728,2962,5688,12,8,17,151,127,278,13,9,17,178,143,320,21,24,41,272,263,534,8,8,19,298,296,595,15,26,44,200,247,450,11,18,26,229,287,518,40,47,81,813,985,1802,50,60,114,902,1090,1989,21,40,62,611,641,1249,47,29,83,679,712,1389,14,9,20,381,357,733,53,59,114,444,430,873,112,141,256,2310,2488,4805,141,153,301,2567,2790,5359,0,0,3,11,6,10,0,0,0,11,3,15,0,0,0,20,21,44,0,3,7,26,21,47,0,5,5,59,64,117,6,0,6,60,67,131,0,0,0,30,32,57,0,0,3,31,31,60,0,0,4,30,33,67,0,0,5,34,36,69,0,0,0,32,24,54,3,3,5,33,27,60,0,0,0,0,0,0,0,0,0,0,0,0,16,12,30,49,49,95,5,0,5,68,59,131,0,0,0,7,5,12,0,0
ILOC70300503,81,86,174,2081,1943,4025,293,177,470,2461,2205,4668,4,5,12,115,117,234,8,5,14,129,131,261,12,13,21,180,174,357,9,5,15,200,189,389,31,24,57,238,185,422,89,44,133,361,251,612,18,26,45,857,877,1737,121,81,202,1000,982,1983,18,13,31,453,410,865,52,37,84,525,463,986,3,3,8,231,177,411,14,8,22,250,191,444,66,85,147,1907,1852,3761,228,150,376,2206,2075,4291,0,0,0,22,4,26,20,0,19,39,3,43,0,0,0,28,28,59,20,15,33,51,46,95,0,0,0,82,93,180,34,32,70,125,120,250,0,0,0,23,26,54,11,3,18,43,30,74,0,0,0,31,24,49,13,5,25,45,30,73,4,0,3,43,59,100,15,23,38,61,85,146,0,0,4,10,10,18,6,4,10,13,13,31,44,56,109,104,46,144,77,33,106,226,136,357,0,0,0,0,3,4,0,0
ILOC70300504,108,148,261,3055,3032,6085,235,176,415,3401,3356,6758,18,6,24,154,148,299,6,3,18,178,157,342,6,26,32,306,313,618,19,15,29,334,346,683,24,35,60,352,335,692,19,21,40,401,389,789,33,52,92,1213,1295,2510,109,74,185,1366,1423,2782,21,24,43,773,732,1503,57,49,111,849,803,1655,0,9,12,253,208,464,21,12,34,275,232,508,103,133,234,2877,2876,5754,166,138,304,3142,3146,6291,0,0,0,9,0,13,0,0,0,9,0,13,0,0,0,10,16,28,0,0,4,14,17,28,0,5,3,35,28,64,0,0,0,32,32,70,0,0,0,15,13,25,0,0,0,16,13,28,0,0,0,37,33,65,0,0,0,36,33,67,0,0,0,26,33,59,0,0,4,31,34,63,0,0,0,4,4,5,0,0,0,5,3,11,35,24,55,42,41,90,3,0,3,78,66,145,0,0,0,3,5,10,0,0
ILOC70300601,431,476,904,1751,1792,3540,177,182,358,2359,2448,4803,63,42,110,100,113,215,4,13,16,166,172,338,125,93,220,229,229,462,40,31,73,395,355,750,84,96,174,242,216,456,23,25,48,350,330,678,96,121,215,473,521,1000,45,51,102,620,698,1315,51,108,155,497,486,985,45,41,89,596,632,1227,13,21,30,212,227,434,12,15,32,234,263,499,412,441,859,1689,1721,3412,155,166,324,2264,2329,4597,0,4,6,3,4,8,0,0,0,7,8,18,0,0,0,9,8,16,0,0,0,9,7,17,0,0,0,14,13,30,0,0,0,14,17,29,4,0,4,10,7,15,0,0,0,13,10,20,0,6,6,9,4,14,0,0,0,14,15,25,0,8,10,8,7,16,0,3,3,8,15,28,0,0,0,0,0,0,0,0,0,0,0,0,21,16,42,14,30,48,0,4,4,41,53,89,0,0,0,0,0,0,0,0
ILOC70300701,51,55,106,286,285,566,67,57,118,405,395,799,0,5,4,13,19,32,0,7,7,14,25,41,12,14,23,45,33,80,12,7,12,67,58,121,6,11,20,28,22,51,4,11,12,40,40,86,21,11,27,87,88,171,17,14,33,120,114,232,11,11,21,88,90,182,24,20,50,129,122,246,0,3,7,30,29,57,6,0,12,36,37,73,51,52,101,268,275,543,61,48,110,379,375,754,0,0,0,0,0,4,0,0,0,0,4,5,0,0,0,0,0,0,0,0,0,0,0,0,0,0,0,3,3,13,0,0,3,9,7,14,0,0,0,5,5,8,0,0,0,5,3,4,0,0,0,0,4,4,0,3,3,0,4,4,0,0,0,0,0,5,0,0,0,0,0,5,0,0,0,0,0,4,0,0,0,0,0,4,0,0,0,5,6,8,0,0,0,5,6,12,0,0,0,0,0,0,0,0
ILOC70300702,127,133,262,1342,1312,2656,158,126,279,1623,1570,3197,14,13,26,67,57,122,7,7,16,83,80,162,21,36,57,145,163,308,17,17,33,191,207,397,31,18,53,159,150,307,15,10,24,205,182,382,25,28,56,322,349,670,45,36,84,392,416,815,27,25,49,419,414,834,46,36,84,498,473,967,5,9,16,219,190,411,26,19,39,253,217,467,126,128,250,1272,1271,2542,124,117,238,1520,1511,3032,0,0,0,3,7,12,0,0,0,3,7,12,0,0,0,48,50,98,12,12,28,60,63,128,0,0,6,66,76,149,20,28,46,92,105,192,0,0,0,34,22,50,5,0,7,40,21,60,0,0,0,40,39,81,5,4,8,48,44,93,0,0,0,27,28,54,12,5,20,43,33,75,0,0,0,9,5,15,4,5,9,7,9,16,3,0,8,48,44,96,18,17,36,76,68,139,0,0,0,8,3,8,0,4
ILOC70300703,105,119,225,1073,923,1990,255,197,451,1433,1236,2675,18,10,31,61,47,110,11,11,22,84,70,156,20,18,40,139,142,281,37,36,76,198,195,395,20,22,43,92,62,156,29,21,50,137,107,251,24,33,61,263,253,519,66,54,114,349,340,692,13,28,41,362,287,653,93,56,147,470,377,849,10,3,15,162,121,281,23,20,43,190,146,338,98,117,218,993,875,1866,217,179,401,1310,1176,2486,0,0,0,7,0,6,0,0,0,3,0,3,0,0,0,55,40,91,6,6,9,59,43,103,0,0,0,61,68,133,12,14,20,75,79,159,0,0,0,29,40,66,11,11,18,42,42,82,0,0,0,41,35,79,8,9,14,46,37,92,0,0,0,31,22,53,3,3,8,35,24,62,0,0,0,8,3,13,0,4,4,3,10,15,3,3,6,70,37,106,4,7,15,77,56,129,0,0,0,0,3,9,0,0
ILOC70300704,1011,256,1269,2397,1750,4145,191,145,337,3603,2156,5751,17,16,33,97,81,181,6,6,18,120,109,227,30,47,85,197,211,414,13,20,34,245,285,531,212,40,253,462,216,680,25,10,39,697,270,971,569,90,662,676,440,1118,53,40,93,1298,573,1874,164,52,217,664,557,1225,73,44,120,904,651,1563,13,12,26,295,233,531,21,17,39,327,263,589,993,243,1242,2241,1673,3913,130,128,259,3366,2047,5404,5,0,0,42,15,53,0,0,4,46,19,60,20,17,38,282,235,521,233,209,441,536,456,995,3,0,7,315,323,636,170,200,365,486,524,1010,4,3,3,196,137,330,111,107,215,312,243,552,4,0,4,233,152,378,38,48,85,274,195,466,8,4,9,126,121,247,81,85,165,210,216,423,5,0,4,14,14,32,8,10,17,23,27,50,30,29,61,297,211,509,165,140,303,486,382,873,0,0,0,16,3,20,4,8
ILOC70300705,334,340,672,3640,3428,7066,407,344,755,4385,4113,8494,29,34,58,216,195,416,22,21,44,262,248,514,79,81,163,514,470,985,43,58,101,637,608,1248,60,43,105,381,352,733,46,40,83,487,433,921,89,75,160,867,965,1830,108,91,201,1066,1126,2193,66,77,139,1174,1070,2244,135,99,236,1371,1244,2617,17,28,44,484,380,861,58,39,96,554,440,1000,307,321,627,3432,3282,6718,301,311,604,4043,3917,7950,0,0,0,12,12,22,0,0,0,15,12,26,0,0,0,40,40,80,20,13,32,60,49,110,3,0,3,61,53,112,15,13,31,83,64,148,0,0,0,53,45,93,13,0,14,68,51,113,0,0,0,48,47,97,6,5,7,59,48,108,0,0,4,26,27,55,17,10,23,48,32,81,0,0,0,4,7,9,0,0,0,4,7,9,11,4,10,51,52,107,15,11,25,74,71,150,0,0,0,5,0,0,5,0
ILOC70300706,53,62,113,185,166,354,13,18,31,252,249,498,5,7,15,8,5,15,0,0,0,16,15,25,13,11,26,17,22,37,0,0,0,29,32,64,5,7,16,20,23,39,3,3,10,33,34,69,19,17,32,62,47,106,0,4,4,76,68,148,5,11,19,54,55,107,4,8,13,61,74,137,6,0,4,26,19,44,0,4,9,29,22,51,52,56,110,176,161,336,13,15,24,234,233,469,0,0,0,0,0,0,0,0,0,0,0,0,0,0,0,0,0,6,0,0,0,0,0,6,0,0,0,7,9,16,0,0,0,7,9,16,0,0,0,0,0,4,0,0,0,0,0,9,0,0,0,0,3,6,0,0,0,0,3,6,0,0,0,0,0,0,0,0,0,0,0,0,0,0,0,0,0,0,0,0,0,0,0,0,0,6,5,13,7,25,0,0,0,18,13,30,0,0,0,0,0,0,0,0
ILOC70300801,302,382,689,1066,1059,2130,95,99,200,1466,1545,3013,31,45,81,51,54,99,0,13,13,80,110,194,91,69,159,156,145,300,12,12,26,263,233,491,56,63,116,125,121,243,6,11,24,187,193,384,69,105,174,296,290,585,40,41,80,402,435,836,53,81,128,275,305,583,24,20,47,349,405,759,9,21,26,168,148,314,8,8,10,184,174,356,292,375,664,1026,1032,2057,88,87,175,1399,1490,2892,0,0,0,3,0,6,0,0,0,3,0,6,0,0,0,6,6,5,0,0,0,3,6,7,0,0,0,6,6,8,0,0,0,7,6,9,0,0,0,7,5,12,0,0,4,6,5,13,0,4,4,9,4,16,0,0,0,9,12,19,0,0,0,7,7,10,0,0,0,7,9,11,0,0,0,0,0,0,0,0,0,0,0,0,42,45,83,14,11,20,20,8,36,71,69,142,0,0,0,0,0,0,0,0
ILOC70300901,230,250,478,1464,1341,2806,199,199,399,1893,1791,3680,22,19,41,97,83,180,11,7,17,129,106,235,45,51,92,133,148,280,22,33,56,201,234,431,45,48,87,150,122,273,19,22,47,222,198,416,51,57,107,457,468,925,71,56,125,572,579,1154,57,69,123,395,337,726,61,54,119,511,461,974,13,11,29,229,189,417,19,18,41,259,221,485,201,227,428,1383,1284,2669,157,173,331,1748,1687,3430,3,10,12,4,0,0,0,0,0,5,9,16,0,0,0,94,77,178,30,13,40,123,93,217,0,0,0,199,186,383,59,45,100,261,230,482,14,0,13,131,98,230,46,28,76,186,131,318,0,5,3,109,91,200,31,22,53,139,116,260,3,4,3,120,85,201,38,27,64,157,113,276,0,0,0,24,16,36,3,4,10,26,25,49,152,204,350,123,103,225,60,86,142,333,389,717,0,0,0,21,14,39,7,3
ILOC70301001,111,126,228,740,781,1520,48,38,89,900,943,1841,17,8,24,48,53,103,8,3,7,62,71,132,36,32,61,106,108,218,0,4,9,144,145,286,27,27,57,80,69,151,3,3,8,120,102,220,17,30,46,204,249,452,22,12,36,235,292,530,12,17,25,198,201,397,11,5,20,221,221,447,8,6,12,97,97,201,7,9,8,110,112,219,105,115,220,705,749,1451,27,29,57,833,894,1729,0,3,6,0,0,0,0,0,0,0,3,6,0,0,0,3,3,10,0,0,0,3,3,13,0,3,5,19,23,39,5,0,4,20,23,46,0,0,0,16,9,22,0,0,0,14,9,25,0,0,0,19,10,31,4,0,4,23,11,36,0,0,0,10,9,18,0,0,0,10,9,17,0,0,0,3,0,3,0,0,0,3,0,3,5,4,9,9,8,20,0,0,0,14,14,31,0,0,0,0,3,8,0,0
ILOC70301002,106,116,225,1027,1116,2145,102,105,205,1236,1337,2576,8,7,23,80,62,141,4,3,12,93,76,172,18,16,34,102,109,214,10,21,25,133,147,276,21,20,39,105,102,206,11,5,17,136,134,272,28,28,54,372,415,785,39,34,68,430,479,908,29,26,57,246,262,512,36,28,60,312,321,630,8,11,16,125,158,286,7,11,18,142,180,317,105,105,209,982,1065,2044,81,86,173,1166,1259,2430,0,0,0,4,9,11,0,0,0,4,9,11,0,0,0,4,4,14,0,0,0,8,4,10,0,0,0,14,9,22,0,0,0,14,9,22,0,0,0,4,5,6,0,0,0,3,5,7,0,4,4,4,0,11,0,0,0,4,7,10,0,0,0,3,3,12,0,0,0,3,9,12,0,0,0,0,0,5,0,0,0,0,0,5,5,5,15,6,19,27,0,0,0,16,24,40,0,0,0,3,0,0,0,0
ILOC70301101,93,101,192,825,859,1680,74,44,122,994,1001,2000,14,13,24,43,55,101,0,9,6,56,75,134,26,26,53,129,116,244,10,8,18,164,150,316,14,16,28,105,105,206,7,6,10,123,125,248,23,19,42,222,248,472,21,16,32,266,283,550,17,15,34,198,213,414,29,12,34,244,235,486,4,7,13,131,115,247,7,7,11,138,133,270,91,93,188,789,830,1620,55,42,100,946,962,1911,0,0,0,0,0,0,0,0,0,0,0,0,0,0,0,0,0,5,0,0,0,0,0,5,0,0,0,3,10,14,0,0,0,4,10,17,0,0,0,7,0,10,0,0,0,9,6,15,0,0,0,9,5,9,0,0,0,9,5,9,0,0,0,0,0,0,0,0,0,0,0,0,0,0,0,0,0,0,0,0,0,0,0,0,3,5,9,20,20,37,0,0,0,23,27,48,0,0,0,0,0,0,0,0
ILOC70301102,92,105,202,881,817,1695,65,65,126,1037,984,2023,15,12,30,66,48,113,5,0,9,83,62,147,26,23,49,108,92,198,11,9,17,152,117,262,13,24,45,103,92,196,14,4,22,137,128,261,19,19,42,283,273,553,15,17,35,313,308,627,14,21,30,205,211,419,20,19,38,242,246,487,7,5,15,107,100,212,3,4,13,114,120,233,89,102,188,853,789,1649,58,57,117,1005,948,1952,0,0,0,0,0,0,0,0,0,0,0,0,0,0,0,0,3,4,0,0,0,0,3,4,0,0,0,0,3,6,0,0,0,0,4,7,0,0,0,0,0,0,0,0,0,0,0,3,0,0,0,4,0,9,0,0,0,7,7,9,0,0,0,0,4,7,0,0,0,0,4,7,0,0,0,0,0,0,0,0,0,0,0,0,3,0,3,10,5,11,0,0,0,6,9,14,0,0,0,0,0,0,0,0
ILOC70301103,72,103,170,780,731,1512,75,78,151,928,910,1836,4,10,11,35,37,76,4,5,9,47,47,97,22,16,39,110,102,208,12,20,32,147,132,278,11,20,27,83,85,166,6,4,16,99,111,208,16,22,41,195,205,405,25,21,46,242,247,491,17,29,41,239,220,462,20,16,33,275,260,539,0,7,14,105,83,194,12,11,21,120,105,223,73,99,170,751,701,1453,67,68,130,882,870,1751,0,0,0,0,0,0,0,0,0,0,0,0,0,0,0,3,0,6,0,0,0,3,0,6,0,0,0,9,6,16,0,0,0,9,10,15,0,0,0,0,0,3,0,0,0,0,0,3,0,0,0,6,7,14,0,0,0,6,7,14,0,0,0,0,5,6,0,0,0,0,5,6,0,0,0,0,0,0,0,0,0,0,0,0,0,3,3,9,16,29,0,0,0,11,15,30,0,0,0,7,3,4,0,0
ILOC70301201,95,94,188,1690,1769,3460,116,114,231,1902,1978,3884,6,10,22,121,102,225,7,5,18,142,117,261,24,13,35,188,156,349,12,17,26,225,189,412,18,15,26,151,154,304,12,6,16,175,175,355,23,41,62,648,768,1413,54,49,100,728,852,1578,19,12,38,364,387,746,30,25,55,413,425,839,5,8,7,209,206,415,6,9,17,217,222,441,83,84,167,1594,1676,3269,87,90,183,1761,1855,3617,0,0,0,0,0,4,0,0,0,0,4,7,0,0,0,14,11,30,0,3,3,14,14,29,0,0,0,34,35,67,0,0,4,33,36,73,0,0,0,16,10,25,0,0,0,17,7,24,0,0,0,14,22,35,0,0,0,14,22,35,0,0,0,10,17,25,0,0,3,16,13,25,0,0,0,0,0,0,0,0,0,0,0,0,8,13,27,31,18,50,4,3,4,46,34,80,0,0,0,0,4,4,0,0
ILOC70301202,94,106,202,1444,1496,2940,72,43,119,1614,1651,3261,11,6,21,100,83,186,4,0,4,112,90,200,12,16,30,166,171,334,4,3,13,180,194,378,13,18,34,142,113,252,8,0,9,158,140,295,25,27,50,574,621,1199,28,24,48,626,673,1300,28,21,50,317,353,671,25,11,38,373,381,756,3,8,15,149,153,305,10,0,13,168,163,330,90,98,196,1375,1431,2805,47,38,81,1517,1566,3086,0,0,0,0,0,0,0,0,0,0,0,4,0,0,0,11,12,17,0,0,0,11,12,17,0,0,0,22,42,57,0,0,0,22,40,59,0,0,0,11,7,18,0,0,0,11,7,18,0,0,0,12,18,28,0,0,0,12,18,28,0,3,3,6,9,13,0,0,0,6,14,16,0,0,0,0,0,5,0,0,0,0,0,5,14,6,19,18,22,42,0,0,0,29,34,64,0,0,0,10,4,15,0,0
ILOC70301301,906,1012,1918,7512,7890,15398,690,659,1349,9103,9556,18662,137,134,269,700,724,1417,53,53,105,892,905,1796,233,250,486,1242,1194,2431,103,116,220,1576,1564,3143,152,167,314,1012,1013,2033,92,79,178,1257,1258,2517,268,294,562,2796,3161,5957,277,262,537,3342,3714,7060,93,133,223,1433,1420,2861,127,104,232,1652,1657,3309,25,41,62,326,374,701,30,43,75,376,459,837,858,953,1813,7155,7635,14793,515,587,1101,8536,9176,17707,5,0,6,6,8,8,0,0,0,9,5,15,0,3,3,15,18,33,0,0,0,15,19,36,0,0,0,46,54,100,9,0,8,53,55,108,0,3,5,29,32,61,0,4,5,30,40,73,0,3,3,28,32,64,0,0,0,28,38,65,3,0,3,28,30,61,4,0,0,32,32,66,0,0,0,3,7,11,0,0,0,3,7,11,15,21,33,91,88,184,3,10,15,115,118,232,0,0,0,10,0,7,0,0
ILOC70301302,183,204,386,1031,1095,2124,138,101,237,1350,1395,2747,15,21,39,77,70,150,9,13,14,97,104,204,47,44,93,126,154,278,21,21,48,194,223,415,31,40,73,128,121,248,18,12,34,177,177,355,43,59,104,333,399,735,58,35,94,436,492,931,36,35,70,272,261,536,19,14,33,329,310,634,6,7,12,96,90,183,9,3,15,107,97,205,170,191,367,968,1053,2021,109,95,207,1247,1342,2590,0,0,0,3,0,0,0,0,0,3,0,0,0,0,0,0,0,0,0,0,0,0,0,5,0,0,0,0,3,11,0,0,0,0,7,7,0,0,0,6,7,18,0,0,0,8,7,15,0,0,0,3,4,7,0,0,3,4,3,6,0,0,0,0,0,0,0,0,0,0,0,6,0,0,0,0,0,0,0,0,0,0,0,0,8,9,15,7,10,21,0,0,0,17,19,40,0,0,0,0,0,0,0,0
ILOC70301303,230,255,481,2760,2777,5536,198,175,372,3186,3207,6389,28,33,59,272,237,508,10,18,29,312,283,597,52,62,113,426,412,836,17,33,46,492,507,995,36,41,83,321,293,610,26,14,38,382,349,727,71,78,143,914,1005,1921,76,62,138,1059,1141,2205,33,36,67,610,607,1221,51,33,90,699,672,1371,11,15,28,215,219,439,11,13,25,241,256,496,209,240,445,2638,2678,5318,131,135,263,2980,3050,6028,0,0,0,3,3,5,0,0,3,3,4,3,0,0,0,13,10,23,6,0,7,17,10,32,0,0,0,23,21,42,9,3,10,33,23,51,3,0,0,50,24,69,28,3,34,82,28,106,0,0,0,34,32,63,19,9,26,55,45,95,0,0,0,31,19,54,18,5,26,53,22,78,0,0,0,7,3,12,7,4,9,13,4,17,35,27,57,51,42,94,15,6,23,92,72,169,0,0,0,0,4,4,0,0
ILOC70301304,318,351,667,1080,1020,2096,221,158,378,1615,1527,3142,35,37,75,66,66,128,12,11,24,112,112,226,72,67,143,139,127,267,51,29,77,265,226,494,56,45,98,118,109,226,29,24,51,205,182,379,72,89,166,308,322,625,63,55,115,441,466,909,58,82,144,312,284,595,61,28,91,431,396,825,19,20,44,134,116,255,13,11,18,170,147,310,307,333,635,1019,983,2003,188,152,344,1512,1467,2983,0,0,0,5,0,5,0,0,0,5,0,5,0,0,0,0,3,5,0,0,0,0,3,5,0,0,0,5,4,8,0,0,0,5,4,8,0,0,0,0,0,0,0,0,0,0,0,3,0,0,0,3,6,16,0,0,0,3,4,14,0,0,0,0,3,7,0,0,0,0,5,7,0,0,0,0,0,0,0,0,0,0,0,0,25,28,57,22,13,36,0,0,0,46,44,94,0,0,0,0,0,0,0,0
ILOC70301305,342,391,736,908,867,1775,281,266,544,1539,1521,3053,44,41,85,55,60,116,22,16,38,126,119,241,101,97,196,140,97,239,65,45,109,298,239,540,60,69,132,95,96,193,39,37,72,193,202,398,73,111,187,237,268,505,84,94,178,399,474,871,48,57,104,270,233,510,61,56,113,383,343,723,13,19,36,105,107,214,14,17,30,134,144,275,316,365,683,865,836,1707,252,245,494,1440,1444,2881,0,0,0,6,0,5,0,0,0,6,0,5,0,0,0,0,3,3,0,0,0,4,0,3,0,0,0,0,6,9,4,3,3,5,6,11,0,0,0,0,6,4,0,0,0,4,5,7,0,0,0,5,3,8,0,0,0,5,3,8,0,0,0,0,0,0,0,0,0,0,3,3,0,0,0,0,0,0,0,0,0,0,0,0,12,17,29,13,0,13,5,4,10,32,20,53,0,0,0,0,4,3,0,0
ILOC70301306,36,35,66,0,0,0,0,0,0,39,35,65,0,4,4,0,0,0,0,0,0,0,4,4,0,4,10,0,0,0,0,0,0,0,4,10,4,4,12,0,0,0,0,0,0,4,4,12,24,5,29,0,0,0,0,0,0,24,5,29,0,8,13,0,0,0,0,0,0,0,8,13,0,0,0,0,0,0,0,0,0,0,0,3,36,28,66,0,0,0,0,0,0,39,28,67,0,0,0,0,0,0,0,0,0,0,0,0,0,0,0,0,0,0,0,0,0,0,0,0,0,0,0,0,0,0,0,0,0,0,0,0,0,0,0,0,0,0,0,0,0,0,0,0,0,0,0,0,0,0,0,0,0,0,0,0,0,0,0,0,0,0,0,0,0,0,0,0,0,0,0,0,0,0,0,0,0,0,0,0,0,0,0,0,0,0,0,0,0,0,0,0,0,0,0,0,0,0,0,0
ILOC70301307,283,303,585,1172,1134,2306,151,132,281,1615,1567,3175,27,19,52,88,86,174,18,10,27,138,114,255,85,57,141,169,143,312,21,20,44,274,218,494,49,49,103,157,116,275,15,10,24,217,176,395,64,91,152,341,381,725,58,47,103,465,513,977,55,71,126,304,304,609,28,33,64,384,408,797,0,13,12,116,108,225,11,10,26,132,130,261,266,286,557,1111,1088,2198,129,122,250,1511,1497,3005,0,0,0,0,0,3,0,0,0,0,0,3,0,0,0,3,3,9,0,0,0,3,3,9,0,0,0,7,8,18,0,0,0,4,8,15,0,0,0,10,12,21,0,0,0,10,19,23,0,0,0,3,0,9,0,0,4,4,4,10,0,4,5,0,0,0,0,0,0,0,4,5,0,0,0,0,0,0,0,0,0,0,0,0,24,11,32,22,8,31,6,0,3,42,21,66,0,0,0,0,0,0,0,0
ILOC70301401,324,313,645,4621,4700,9321,346,295,637,5290,5315,10601,48,47,102,390,364,757,20,20,43,466,438,900,81,68,142,772,744,1513,60,34,96,906,839,1753,69,65,132,506,484,993,43,35,79,622,584,1205,73,67,140,1585,1727,3308,117,108,227,1770,1906,3681,45,57,100,977,1012,1989,74,68,138,1093,1135,2225,14,16,35,386,367,755,32,28,60,434,413,853,303,294,600,4396,4563,8960,257,258,519,4961,5116,10075,0,0,0,6,4,5,0,0,0,6,5,8,0,0,0,44,48,99,0,5,9,50,57,105,0,0,0,93,85,174,8,4,15,98,87,193,0,0,0,59,69,128,4,7,8,65,73,139,0,0,0,69,74,147,4,5,12,77,80,158,0,0,5,39,46,78,0,3,4,39,48,87,0,0,0,6,8,15,0,0,0,6,8,15,19,17,40,65,77,140,8,3,10,87,108,193,0,0,0,5,4,8,0,0
ILOC70301402,117,148,262,961,1028,1990,121,141,256,1196,1315,2511,13,11,26,52,50,100,8,5,15,69,71,139,22,30,51,122,105,224,20,16,32,163,146,307,23,21,38,79,87,168,4,10,17,108,114,224,27,30,54,297,319,618,41,58,96,362,404,771,23,37,63,214,231,449,34,24,61,273,299,576,9,21,25,191,238,428,12,20,37,216,277,492,109,138,250,914,989,1905,103,128,236,1128,1262,2387,0,0,0,0,0,0,0,0,0,0,0,0,0,0,0,3,7,10,4,5,8,9,11,18,0,5,5,21,25,52,8,4,11,31,35,61,0,0,0,12,19,28,8,16,19,18,27,49,0,0,0,7,10,18,0,6,8,8,15,27,0,4,4,9,11,18,5,0,7,9,10,26,0,4,3,0,0,8,0,0,3,5,8,10,38,48,85,59,71,129,89,85,174,190,206,397,0,0,0,3,0,8,0,0
ILOC70400101,87,77,169,128,95,225,53,34,90,268,212,478,9,11,14,7,10,10,0,0,0,8,16,24,16,17,32,9,8,19,4,5,7,29,28,63,11,8,24,10,15,31,4,9,11,30,35,59,31,29,65,42,30,72,31,15,41,102,69,172,11,12,18,33,27,57,13,3,22,58,41,102,7,0,15,26,17,40,0,0,5,32,24,58,79,73,154,118,85,203,49,31,85,254,190,437,0,5,4,0,0,0,0,0,0,0,5,4,0,0,0,19,16,32,3,0,8,23,17,37,0,0,0,42,37,80,0,0,0,44,39,87,0,0,0,29,24,53,7,0,7,37,24,58,0,0,0,31,32,68,3,0,5,34,33,70,0,0,0,23,15,38,5,0,3,26,19,42,0,0,0,8,4,12,0,0,0,4,4,9,12,5,16,30,19,54,31,3,36,70,30,103,0,0,0,0,0,0,0,0
ILOC70400102,99,73,179,0,0,0,0,0,0,102,73,179,17,0,17,0,0,0,0,0,0,17,0,17,27,17,46,0,0,0,0,0,0,27,17,46,15,15,27,0,0,0,0,0,0,15,15,30,30,28,54,0,0,0,0,0,0,30,28,54,11,22,32,0,0,0,0,0,0,11,22,32,0,4,4,0,0,0,0,0,0,0,4,6,99,76,175,0,0,0,0,0,0,104,72,179,0,0,0,0,0,0,0,0,0,0,0,0,0,0,0,0,0,0,0,0,0,0,0,0,0,0,0,0,0,0,0,0,0,0,0,0,0,0,0,0,0,0,0,0,0,0,0,0,0,0,0,0,0,0,0,0,0,0,0,0,0,0,0,0,0,0,0,0,0,0,0,0,0,0,0,0,0,0,0,0,0,0,0,0,0,0,0,0,0,0,0,0,0,0,0,0,0,0,0,0,0,0,0,0
ILOC70400103,152,164,319,5,12,15,12,10,22,167,185,350,7,3,18,0,0,0,0,0,0,7,3,18,43,31,71,0,0,0,0,0,6,41,35,77,32,31,63,0,0,0,4,0,4,30,31,67,49,54,100,0,0,4,4,0,3,54,59,113,12,30,46,0,8,6,0,0,0,21,38,50,3,13,23,6,0,6,4,3,3,12,16,30,144,166,312,10,12,18,12,6,17,162,179,343,3,0,3,0,0,0,0,0,0,3,0,3,0,0,0,0,0,0,0,0,0,0,0,0,0,0,0,0,0,0,0,0,0,0,0,0,0,0,0,0,0,0,0,0,0,0,0,0,0,0,0,0,0,0,0,0,0,0,0,0,0,0,0,0,0,0,0,0,0,0,0,0,0,0,0,0,0,0,0,0,0,0,0,0,8,13,22,0,0,0,0,0,0,9,15,26,0,0,0,0,0,0,0,0
ILOC70400104,165,168,328,3,12,19,9,9,22,176,190,364,15,14,25,0,0,0,0,0,0,15,14,25,48,43,89,4,3,5,8,4,9,55,47,104,35,42,69,0,0,0,0,0,0,35,43,76,55,48,102,5,5,10,6,5,7,63,57,118,18,17,35,0,0,0,0,0,0,20,25,44,3,4,7,0,0,0,0,0,0,3,3,8,157,163,319,3,7,12,9,9,22,171,178,354,0,3,5,0,0,0,0,0,0,0,3,5,0,0,0,0,0,0,0,0,0,0,3,3,0,0,0,0,0,0,0,0,0,0,0,0,0,0,0,0,0,0,0,0,0,0,0,0,0,0,0,0,0,0,0,0,0,0,0,0,0,0,0,0,0,0,0,0,0,0,0,0,0,0,0,0,0,0,0,0,0,0,0,0,0,0,0,5,0,0,4,0,0,5,4,10,0,0,0,0,0,0,0,0
ILOC70400105,95,77,171,6,5,9,0,3,4,106,82,190,13,3,13,0,0,0,0,0,0,13,3,13,11,15,27,0,0,0,0,0,0,11,15,27,37,12,51,0,0,0,0,0,0,37,12,51,22,25,52,0,5,4,0,3,3,23,34,56,14,16,29,7,0,7,0,0,0,19,16,32,0,3,3,0,0,0,0,0,0,0,3,3,87,75,161,6,3,11,0,0,3,94,80,177,0,0,0,0,0,0,0,0,0,0,0,0,0,0,0,0,0,0,0,0,0,0,0,0,0,0,0,0,0,0,0,0,0,0,0,0,0,0,0,0,0,0,0,0,0,0,0,0,0,0,0,0,0,0,0,0,0,0,0,0,0,0,0,0,0,0,0,0,0,0,0,0,0,0,0,0,0,0,0,0,0,0,0,0,0,0,0,0,0,0,0,0,0,0,0,0,0,0,0,0,0,0,0,0
ILOC70400106,74,72,142,76,62,137,23,23,40,170,155,318,3,7,9,3,0,10,0,0,0,13,3,15,17,19,36,7,0,9,0,0,0,25,26,46,18,17,36,10,6,14,4,0,4,28,21,46,13,14,30,17,12,32,3,6,5,34,41,72,12,16,28,27,14,45,14,8,19,55,41,92,0,3,3,14,18,35,0,4,7,17,26,47,61,66,126,69,53,122,14,21,34,143,134,281,4,9,8,0,0,0,0,0,0,4,7,12,0,0,0,12,9,17,0,0,0,12,8,17,0,0,0,24,24,49,0,0,3,24,26,46,0,0,0,18,18,40,0,0,0,22,18,36,0,0,0,4,3,8,0,0,0,4,3,8,0,0,0,15,8,23,6,0,4,21,14,32,0,0,0,0,0,0,0,0,0,0,0,0,5,0,5,13,8,21,5,0,3,19,8,26,0,0,0,0,0,0,0,0
ILOC70400201,105,101,207,241,220,464,47,36,85,390,368,755,11,8,18,16,21,37,0,0,0,30,32,63,26,21,50,18,25,49,4,3,12,50,56,107,19,19,43,16,17,36,0,0,7,46,36,80,24,34,53,74,92,166,16,14,28,114,133,251,15,20,33,100,64,160,16,14,33,139,94,231,0,8,4,12,4,18,4,3,8,15,13,30,90,90,181,229,208,441,47,37,77,369,336,700,0,0,0,0,0,0,0,0,0,0,3,4,0,0,0,35,37,76,5,11,13,42,50,90,0,0,0,109,97,209,38,23,58,143,121,265,5,0,5,37,37,70,16,10,26,52,48,102,0,0,0,33,31,63,12,18,30,49,49,95,0,0,0,29,37,67,10,6,22,39,42,82,0,0,0,5,5,9,3,4,6,10,5,16,3,5,3,103,41,140,23,14,37,128,56,183,0,0,0,3,7,13,0,3
ILOC70400202,104,101,206,340,252,587,93,78,178,545,432,976,4,5,14,15,15,31,3,0,3,26,22,47,11,18,30,22,25,50,12,8,19,45,49,97,21,18,35,31,23,60,11,9,20,69,48,112,22,26,53,77,77,154,19,23,39,125,124,243,33,35,66,128,87,212,35,28,70,198,149,349,6,5,11,64,27,91,17,10,26,81,44,127,98,101,201,312,244,558,88,84,172,503,418,924,0,0,0,0,0,0,0,0,0,0,0,0,0,0,0,48,39,93,16,17,36,65,64,131,3,0,7,106,115,219,48,59,117,154,177,339,4,4,8,54,60,118,28,25,56,86,91,174,0,0,0,55,61,118,29,31,59,82,95,178,0,0,0,41,46,87,28,29,59,68,81,144,0,0,0,5,9,12,0,0,3,10,8,16,9,14,23,43,34,82,27,26,58,85,77,158,0,0,0,4,9,17,5,5
ILOC70400203,12,10,21,0,0,0,0,0,0,12,10,21,0,0,0,0,0,0,0,0,0,0,0,0,3,6,0,0,0,0,0,0,0,3,6,0,0,0,0,0,0,0,0,0,0,0,0,0,0,3,6,0,0,0,0,0,0,0,3,6,3,3,10,0,0,0,0,0,0,3,3,10,0,0,0,0,0,0,0,0,0,0,0,0,12,10,21,0,0,0,0,0,0,12,10,21,0,0,0,0,0,0,0,0,0,0,0,0,0,0,0,0,0,0,0,0,0,0,0,0,0,0,0,0,0,0,0,0,0,0,0,0,0,0,0,0,0,0,0,0,0,0,0,0,0,0,0,0,0,0,0,0,0,0,0,0,0,0,0,0,0,0,0,0,0,0,0,0,0,0,0,0,0,0,0,0,0,0,0,0,0,0,0,0,0,0,0,0,0,0,0,0,0,0,0,0,0,0,0,0
ILOC70400301,1187,1111,2297,96,88,185,15,22,41,1296,1220,2518,86,81,168,4,3,12,6,0,6,94,89,180,232,194,426,7,5,13,0,6,8,244,198,442,264,237,495,3,0,0,0,0,4,263,235,499,381,398,778,41,43,91,5,9,17,430,450,882,201,176,385,20,30,47,7,9,10,232,211,440,27,23,51,9,3,10,0,0,6,39,33,69,1134,1048,2180,84,75,161,12,10,22,1234,1138,2364,26,27,50,0,0,0,0,0,0,28,29,54,0,0,0,0,6,6,0,0,0,0,3,6,0,0,0,0,3,8,0,0,0,5,3,5,0,0,0,0,3,4,0,0,0,5,3,11,0,0,0,0,0,0,0,0,0,0,0,0,0,0,0,0,0,0,0,0,0,0,7,7,0,0,0,0,0,3,0,0,0,0,0,3,43,46,91,15,4,22,8,0,8,65,52,118,0,0,0,0,0,0,0,0
ILOC70400302,170,195,366,6,4,7,6,0,3,178,200,380,7,12,23,0,0,0,0,0,0,11,12,24,25,38,65,0,0,0,0,0,0,25,37,64,49,34,77,0,0,0,0,0,0,49,34,77,57,72,131,0,3,4,0,0,3,60,75,136,25,30,58,5,0,5,0,0,0,28,30,61,7,6,11,0,0,0,0,0,0,7,6,11,163,187,356,6,4,7,6,0,3,175,195,371,4,0,4,0,0,0,0,0,0,4,0,4,0,0,0,0,0,0,0,0,0,0,0,0,0,0,0,3,0,4,0,0,0,3,0,4,0,0,0,0,3,6,0,0,0,0,3,6,0,0,0,3,4,4,0,0,0,6,4,4,0,0,0,0,0,3,0,0,0,0,0,3,0,0,0,0,0,0,0,0,0,0,0,0,12,4,16,0,0,3,0,0,0,12,9,17,0,0,0,0,0,0,0,0
ILOC70400401,145,127,279,9,8,19,0,3,6,160,142,301,14,3,27,0,0,0,0,0,0,15,3,25,29,31,57,0,0,0,0,0,0,34,29,64,22,17,40,0,0,0,0,0,0,22,14,42,45,52,102,3,8,10,3,0,4,55,66,119,26,21,44,3,0,5,0,0,0,31,20,48,0,0,3,0,0,0,0,0,0,0,3,3,139,120,265,9,9,20,0,0,7,154,132,292,0,0,0,0,0,0,0,0,0,0,0,0,0,0,0,5,7,10,0,0,0,9,7,13,0,0,0,11,11,24,0,3,3,14,18,31,0,0,0,8,14,20,4,8,11,14,17,38,0,0,0,0,4,4,0,0,0,0,4,4,0,0,0,0,5,4,0,0,0,0,3,6,0,0,0,0,0,0,0,0,0,0,0,0,4,5,13,4,3,13,0,0,0,10,15,26,0,0,0,4,4,5,0,0
ILOC70400402,490,519,1008,67,47,110,26,13,37,576,579,1153,37,36,71,5,0,5,0,0,0,42,36,83,106,92,199,5,0,7,0,6,6,110,101,207,94,101,197,5,0,7,0,0,0,100,105,205,170,184,352,28,25,55,15,9,26,216,218,431,74,89,163,16,12,25,3,0,11,92,108,196,11,17,29,0,0,0,0,3,5,13,17,34,477,507,984,55,44,102,21,13,33,557,558,1115,0,6,4,0,0,0,0,0,0,0,6,9,0,0,0,0,0,0,0,0,0,0,0,0,0,0,0,3,0,3,0,0,0,3,0,3,0,0,0,0,0,0,0,0,0,4,4,0,0,0,0,12,4,11,0,0,0,11,4,12,0,0,0,0,0,0,3,0,3,0,0,0,0,0,0,0,0,0,0,0,0,0,0,0,3,5,9,0,7,7,0,0,0,4,11,16,0,0,0,0,0,0,0,0
ILOC70400403,26,33,61,0,0,0,4,8,8,31,35,69,0,3,3,0,0,0,0,0,0,0,3,3,4,7,12,0,0,0,0,0,0,3,7,10,5,5,10,0,0,0,0,0,0,5,5,10,13,13,22,0,0,0,0,3,5,9,12,24,4,5,10,0,0,0,0,0,0,4,5,9,4,0,0,0,0,0,0,0,0,4,0,0,26,28,61,0,0,0,4,0,4,31,38,63,0,0,0,0,0,0,0,0,0,0,0,0,0,0,0,0,0,0,0,0,0,0,0,0,0,0,0,0,0,0,0,0,0,0,0,0,0,0,0,0,0,0,0,0,0,0,0,0,0,0,0,0,0,0,0,0,0,0,0,0,0,0,0,0,0,0,0,0,0,0,0,0,0,0,0,0,0,0,0,0,0,0,0,0,0,0,0,0,0,0,0,0,0,4,0,4,0,0,0,0,0,0,0,0
ILOC70400404,46,42,93,0,0,0,0,0,0,49,42,90,3,3,9,0,0,0,0,0,0,3,3,9,9,6,17,0,0,0,0,0,0,9,6,17,11,10,23,0,0,0,0,0,0,11,10,23,16,15,24,0,0,0,0,0,0,15,15,26,10,8,20,0,0,0,0,0,0,10,8,20,0,0,0,0,0,0,0,0,0,0,0,0,50,45,89,0,0,0,0,0,0,44,45,92,0,0,0,0,0,0,0,0,0,0,0,0,0,0,0,0,0,0,0,0,0,0,0,0,0,0,0,0,0,0,0,0,0,0,0,0,0,0,0,0,0,0,0,0,0,0,0,0,0,0,0,0,0,0,0,0,0,0,0,0,0,0,0,0,0,0,0,0,0,0,0,0,0,0,0,0,0,0,0,0,0,0,0,0,8,6,12,0,0,0,0,0,0,8,3,11,0,0,0,0,0,0,0,0
ILOC70400405,120,117,234,12,17,26,4,0,4,131,134,265,11,10,25,0,0,3,4,0,4,18,12,25,15,28,47,0,4,3,0,0,0,20,30,46,26,19,45,0,0,0,0,0,0,28,19,50,33,31,65,0,3,7,0,0,0,34,38,74,25,23,46,6,6,9,0,0,0,29,31,55,4,3,11,0,0,0,0,0,0,11,4,13,101,104,205,12,15,21,4,0,3,118,117,236,0,0,0,0,0,0,0,0,0,0,0,0,0,0,0,0,0,0,0,0,0,0,0,0,0,0,0,0,0,0,0,0,0,0,0,0,0,0,0,0,0,0,0,0,0,0,0,0,0,0,0,0,0,4,0,0,0,0,3,0,0,0,0,0,0,0,0,0,0,0,0,0,0,0,0,0,0,0,0,0,0,0,0,0,0,0,0,0,0,0,0,0,0,0,0,0,0,0,0,0,0,0,0,0
ILOC70400406,202,189,391,14,17,28,6,8,19,222,211,432,8,17,27,0,0,3,3,0,3,9,17,33,43,38,79,0,0,0,0,0,0,45,37,82,43,45,91,0,0,0,3,0,5,50,45,93,61,51,114,3,8,11,0,0,0,61,60,119,35,30,64,8,3,8,5,0,4,40,35,78,11,11,21,0,0,0,0,0,0,13,11,24,183,178,367,14,14,27,7,6,14,205,195,405,0,0,0,0,0,0,0,0,0,0,0,0,0,0,0,0,0,0,0,0,0,0,0,0,0,0,0,0,0,0,0,0,0,0,0,0,0,0,0,0,0,0,0,0,0,0,0,0,0,0,0,0,0,0,0,0,0,0,0,0,0,0,0,0,0,0,0,0,0,0,0,0,0,0,0,0,0,0,0,0,0,0,0,0,7,9,15,0,0,0,5,0,0,12,8,21,0,0,0,0,0,0,0,0
ILOC70400501,96,89,188,0,0,0,0,0,0,100,89,188,6,3,14,0,0,0,0,0,0,6,3,14,16,23,38,0,0,0,0,0,0,16,23,38,32,23,56,0,0,0,0,0,0,32,23,56,28,25,57,0,0,0,0,0,0,28,25,57,9,9,23,0,0,0,0,0,0,10,9,27,0,0,5,0,0,0,0,0,0,0,0,5,96,89,187,0,0,0,0,0,0,100,89,189,0,0,0,0,0,0,0,0,0,0,0,0,0,0,0,0,0,4,0,0,0,0,0,4,0,0,0,0,0,0,0,0,0,0,0,0,0,0,0,0,0,0,0,0,0,0,0,0,0,0,0,0,0,0,0,0,0,0,0,0,0,0,0,9,0,9,0,0,0,5,0,12,0,0,0,0,0,0,0,0,0,0,0,0,0,0,0,0,0,6,0,0,0,0,0,6,0,0,0,0,0,0,0,0
ILOC70400502,803,847,1650,100,108,210,30,39,64,938,989,1924,57,56,108,9,8,18,3,0,7,68,65,134,193,161,355,3,6,14,3,5,13,201,174,378,175,163,339,9,18,19,4,6,10,185,183,370,240,298,538,52,50,99,15,15,30,305,363,665,116,133,249,26,26,52,5,4,14,142,168,311,25,36,55,4,3,9,4,0,3,38,37,72,787,831,1619,96,97,190,30,25,59,911,950,1862,10,7,13,0,3,4,0,0,0,6,11,15,0,0,0,0,0,0,0,0,0,0,0,0,0,0,0,0,3,3,0,0,0,0,7,7,0,0,0,0,0,0,0,0,0,0,0,0,0,0,0,0,4,4,0,0,0,0,4,4,0,0,0,0,0,3,0,0,0,0,0,3,0,0,0,0,0,0,0,0,0,0,0,0,7,0,7,8,12,25,4,4,13,17,18,37,0,0,0,0,0,0,0,0
ILOC70400601,184,199,390,8,7,19,3,3,7,202,216,414,17,13,25,0,0,0,0,0,0,17,13,27,37,29,65,0,0,0,0,0,0,37,29,65,32,38,72,0,0,0,0,0,0,34,40,75,56,56,118,4,3,9,0,3,7,62,64,129,47,50,100,4,0,3,0,0,0,49,53,100,3,5,10,0,0,3,0,0,0,7,6,15,179,181,356,8,7,19,3,0,5,193,187,383,0,0,3,0,0,0,0,0,0,0,0,3,0,0,0,0,0,0,0,0,0,0,0,0,0,0,0,0,0,0,4,0,4,4,0,4,0,0,0,0,0,3,0,0,0,4,0,0,0,0,0,0,0,0,0,0,0,0,0,0,0,0,0,0,0,0,0,0,0,0,0,0,0,0,0,0,0,0,0,0,0,0,0,0,0,0,0,0,0,0,0,4,4,0,4,4,0,0,0,0,0,0,0,0
ILOC70400602,144,144,289,13,9,18,4,3,8,159,159,317,12,6,17,0,0,3,0,0,0,10,10,18,33,24,55,3,0,5,0,0,3,32,26,58,15,21,37,0,0,0,0,0,0,15,21,36,45,48,96,3,0,3,0,3,0,45,54,103,31,37,70,9,0,8,0,0,0,39,36,83,8,7,15,0,0,0,0,0,0,8,7,19,137,133,273,11,9,20,4,5,10,151,148,299,0,0,0,0,0,0,0,0,0,0,0,0,0,0,0,0,0,0,0,0,0,0,0,0,0,0,0,0,0,0,0,0,0,0,0,0,0,0,0,0,0,0,0,0,0,0,0,0,0,0,0,0,0,0,0,0,0,0,0,0,0,0,0,0,0,0,0,0,0,0,0,0,0,0,0,0,0,0,0,0,0,0,0,0,0,0,5,3,0,3,0,0,0,6,4,9,0,0,0,0,0,0,0,0
ILOC70400603,77,62,141,25,15,43,10,3,15,111,88,194,3,3,9,0,3,5,0,0,0,5,7,13,18,23,43,4,0,3,0,0,5,27,24,52,31,12,42,0,3,3,7,0,7,40,13,47,8,17,29,12,9,20,3,0,5,25,25,50,3,8,13,3,0,9,0,3,3,14,13,21,0,0,3,5,0,0,0,0,0,0,3,3,64,43,104,23,18,43,10,5,13,94,66,158,0,5,9,0,0,0,0,0,0,6,8,10,0,0,0,0,0,0,0,0,0,0,0,0,0,0,0,4,0,3,0,0,0,3,4,6,0,0,0,0,0,0,0,0,0,0,0,0,0,0,0,0,0,0,0,0,0,0,0,0,0,0,0,0,0,0,0,0,0,4,0,4,0,0,0,0,0,4,0,0,0,0,0,4,12,15,29,14,6,17,3,4,7,25,25,51,0,0,0,0,0,0,0,0
ILOC70400604,579,628,1209,53,60,111,49,49,100,682,735,1421,44,42,87,0,0,0,0,0,0,44,42,87,95,108,200,0,0,0,0,0,6,95,108,201,106,111,216,4,0,6,3,7,7,117,114,227,197,189,384,16,26,44,22,17,38,229,232,468,128,144,270,22,31,53,12,19,40,165,194,362,16,34,51,12,4,12,5,6,9,28,38,71,576,606,1181,54,48,97,48,49,95,675,707,1377,0,12,12,0,4,4,0,0,0,0,15,15,0,0,0,0,0,0,0,0,0,0,0,0,0,0,0,0,0,0,0,0,0,3,0,4,0,0,0,0,0,0,0,0,0,0,0,0,0,0,0,0,0,0,0,0,0,0,0,0,0,0,0,0,0,0,0,3,3,0,4,4,0,0,0,0,0,0,0,0,0,0,0,0,0,0,6,9,15,23,0,5,9,13,23,36,0,0,0,0,0,0,0,0
ILOC70500101,135,154,289,57,46,103,23,23,50,211,226,437,14,10,27,0,0,0,5,5,9,18,18,34,27,25,54,4,4,7,0,4,7,32,30,64,22,36,64,3,0,4,0,0,0,29,44,66,34,44,77,10,12,21,3,11,18,51,60,115,25,32,60,25,26,50,8,5,17,64,59,124,4,9,14,12,7,16,7,3,9,21,17,40,133,149,283,53,40,93,19,21,38,203,212,414,0,0,0,0,0,0,0,0,0,0,0,0,0,0,0,13,16,28,0,0,0,13,16,28,0,0,0,4,3,12,0,0,0,7,5,8,4,4,6,5,10,10,0,0,0,12,8,22,0,0,0,8,4,10,0,4,3,11,5,18,0,0,0,6,0,10,0,0,0,3,0,13,0,0,0,0,0,0,0,0,0,0,0,0,12,0,10,8,4,16,0,0,5,21,8,29,0,0,0,0,0,0,0,0
ILOC70500102,86,71,152,23,13,32,5,9,9,108,90,202,8,0,5,0,0,0,0,0,0,9,3,11,21,19,38,0,0,0,0,0,0,24,19,36,16,13,29,0,0,0,0,0,0,19,13,28,28,18,45,9,3,11,0,3,8,30,31,58,12,19,31,14,3,17,4,0,3,27,25,48,5,4,8,7,0,9,0,0,0,8,3,14,76,70,150,19,14,32,0,3,11,95,84,183,0,0,0,0,0,0,0,0,0,0,0,0,0,0,0,0,0,0,0,0,0,0,0,0,0,0,0,0,0,0,0,0,0,0,0,0,0,0,0,3,0,5,0,0,0,3,0,5,0,0,0,0,0,0,0,0,0,0,0,0,0,0,0,0,0,0,0,0,0,0,0,0,0,0,0,0,0,0,0,0,0,0,0,0,0,0,0,4,5,8,0,0,0,5,5,10,0,0,0,0,0,0,0,0
ILOC70500103,54,55,112,0,0,0,6,0,4,56,61,119,5,6,8,0,0,0,0,0,0,5,6,8,15,10,23,0,0,0,0,0,0,15,10,23,12,17,25,0,0,0,0,0,0,12,17,25,17,12,27,0,0,0,6,0,6,20,12,32,9,14,23,0,0,0,0,0,0,9,13,22,0,3,7,0,0,0,0,0,0,0,3,7,54,55,109,0,0,0,0,0,0,54,61,115,0,0,0,0,0,0,0,0,0,0,0,0,0,0,0,0,0,0,0,0,0,0,0,0,0,0,0,0,0,0,0,0,0,0,0,0,0,0,0,0,0,0,0,0,0,0,0,0,0,0,0,0,0,0,0,0,0,0,0,0,0,0,0,0,0,0,0,0,0,0,0,0,0,0,0,0,0,0,0,0,0,0,0,0,0,0,0,0,0,0,0,0,0,0,0,0,0,0,0,0,0,0,0,0
ILOC70500201,93,97,195,0,0,0,0,4,4,93,101,196,16,12,26,0,0,0,0,0,0,16,12,26,20,21,42,0,0,0,0,0,0,20,21,42,23,20,38,0,0,0,0,0,0,23,20,38,27,32,56,0,0,0,0,0,0,27,32,56,15,9,28,0,0,0,0,4,4,15,12,26,4,0,4,0,0,0,0,0,0,4,0,4,93,94,194,0,0,0,0,0,0,93,94,194,0,0,0,0,0,0,0,0,0,0,0,0,0,0,0,0,0,0,0,0,0,0,0,0,0,0,0,0,0,0,0,0,0,0,0,0,0,0,0,0,0,0,0,0,0,0,0,0,0,0,0,0,0,0,0,0,0,0,0,0,0,0,0,0,0,0,0,0,0,0,0,0,0,0,0,0,0,0,0,0,0,0,0,0,0,0,0,0,0,0,0,0,0,0,0,0,0,0,0,0,0,0,0,0
ILOC70500202,145,167,311,16,27,38,15,14,30,172,210,383,12,12,27,0,3,3,0,0,0,12,13,28,37,36,69,0,0,0,0,0,4,38,36,74,23,24,48,0,0,0,0,0,4,27,25,51,42,50,93,3,10,14,4,3,5,51,57,107,19,32,61,3,13,17,4,10,16,34,56,87,7,7,16,4,0,4,4,0,4,13,12,26,136,143,281,13,25,37,11,4,19,153,177,333,0,0,0,0,0,0,0,0,0,0,0,0,0,0,0,0,0,0,0,0,0,0,0,0,0,0,0,0,0,0,0,0,0,0,0,0,0,0,0,0,4,6,3,3,4,4,8,10,0,0,0,0,5,3,0,0,0,0,0,3,0,0,0,0,0,0,0,0,0,0,0,0,0,0,0,0,0,0,0,0,0,0,0,0,0,0,0,6,5,13,5,4,5,10,15,25,0,0,0,0,0,0,0,0
ILOC70500301,159,164,319,3,6,14,0,0,6,164,176,337,19,13,34,0,0,0,0,0,0,19,13,34,38,47,81,0,0,0,0,0,0,38,47,81,22,19,40,0,0,0,0,0,0,22,19,40,52,54,102,0,3,6,0,0,0,53,56,113,22,33,53,0,3,3,0,0,0,23,31,54,6,6,7,4,0,4,0,0,0,9,6,9,151,156,305,3,9,9,0,0,6,155,158,322,0,0,0,0,0,0,0,0,0,0,0,0,0,0,0,0,0,0,0,0,0,0,0,0,0,0,0,0,0,0,0,0,0,0,0,0,0,0,0,0,0,0,0,0,0,0,0,0,0,0,0,0,0,0,0,0,0,0,0,0,0,0,0,0,0,0,0,0,0,0,0,0,0,0,0,0,0,0,0,0,0,0,0,0,4,3,7,0,0,0,0,0,0,0,3,9,0,0,0,0,0,0,0,0
ILOC70500303,41,29,68,147,127,272,60,51,118,252,202,457,7,0,3,5,9,20,0,0,0,10,13,25,7,4,8,12,7,25,0,9,13,20,26,43,6,7,15,16,16,35,11,14,19,38,32,68,9,6,16,63,54,114,34,14,51,100,79,182,8,6,17,31,27,58,14,12,25,51,42,94,3,0,3,19,7,25,5,0,10,32,9,41,28,26,54,140,123,263,62,48,114,237,197,437,0,0,0,3,0,0,0,0,0,3,0,0,0,0,0,66,56,124,32,22,50,97,82,178,0,0,0,127,138,262,39,42,76,165,179,341,0,0,0,74,68,143,25,24,52,105,95,196,0,0,0,71,69,140,14,14,30,84,80,165,0,0,0,45,44,90,12,10,20,55,60,117,0,4,4,7,9,17,0,0,0,7,10,20,7,19,29,60,65,125,19,14,33,93,92,188,0,0,0,11,13,21,0,6
ILOC70500304,120,135,254,0,0,0,0,5,5,120,136,263,9,9,13,0,0,0,0,0,0,9,9,13,22,28,54,0,0,0,0,0,0,22,28,54,32,25,61,0,0,0,0,0,0,32,25,61,35,36,74,0,0,0,0,0,0,35,40,76,23,29,47,0,0,0,0,0,0,23,29,49,0,3,7,0,0,0,0,0,0,3,3,6,110,124,236,0,0,0,0,0,0,110,124,238,0,0,0,0,0,0,0,0,0,0,0,0,0,0,0,0,0,0,0,0,0,0,0,0,0,0,0,0,0,0,0,0,0,0,0,0,0,0,0,0,0,0,0,0,0,0,0,0,0,0,0,0,0,0,0,0,0,0,0,0,0,0,0,0,0,0,0,0,0,0,0,0,0,0,0,0,0,0,0,0,0,0,0,0,0,5,9,0,0,0,0,0,0,4,5,10,0,0,0,0,0,0,0,0
ILOC70500305,48,51,97,3,0,3,0,0,0,49,51,103,9,6,9,0,0,0,0,0,0,9,6,9,10,10,16,0,0,0,0,0,0,10,10,16,13,10,28,0,0,0,0,0,0,13,10,28,15,12,30,0,0,0,0,0,0,21,12,30,4,6,11,0,0,0,0,0,0,4,7,12,0,3,3,0,0,0,0,0,0,0,3,3,48,51,97,3,0,3,0,0,0,49,51,103,0,0,0,0,0,0,0,0,0,0,0,0,0,0,0,0,0,0,0,0,0,0,0,0,0,0,0,0,0,0,0,0,0,0,0,0,0,0,0,0,0,0,0,0,0,0,0,0,0,0,0,0,0,0,0,0,0,0,0,0,0,0,0,0,0,0,0,0,0,0,0,0,0,0,0,0,0,0,0,0,0,0,0,0,0,0,0,0,0,0,0,0,0,0,0,0,0,0,0,0,0,0,0,0
ILOC70500306,52,54,109,92,88,176,18,20,43,160,163,327,0,0,0,3,3,9,0,3,3,3,9,9,3,7,14,7,6,12,3,0,9,16,15,32,4,4,7,13,7,23,0,4,3,15,18,31,19,20,42,26,27,51,7,3,10,49,58,98,17,17,29,30,30,59,4,6,13,50,50,95,10,3,17,17,17,36,5,3,10,36,27,60,49,52,103,84,77,165,15,21,37,146,153,300,0,3,11,0,0,0,0,0,0,0,3,11,0,0,0,52,57,109,13,9,23,69,66,138,4,0,4,97,85,191,22,23,39,123,105,230,0,0,6,60,57,119,14,14,25,77,77,150,0,0,0,73,69,144,15,19,30,90,83,176,0,0,0,53,46,100,8,6,14,63,55,116,0,0,0,13,16,27,0,0,0,13,16,27,23,19,39,49,40,88,9,5,12,78,63,143,0,0,0,0,5,4,0,0
ILOC70500307,235,281,515,5,13,23,0,8,8,243,297,542,28,24,46,0,0,0,0,0,0,28,24,46,47,54,103,0,0,0,0,3,3,47,59,106,44,58,98,0,0,0,0,0,0,44,57,105,72,89,159,3,3,5,0,3,3,76,89,165,40,53,94,6,13,11,0,0,0,44,60,105,11,4,16,0,0,5,0,0,0,8,10,17,228,258,495,9,9,11,0,0,0,236,272,509,3,4,11,0,0,0,0,0,0,3,4,11,0,0,0,0,0,0,0,0,0,0,0,0,0,0,0,0,0,0,0,0,0,0,0,0,0,0,0,0,0,0,0,0,0,0,0,0,0,0,0,0,0,0,0,0,0,0,0,0,0,0,0,0,0,0,0,0,0,0,0,0,0,0,0,0,0,0,0,0,0,0,0,0,0,6,7,0,0,0,0,0,0,0,6,7,0,0,0,0,0,0,0,0
ILOC70500308,69,85,160,3,3,5,0,0,0,78,85,162,5,6,10,0,0,0,0,0,0,5,6,10,17,23,39,0,0,0,0,0,0,17,21,42,7,16,25,0,0,0,0,0,0,7,16,25,24,27,53,0,0,3,0,0,0,29,29,59,13,14,29,0,0,3,0,0,0,18,15,34,5,8,9,0,0,0,0,0,0,5,8,9,70,75,143,4,3,6,0,0,0,71,72,147,0,0,0,0,0,0,0,0,0,0,0,0,0,0,0,0,0,0,0,0,0,0,0,0,0,0,0,0,0,0,0,0,0,0,0,0,0,0,0,0,0,0,0,0,0,0,0,0,0,0,0,0,0,0,0,0,0,0,0,0,0,0,0,0,0,0,0,0,0,0,0,0,0,0,0,0,0,0,0,0,0,0,0,0,0,8,7,0,0,3,0,0,0,6,9,13,0,0,0,0,0,0,0,0
ILOC70500309,50,43,91,0,0,5,0,0,0,53,44,93,4,4,9,0,0,0,0,0,0,4,4,9,7,5,10,0,0,0,0,0,0,7,5,10,11,10,20,0,0,0,0,0,0,11,10,20,19,9,31,0,0,3,0,0,0,19,14,36,5,14,16,0,0,0,0,0,0,5,14,16,4,0,4,0,0,0,0,0,0,3,0,3,50,39,83,0,0,3,0,0,0,51,38,88,0,0,0,0,0,0,0,0,0,0,0,0,0,0,0,0,0,6,0,0,0,0,0,6,0,0,0,0,0,0,0,0,0,0,0,0,0,0,0,0,0,0,0,0,0,0,0,0,0,0,0,0,0,0,0,0,0,0,0,0,0,0,0,0,0,0,0,0,0,0,0,0,0,0,0,0,0,0,0,0,0,0,0,0,4,5,5,0,0,0,0,0,0,5,5,8,0,0,0,0,0,0,0,0
ILOC70500401,62,43,104,94,69,158,89,62,151,235,173,418,3,8,7,0,0,0,0,0,0,4,8,12,5,14,17,5,4,0,4,4,10,14,21,32,18,6,23,8,10,14,8,20,29,36,28,65,18,12,30,25,13,32,39,21,53,73,44,118,11,13,21,37,25,57,27,18,48,73,51,127,4,6,8,24,22,48,6,3,11,38,25,66,57,42,101,76,62,137,84,65,144,219,170,389,0,0,0,0,0,0,0,0,0,0,0,0,0,0,0,40,24,65,17,4,19,52,36,85,0,0,0,79,61,137,15,3,17,95,66,162,0,0,3,75,54,129,56,14,74,141,66,209,0,0,0,33,25,60,17,3,21,56,32,87,0,0,0,18,15,34,13,0,11,36,10,44,0,0,0,11,13,22,11,3,16,29,14,39,8,0,7,85,38,125,135,34,165,227,71,300,0,0,0,7,8,14,0,0
ILOC70500402,294,313,603,13,16,26,5,12,15,310,337,650,35,24,53,0,0,3,0,0,0,35,19,58,73,65,134,0,0,0,0,6,4,68,70,138,65,86,156,0,0,3,0,3,4,71,89,159,74,81,159,3,6,11,0,0,0,79,94,172,39,50,89,4,5,11,0,0,0,48,54,97,11,8,17,0,0,0,0,0,0,5,8,14,276,289,565,13,15,27,5,3,11,289,305,595,0,0,3,0,0,0,0,0,0,0,0,3,0,0,0,0,0,0,0,0,0,0,0,0,0,0,0,0,0,3,0,0,0,0,0,3,0,0,0,0,0,0,0,0,0,0,0,0,0,0,0,0,0,0,0,0,0,0,0,0,0,0,0,0,0,0,0,0,0,0,0,0,0,0,0,0,0,0,0,0,0,0,0,0,12,9,18,5,0,5,0,0,0,11,9,21,0,0,0,0,0,0,0,0
ILOC70500403,49,66,118,0,3,0,0,0,0,51,67,118,10,4,13,0,0,0,0,0,0,10,4,13,8,18,31,0,0,0,0,0,0,8,18,31,14,13,26,0,0,0,0,0,0,14,13,26,10,15,27,0,0,0,0,0,0,10,15,27,6,10,15,0,3,0,0,0,0,10,11,17,0,4,3,0,0,0,0,0,0,0,4,3,41,56,103,0,3,0,0,0,0,47,63,102,0,0,0,0,0,0,0,0,0,0,0,0,0,0,0,0,0,0,0,0,0,0,0,0,0,0,0,0,0,0,0,0,0,0,0,0,0,0,0,0,0,0,0,0,0,0,0,0,0,0,0,0,0,0,0,0,0,0,0,0,0,0,0,0,0,0,0,0,0,0,0,0,0,0,0,0,0,0,0,0,0,0,0,0,0,0,0,0,0,0,0,0,0,0,3,3,0,0,0,0,0,0,0,0
ILOC70500404,86,79,161,4,3,7,12,0,12,93,87,180,9,7,18,0,0,0,0,0,0,9,7,18,14,19,32,0,0,0,0,0,0,18,19,35,19,24,37,0,0,0,4,0,7,23,23,45,21,24,38,0,0,4,0,0,0,27,20,50,21,14,31,0,0,5,0,0,0,19,14,34,0,3,9,0,0,3,0,0,0,0,3,9,86,79,160,3,3,9,12,0,12,96,84,180,0,0,0,0,0,0,0,0,0,0,0,0,0,0,0,0,0,0,0,0,0,0,0,0,0,0,0,0,0,0,0,0,0,0,0,0,0,0,0,3,0,5,0,0,0,3,0,5,0,0,0,0,0,0,0,0,0,0,0,0,0,0,0,0,0,0,0,0,0,0,0,0,0,0,0,0,0,0,0,0,0,0,0,0,0,0,0,0,0,0,0,0,0,0,0,0,0,0,0,0,0,0,0,0
ILOC70500405,12,17,24,13,5,20,176,42,215,197,66,264,0,0,0,0,4,3,0,3,0,5,4,6,0,0,0,0,0,0,0,0,0,0,3,3,0,3,3,0,0,0,56,13,69,55,15,72,6,3,11,6,6,12,82,19,98,98,30,123,5,5,9,5,0,5,30,0,34,32,6,44,0,0,0,0,0,4,6,3,12,10,6,12,12,17,24,13,5,20,176,42,215,197,66,264,0,0,0,0,0,0,0,0,0,0,0,0,0,0,0,8,11,26,12,0,7,23,14,33,0,0,0,14,11,24,6,0,7,22,7,31,0,0,0,20,14,34,28,5,31,46,20,65,0,0,0,8,0,8,18,3,17,22,3,27,0,0,0,7,8,15,13,0,13,20,7,23,0,0,0,0,0,0,0,0,0,0,0,3,3,5,7,12,6,25,64,8,75,90,24,112,0,0,0,0,0,0,0,0
ILOC70500501,124,111,232,0,0,3,3,0,6,130,111,240,14,7,30,0,0,0,3,0,3,18,7,30,33,19,48,0,0,0,0,0,0,33,19,51,17,21,37,0,0,0,0,0,0,17,21,37,37,28,69,0,0,3,0,0,0,38,33,70,16,27,40,0,0,0,0,0,3,17,28,43,3,5,4,0,0,0,0,0,0,3,5,4,105,101,207,0,0,3,3,0,6,110,103,213,0,0,0,0,0,0,0,0,0,0,0,0,0,0,0,0,0,0,0,0,0,0,0,0,0,0,0,0,0,0,0,0,0,0,0,0,0,0,0,0,0,0,0,0,0,0,0,0,0,0,0,0,0,0,0,0,0,0,0,0,0,0,0,0,0,0,0,0,0,0,0,0,0,0,0,0,0,0,0,0,0,0,0,0,0,0,0,0,0,0,0,0,0,0,0,0,0,0,0,0,0,0,0,0
ILOC70500502,907,1026,1927,3081,2802,5880,704,557,1263,4687,4378,9065,102,98,202,222,165,390,32,28,65,364,290,651,242,230,470,351,328,678,116,90,204,709,645,1360,154,144,304,338,283,621,85,67,148,579,500,1072,203,270,469,1104,1080,2185,222,202,424,1531,1546,3076,162,228,395,696,691,1384,168,138,305,1026,1058,2087,41,54,96,364,252,617,79,36,115,478,345,822,851,967,1814,2862,2624,5484,609,508,1121,4321,4098,8421,0,4,4,12,15,27,0,0,0,15,18,33,0,6,5,117,133,256,15,15,31,139,149,292,0,7,5,231,237,466,28,41,69,258,282,542,8,9,17,132,139,270,31,28,57,169,175,341,0,0,5,137,126,264,28,26,49,161,154,316,3,3,5,134,132,262,26,19,45,163,152,317,4,3,9,35,33,66,3,5,8,36,40,78,144,138,281,197,158,353,85,74,154,427,367,792,0,0,0,18,16,26,4,3
ILOC70500503,79,97,175,13,13,23,7,5,7,97,109,206,8,3,10,0,0,0,0,0,0,8,3,10,4,15,18,8,0,8,0,0,0,11,15,21,7,16,24,0,3,3,0,0,0,15,17,27,23,26,47,4,6,7,0,4,4,26,28,59,26,32,52,3,5,7,0,0,0,28,34,63,9,15,22,0,0,0,0,0,0,10,11,17,77,89,172,12,13,22,7,5,7,91,106,202,0,4,6,0,0,0,0,0,0,0,4,6,0,0,0,0,0,4,0,0,0,0,0,4,0,0,0,5,3,4,0,0,0,5,6,5,0,0,0,0,0,3,0,0,0,0,0,3,0,0,0,0,0,0,0,0,0,0,0,0,0,0,0,0,0,0,0,0,0,0,0,0,0,0,0,0,0,0,0,0,0,0,0,0,10,5,15,0,0,4,0,0,0,8,6,19,0,0,0,0,0,0,0,0
ILOC70500504,66,74,145,0,0,0,0,0,0,66,74,145,3,11,12,0,0,0,0,0,0,3,11,12,21,12,32,0,0,0,0,0,0,21,12,32,12,20,33,0,0,0,0,0,0,12,20,33,21,23,46,0,0,0,0,0,0,21,23,46,7,9,21,0,0,0,0,0,0,7,9,21,0,0,3,0,0,0,0,0,0,0,0,3,66,75,135,0,0,0,0,0,0,66,75,135,0,3,8,0,0,0,0,0,0,0,3,8,0,0,0,0,0,0,0,0,0,0,0,0,0,0,0,0,0,0,0,0,0,0,0,0,0,0,0,0,0,0,0,0,0,0,0,0,0,0,0,0,0,0,0,0,0,0,0,0,0,0,0,0,0,0,0,0,0,0,0,0,0,0,0,0,0,0,0,0,0,0,0,0,3,4,9,0,0,0,0,0,0,3,4,9,0,0,0,0,0,0,0,0
ILOC70500601,290,310,605,11,25,40,3,5,10,307,339,653,41,39,90,0,0,0,0,0,0,41,39,90,72,68,142,0,5,0,0,0,0,71,77,147,71,63,135,0,0,0,0,0,0,75,64,141,70,91,163,3,9,18,3,0,0,76,107,183,26,31,59,8,7,17,3,3,4,39,46,78,4,13,17,0,3,4,0,0,0,3,13,16,281,310,596,12,25,39,3,0,3,299,336,635,0,0,0,0,0,0,0,0,0,0,0,0,0,0,0,0,0,0,0,0,0,0,0,0,0,0,0,0,0,3,0,0,0,0,0,3,0,0,0,0,0,0,0,0,0,0,0,0,0,0,0,0,4,4,0,0,0,0,4,4,0,0,0,0,0,0,0,0,0,0,3,3,0,0,0,0,4,4,0,0,0,0,4,4,3,0,3,6,9,6,0,0,0,5,11,11,0,0,0,0,0,0,0,0
ILOC70500701,482,524,1003,24,32,58,19,16,28,525,566,1088,34,40,81,4,0,4,0,0,0,35,40,77,111,105,219,0,0,8,0,0,0,113,110,222,117,113,230,3,0,7,6,0,7,127,114,242,128,168,295,8,16,29,3,4,7,143,190,334,70,83,152,9,10,14,3,0,10,84,95,180,14,12,28,0,0,7,0,0,4,19,17,34,463,492,956,22,28,53,12,10,27,504,535,1038,3,6,10,0,0,0,0,0,0,3,6,12,0,0,0,0,0,0,0,0,0,0,0,0,0,0,0,0,0,0,0,0,0,0,0,0,0,0,0,0,0,0,0,0,0,0,0,0,0,0,0,0,0,0,3,0,3,0,0,0,0,0,0,0,0,0,0,0,0,0,0,0,0,0,0,0,0,0,0,0,0,0,0,0,21,22,40,3,0,10,8,0,10,36,22,51,0,0,0,0,0,0,0,0
ILOC70500801,37,38,68,3,0,4,0,0,0,36,43,75,10,4,8,0,0,0,0,0,0,10,4,8,10,9,23,0,0,0,0,0,0,10,9,23,6,10,8,0,0,0,0,0,0,6,10,16,9,11,15,0,0,4,0,0,0,7,16,15,7,5,13,0,0,0,0,0,0,6,8,12,0,0,0,0,0,0,0,0,0,0,0,0,33,33,68,3,0,4,0,0,0,38,40,71,0,0,0,0,0,0,0,0,0,0,0,0,0,0,0,0,0,0,0,0,0,0,0,0,0,0,0,0,0,0,0,0,0,0,0,0,0,0,0,0,0,0,0,0,0,0,0,0,0,0,0,0,0,0,0,0,0,0,0,0,0,0,0,0,0,0,0,0,0,0,0,0,0,0,0,0,0,0,0,0,0,0,0,0,0,0,0,0,0,0,0,0,0,0,0,0,0,0,0,0,0,0,0,0
ILOC70500802,36,39,73,0,0,4,9,0,6,39,40,81,0,4,7,0,0,0,0,0,0,0,4,7,3,3,9,0,0,0,0,0,0,3,3,9,3,8,18,0,0,0,0,0,0,3,8,18,7,6,13,0,0,0,0,0,0,10,6,18,13,9,15,0,0,0,0,0,5,8,10,21,3,3,9,0,0,0,0,0,0,4,3,11,29,37,70,0,0,4,0,0,0,32,40,72,0,0,0,0,0,0,0,0,0,0,0,0,0,0,0,0,0,0,0,0,0,0,0,0,0,0,0,0,0,0,0,0,0,0,0,0,0,0,0,0,0,0,0,0,0,0,0,0,0,0,0,0,0,0,0,0,0,0,0,0,0,0,0,0,0,3,0,0,0,0,0,3,0,0,0,0,0,0,0,0,0,0,0,0,0,0,0,0,0,0,0,0,0,0,0,0,0,0,0,0,0,0,0,0
ILOC70500803,18,7,23,23,26,47,13,12,22,48,48,94,0,0,0,0,3,0,0,0,0,3,3,7,4,0,0,0,0,3,0,0,0,6,4,6,0,3,4,9,11,21,3,10,10,16,20,39,3,0,4,12,5,18,7,5,3,16,11,27,3,0,5,0,0,4,4,0,7,9,0,14,0,0,0,0,0,0,0,0,0,0,0,0,18,7,23,23,26,47,13,12,22,48,48,94,0,0,0,0,0,0,0,0,0,0,0,0,0,0,0,0,0,0,0,0,0,0,5,0,0,0,0,0,0,0,0,0,0,0,0,0,0,0,0,3,9,11,0,0,3,8,10,13,0,0,0,0,0,0,0,0,0,0,0,0,0,0,0,0,0,0,0,0,0,0,0,0,0,0,0,0,0,0,0,0,0,0,0,0,0,0,0,5,3,4,0,0,0,5,5,4,0,0,0,0,0,0,0,0
ILOC70500804,90,68,155,43,33,75,17,19,37,154,127,278,5,3,15,0,0,0,0,0,5,11,10,19,18,8,23,5,0,7,0,5,5,21,9,35,14,14,29,0,0,8,4,4,4,16,22,34,29,24,50,14,15,26,9,5,8,51,38,91,16,20,34,8,13,23,4,4,11,33,32,65,5,4,10,8,5,14,5,0,7,22,13,30,80,62,140,39,26,58,14,20,31,132,104,240,0,0,0,0,0,0,0,0,0,0,5,5,0,3,3,8,8,16,0,0,0,6,14,18,0,0,0,26,22,45,3,8,7,25,27,55,0,0,3,20,13,37,3,0,7,25,16,40,0,0,0,12,3,14,0,0,0,12,3,14,0,0,0,19,13,28,4,0,3,21,20,34,0,0,0,0,3,3,0,0,0,0,3,3,4,6,11,21,20,40,0,0,0,29,18,50,0,0,0,0,0,0,0,0
ILOC70500805,66,56,127,72,62,132,28,18,51,174,141,310,6,5,14,5,3,13,0,0,6,14,9,28,14,6,28,4,0,7,6,0,6,22,13,34,16,12,25,19,19,44,13,9,16,51,41,92,12,15,30,21,17,38,5,3,9,43,32,79,6,11,15,14,12,25,5,4,10,28,30,55,4,10,14,5,4,7,0,0,6,11,13,25,71,56,123,72,62,133,28,18,51,167,139,305,0,0,0,0,0,0,0,0,0,0,0,0,0,0,4,12,11,21,0,0,0,14,12,25,0,0,0,20,18,35,5,3,6,21,24,44,0,0,0,21,23,42,8,7,14,26,29,52,0,0,5,15,7,24,7,3,10,22,10,39,0,0,0,27,23,49,10,4,17,40,26,65,0,0,0,3,3,8,0,0,0,3,5,14,0,0,0,30,9,35,9,0,11,36,9,45,0,0,0,5,4,3,0,0
ILOC70500901,50,58,106,4,0,4,8,9,18,63,64,121,7,9,13,0,0,0,3,0,3,10,9,17,8,8,23,0,0,0,0,0,0,10,15,25,15,9,22,0,0,0,0,4,4,15,14,24,16,14,24,0,0,0,0,0,0,12,14,29,7,6,17,0,0,0,0,0,6,8,11,17,0,3,9,4,0,4,0,3,0,6,7,13,49,49,96,4,0,4,8,7,12,55,56,116,0,0,0,0,0,0,0,0,0,0,0,0,0,0,0,0,0,0,0,0,0,0,0,0,0,0,0,0,0,0,0,0,0,0,0,0,0,0,0,0,0,0,0,0,0,0,0,0,0,0,0,0,0,0,0,0,0,0,0,0,0,0,0,0,0,0,0,0,0,0,0,0,0,0,0,0,0,0,0,0,0,0,0,0,12,12,20,0,0,0,0,0,0,12,12,20,0,0,0,0,0,0,0,0
ILOC70500902,21,8,32,46,35,84,20,5,24,93,49,138,3,0,4,3,0,7,0,0,0,6,3,10,3,0,9,3,6,8,0,0,0,10,0,8,7,0,8,18,13,32,9,0,9,30,15,48,6,3,13,16,10,32,3,4,7,28,18,49,0,0,0,10,4,10,3,0,5,17,3,20,0,0,0,0,0,0,0,0,0,0,0,0,20,10,23,45,32,71,17,5,26,77,38,122,0,0,0,0,0,0,0,0,0,0,0,0,0,0,0,0,0,0,0,0,0,6,0,6,0,0,0,4,0,3,4,0,4,4,0,7,0,0,0,7,5,13,3,3,8,5,9,19,0,0,0,3,3,14,0,0,3,4,3,16,0,0,0,5,3,6,0,0,0,5,3,6,0,0,0,0,0,0,0,0,0,0,0,0,0,0,0,9,3,10,3,0,3,12,3,18,0,0,0,0,0,0,0,0
ILOC70500903,116,128,250,10,12,17,6,3,11,137,144,283,20,14,31,0,0,0,0,0,0,18,15,35,24,23,53,0,0,0,0,0,0,25,23,52,25,31,51,0,0,0,0,3,3,25,32,58,33,35,69,4,7,13,3,0,4,43,44,83,14,21,34,0,0,0,0,3,3,16,25,36,5,11,14,0,0,0,0,0,0,5,11,14,111,125,237,12,12,15,3,0,8,123,134,262,0,0,0,0,0,0,0,0,0,0,0,0,0,0,0,0,0,5,0,0,0,0,0,5,0,0,0,0,0,0,0,0,0,0,0,0,0,0,0,0,0,0,0,0,0,0,0,0,0,0,0,0,0,0,0,0,0,0,0,0,0,0,0,0,0,0,0,0,0,0,0,0,0,0,0,0,0,0,0,0,0,0,0,0,9,4,11,0,5,5,3,0,3,11,8,14,0,0,0,0,0,0,0,0
ILOC70600101,29,12,41,295,281,581,74,56,134,399,353,751,3,0,3,43,26,71,6,8,17,55,36,95,9,6,14,58,55,124,17,8,22,85,74,161,0,0,0,12,14,25,4,0,0,12,20,32,4,0,11,94,116,207,29,24,55,129,140,275,4,4,8,75,64,140,20,14,33,96,76,176,3,0,3,5,9,16,4,0,4,17,9,21,26,12,37,282,259,539,70,57,126,369,330,706,0,0,0,6,4,6,0,0,0,6,4,6,0,0,0,3,0,8,0,0,0,6,0,6,0,0,0,0,6,6,0,3,3,0,11,11,0,0,0,12,4,19,4,0,9,17,4,27,0,0,0,0,0,0,0,0,0,0,0,0,0,0,0,0,0,0,5,0,5,0,0,0,0,0,0,0,0,0,0,0,0,0,0,0,0,0,0,3,0,10,10,0,15,23,0,23,0,0,0,0,0,0,0,0
ILOC70600102,414,444,858,12,10,21,4,5,4,427,457,883,27,37,65,0,0,0,0,0,0,27,35,63,54,57,104,0,0,0,0,5,5,54,60,106,124,113,236,0,0,0,0,0,0,126,113,237,129,152,280,3,0,9,3,0,3,136,159,294,65,84,149,4,6,6,0,0,0,72,89,161,13,14,23,0,0,0,0,0,0,14,14,23,401,438,842,12,10,21,0,5,6,416,452,868,7,7,9,0,0,0,0,0,0,7,7,9,0,0,0,0,0,0,0,0,0,0,0,0,0,0,0,0,0,0,0,0,0,0,0,0,0,0,0,0,0,0,0,0,0,0,0,0,0,0,0,0,0,0,0,0,0,0,0,0,0,0,0,0,0,0,0,0,0,0,0,0,0,0,0,0,0,0,0,0,0,0,0,0,6,9,14,4,0,4,0,0,0,13,10,22,0,0,0,0,0,0,0,0
ILOC70600103,76,58,135,36,24,63,63,43,109,175,126,308,9,0,13,0,0,3,3,0,3,14,12,21,12,15,31,0,0,0,0,0,0,12,15,31,18,12,30,0,0,9,10,6,15,25,24,51,25,20,41,12,13,33,26,28,56,69,59,131,10,7,17,11,5,20,23,4,32,47,17,68,5,0,8,0,0,0,0,0,0,7,0,8,74,54,130,36,27,57,62,44,102,165,125,287,3,0,3,0,0,0,6,0,3,4,6,11,0,0,4,6,0,6,10,5,14,20,7,27,0,0,0,4,0,4,8,3,11,17,3,16,4,0,4,98,16,116,209,12,219,317,24,340,0,0,0,9,0,6,10,3,9,13,5,16,0,0,0,9,0,10,23,0,25,36,3,38,0,0,0,0,0,0,0,4,4,0,4,4,7,5,9,59,27,83,126,34,159,186,67,255,0,0,0,0,0,0,0,0
ILOC70600104,52,48,104,0,0,9,7,0,7,62,50,112,3,0,10,0,0,0,0,0,0,3,0,10,6,9,16,0,0,0,0,0,0,6,9,16,6,9,19,0,0,0,4,0,4,11,9,19,13,12,29,0,0,0,3,0,3,15,12,32,16,22,32,4,0,4,0,0,0,19,22,36,4,0,3,0,0,5,0,0,0,4,5,4,53,48,104,0,0,9,7,0,7,63,50,110,0,0,0,0,0,0,0,0,0,0,0,0,0,0,0,0,0,0,0,0,0,0,0,0,0,0,0,0,0,0,0,0,0,0,0,0,0,0,0,0,0,0,0,0,0,0,0,0,0,0,0,0,0,0,0,0,0,0,0,0,0,0,0,0,0,0,0,0,0,0,0,0,0,0,0,0,0,0,0,0,0,0,0,0,0,5,3,0,0,0,0,0,0,0,5,8,0,0,0,0,0,0,0,0
ILOC70600105,220,225,441,7,9,23,13,10,21,238,246,482,15,15,30,0,0,0,0,0,0,15,15,30,31,19,55,0,0,0,3,0,5,35,23,58,54,56,109,0,0,0,0,0,0,53,59,113,83,76,163,5,4,3,3,5,7,92,84,174,30,40,69,7,4,12,3,8,9,38,51,88,3,9,9,0,0,0,0,0,0,3,13,14,210,215,418,8,4,16,9,5,19,226,224,450,4,4,8,0,0,0,0,0,0,4,4,8,0,0,0,0,0,0,0,0,0,0,0,0,0,0,0,0,0,0,0,0,0,0,0,0,0,0,0,0,0,0,0,0,0,5,0,5,0,0,0,0,0,0,0,0,0,0,0,0,0,0,0,0,0,0,0,0,0,0,0,0,0,0,0,0,0,0,0,0,0,0,0,0,5,5,3,0,0,0,0,0,0,5,9,7,0,0,0,0,0,0,0,0
ILOC70600201,308,334,645,18,25,49,6,11,17,338,368,705,18,19,38,3,0,3,0,0,0,21,24,45,52,51,102,0,0,0,0,0,0,51,51,99,68,56,122,3,0,3,0,0,0,71,56,126,110,127,238,9,15,21,0,6,8,120,141,263,53,68,125,8,4,16,3,4,8,63,81,145,9,14,21,3,0,3,0,0,0,9,13,26,279,307,584,17,19,36,4,10,15,307,337,638,4,0,4,0,0,0,0,0,0,4,0,3,0,0,0,0,0,0,0,0,0,0,0,0,0,0,0,4,4,0,0,0,0,0,4,6,0,0,0,6,0,9,0,0,0,6,0,9,0,0,0,0,0,0,0,0,0,0,0,0,0,0,0,0,0,0,0,0,0,0,0,0,0,0,0,0,0,0,0,0,0,0,0,0,0,0,0,9,5,5,5,0,7,12,4,18,0,0,0,0,0,0,0,0
ILOC70600202,23,42,63,0,0,0,0,0,0,23,42,63,0,3,7,0,0,0,0,0,0,0,3,7,9,7,12,0,0,0,0,0,0,9,7,12,0,10,11,0,0,0,0,0,0,0,10,11,8,10,23,0,0,0,0,0,0,8,10,23,0,9,11,0,0,0,0,0,0,0,9,11,0,4,4,0,0,0,0,0,0,0,4,4,23,42,66,0,0,0,0,0,0,23,42,66,0,5,3,0,0,0,0,0,0,0,5,3,0,0,0,0,0,0,0,0,0,0,0,0,0,0,0,0,0,0,0,0,0,0,0,0,0,0,0,0,0,0,0,0,0,0,0,0,0,0,0,0,0,0,0,0,0,0,0,0,0,0,0,0,0,0,0,0,0,0,0,0,0,0,0,0,0,0,0,0,0,0,0,0,0,4,3,0,0,0,0,0,0,0,4,3,0,0,0,0,0,0,0,0
ILOC70600301,26,36,59,0,0,0,0,0,0,26,36,59,5,5,9,0,0,0,0,0,0,5,5,9,7,3,10,0,0,0,0,0,0,7,3,10,5,9,16,0,0,0,0,0,0,5,9,16,4,3,11,0,0,0,0,0,0,4,3,11,6,5,15,0,0,0,0,0,0,6,5,15,0,0,0,0,0,0,0,0,0,0,0,0,26,30,61,0,0,0,0,0,0,26,30,61,0,0,0,0,0,0,0,0,0,0,0,0,0,0,0,0,0,0,0,0,0,0,0,0,0,0,0,0,0,0,0,0,0,0,0,0,0,0,0,0,0,0,0,0,0,0,0,0,0,0,0,0,0,0,0,0,0,0,0,0,0,0,0,0,0,0,0,0,0,0,0,0,0,0,0,0,0,0,0,0,0,0,0,0,0,0,0,0,0,0,0,0,0,0,0,0,0,0,0,0,0,0,0,0
ILOC70600302,39,39,82,0,0,0,0,5,5,39,42,83,5,0,10,0,0,0,0,0,0,5,0,10,3,7,7,0,0,0,0,0,0,3,7,7,12,12,28,0,0,0,0,0,0,12,12,28,11,14,22,0,0,0,0,0,0,11,14,22,8,9,14,0,0,0,0,0,0,8,9,14,0,0,0,0,0,0,0,5,5,0,6,6,39,42,83,0,0,0,0,0,0,39,42,83,0,0,0,0,0,0,0,0,0,0,0,0,0,0,0,0,0,0,0,0,0,0,0,0,0,0,0,0,0,0,0,0,0,0,0,0,0,0,0,0,0,0,0,0,0,0,0,0,0,0,0,0,0,0,0,0,0,0,0,0,0,0,0,0,0,0,0,0,0,0,0,0,0,0,0,0,0,0,0,0,0,0,0,0,0,0,0,0,0,0,0,0,0,0,0,0,0,0,0,0,0,0,0,0
ILOC70600303,15,16,32,0,0,3,4,0,3,18,19,44,0,0,0,0,0,0,0,0,0,0,0,0,0,3,3,0,0,0,0,0,0,0,3,3,5,5,13,0,0,0,0,0,0,6,5,15,4,3,6,0,0,0,0,0,0,4,3,6,5,0,3,0,0,0,0,0,3,5,6,7,4,0,8,0,0,3,0,0,0,5,0,7,15,16,32,0,0,3,4,0,3,18,19,44,0,0,0,0,0,0,0,0,0,0,0,0,0,0,0,0,0,0,0,0,0,0,0,0,0,0,0,4,3,10,0,0,3,6,5,11,0,0,0,4,0,8,0,0,0,4,0,8,0,0,0,0,0,0,0,0,0,0,0,0,0,0,0,0,0,0,0,0,0,0,0,0,0,0,0,0,0,0,0,0,0,0,0,0,0,0,0,3,3,8,0,0,0,0,4,5,0,0,0,3,0,4,0,0
ILOC70600304,112,87,204,0,0,0,4,0,4,115,87,207,9,4,13,0,0,0,0,0,0,9,4,13,22,11,32,0,0,0,0,0,0,22,11,32,21,19,38,0,0,0,0,0,0,21,19,38,28,36,65,0,0,0,0,0,0,28,36,65,29,13,46,0,0,0,3,0,3,34,13,52,10,3,16,0,0,0,0,0,0,10,3,16,103,87,196,0,0,0,4,0,4,108,87,199,0,0,0,0,0,0,0,0,0,0,0,0,0,0,0,0,0,0,0,0,0,0,0,0,0,0,0,4,0,0,0,0,0,4,0,0,0,0,0,0,0,0,0,0,0,0,0,0,0,0,0,0,0,0,0,0,0,0,0,0,0,0,0,0,0,0,0,0,0,0,0,0,0,0,0,0,0,0,0,0,0,0,0,0,0,5,3,3,0,0,0,4,4,3,7,10,0,0,0,0,0,0,5,0
ILOC70600305,42,36,79,4,0,4,6,0,9,56,40,95,0,3,7,0,0,0,0,0,0,0,3,3,12,6,10,0,0,0,0,0,0,9,6,16,7,10,20,0,0,0,0,0,0,7,10,20,15,15,29,3,0,4,3,0,5,22,17,31,14,6,21,0,0,0,0,0,0,14,6,21,0,0,6,0,0,0,0,0,0,0,0,6,42,36,79,4,0,4,6,0,9,56,40,95,0,0,0,0,0,0,0,0,0,0,0,0,0,0,0,0,0,0,0,0,0,0,0,0,0,0,0,0,0,0,0,0,0,0,0,0,0,0,0,0,0,0,0,0,0,0,0,0,0,0,0,0,0,0,0,0,0,0,0,0,0,0,0,0,0,0,0,0,0,0,0,0,0,0,0,0,0,0,0,0,0,0,0,0,0,3,3,0,0,0,0,0,0,0,3,3,0,0,0,0,0,0,0,0
ILOC70600401,996,1029,2027,73,66,139,24,10,32,1090,1109,2199,98,89,187,4,8,9,6,0,3,103,95,200,197,176,372,4,3,10,4,0,7,199,181,382,261,246,500,4,11,11,0,0,3,266,249,511,279,314,602,33,27,60,8,5,11,323,347,673,143,173,314,19,17,35,5,4,4,162,192,356,20,34,53,9,9,16,5,0,5,33,42,68,973,990,1959,66,62,124,12,11,28,1048,1059,2114,0,0,0,0,0,0,0,0,0,0,0,5,0,0,0,6,3,4,0,0,0,4,3,6,3,0,3,5,5,11,0,0,0,7,8,12,0,0,0,3,0,4,0,0,0,4,3,6,0,0,0,0,4,0,0,0,0,4,4,5,0,0,0,0,0,0,0,0,0,0,0,0,0,0,0,0,0,0,0,0,0,0,0,0,24,15,43,7,9,12,8,5,10,38,30,69,0,0,0,0,0,0,0,0
ILOC70600402,204,224,425,11,8,18,0,6,6,216,235,450,11,17,32,0,0,0,0,0,0,16,17,32,39,46,93,0,0,0,0,0,0,46,46,88,51,53,102,0,0,0,0,0,0,51,54,96,51,60,113,10,3,12,0,6,6,61,65,128,36,42,79,0,0,0,0,0,0,38,45,81,8,9,18,0,0,0,0,0,0,8,9,18,182,205,386,10,3,15,0,6,6,191,209,401,0,3,3,0,0,0,0,0,0,0,3,3,0,0,0,0,0,0,0,0,0,0,0,0,0,0,0,0,0,0,0,0,0,0,4,4,0,0,0,0,0,0,0,0,0,0,0,0,0,0,0,0,0,0,0,0,0,0,0,0,0,0,0,0,0,0,0,0,0,0,0,0,0,0,0,0,0,0,0,0,0,0,0,0,13,21,33,0,0,0,0,5,5,13,25,34,0,0,0,0,0,0,0,0
ILOC70600501,98,110,209,13,11,22,6,4,6,109,129,241,16,8,22,0,0,0,0,0,0,14,12,25,25,17,39,0,3,3,0,0,0,25,16,40,18,20,41,0,0,0,0,0,0,18,20,41,25,30,54,4,4,3,0,0,0,25,33,62,17,17,38,3,7,12,0,4,7,21,32,50,3,7,15,6,0,3,0,0,0,13,6,16,98,105,206,9,11,26,0,4,6,111,129,234,0,0,0,0,0,0,0,0,0,0,0,0,0,0,0,0,0,0,0,0,0,0,0,0,0,0,0,0,0,0,0,0,0,0,0,0,0,0,0,0,0,0,0,0,3,6,3,4,0,0,0,0,0,0,0,0,0,0,0,0,0,0,0,0,0,0,0,0,0,0,0,0,0,0,0,0,0,0,0,0,0,0,0,0,3,3,6,0,0,0,0,0,0,3,3,6,0,0,0,5,4,6,0,0
ILOC70600502,196,177,371,1159,1141,2296,383,317,697,1736,1628,3362,15,8,27,92,78,173,31,11,40,140,108,237,41,32,74,228,223,457,58,64,126,332,322,657,39,32,76,90,94,184,46,34,82,170,167,336,75,61,132,383,426,806,133,141,278,592,625,1215,21,33,56,307,272,580,93,50,147,420,358,782,3,4,11,62,37,98,15,14,24,84,59,139,186,161,345,1080,1040,2118,359,293,651,1622,1490,3113,0,0,0,0,3,10,0,0,0,3,3,10,0,0,0,17,13,30,21,4,28,38,18,59,0,0,0,18,15,36,18,12,22,34,31,61,0,0,0,48,20,67,67,8,75,113,31,145,0,0,0,7,8,16,14,13,28,25,21,40,0,0,0,14,11,24,15,10,25,27,17,45,0,0,0,0,0,5,3,0,0,3,4,8,19,26,44,47,47,93,44,23,72,114,93,207,0,0,0,0,0,0,0,0
ILOC70600601,335,336,675,19,16,42,5,6,10,361,362,718,26,15,42,0,0,0,0,0,0,26,15,42,56,40,95,0,0,3,0,0,0,55,43,99,63,66,131,0,3,8,0,0,0,65,72,139,115,120,229,8,6,16,0,5,11,127,132,257,57,67,128,5,9,14,0,0,0,64,79,144,18,27,43,0,0,0,0,0,0,23,27,48,319,318,640,16,13,29,0,5,3,339,336,673,3,6,8,0,0,0,0,0,0,3,6,8,0,0,0,0,0,0,0,0,0,0,0,0,0,0,0,0,0,3,0,0,0,0,0,4,0,0,0,0,0,6,0,0,0,0,0,5,0,0,0,0,0,0,0,0,0,4,0,4,0,0,0,0,0,0,0,0,0,0,0,0,0,0,0,0,0,0,0,0,0,0,0,0,6,10,16,3,4,5,0,4,4,11,17,27,0,0,0,0,0,0,0,0
ILOC70600701,524,501,1025,22,31,47,12,13,26,556,545,1097,35,43,80,0,0,0,0,0,0,35,45,84,88,87,178,0,0,6,3,0,5,99,87,183,127,102,232,0,0,0,0,0,0,127,104,234,162,155,321,9,11,19,6,10,11,182,170,349,89,95,175,6,13,19,3,6,9,91,108,202,22,21,45,0,0,5,0,0,0,21,21,46,508,487,992,19,23,43,9,11,19,535,521,1052,0,0,0,0,0,0,0,0,0,0,0,0,0,0,0,0,0,0,0,0,0,0,0,0,0,0,0,0,0,0,0,0,0,0,0,0,0,0,0,0,0,0,0,0,0,0,0,0,0,0,0,0,0,0,0,0,0,0,0,0,0,0,0,0,0,0,0,0,0,0,0,0,0,0,0,0,0,0,0,0,0,0,0,0,19,17,35,3,0,6,0,0,0,23,17,42,0,0,0,0,0,0,0,0
ILOC70600704,379,367,742,28,27,59,8,7,14,413,399,814,21,22,41,5,0,8,0,0,0,26,20,49,83,69,147,0,3,8,0,0,0,83,65,153,59,63,127,0,0,0,0,0,0,63,67,128,132,124,262,9,8,22,7,0,11,145,139,293,62,72,137,11,7,19,4,0,4,75,83,158,15,13,32,0,0,5,0,0,0,19,17,41,363,352,718,22,23,53,9,3,10,399,382,777,0,0,0,0,0,0,0,0,0,0,0,0,0,0,0,0,0,0,0,0,0,0,0,0,0,0,0,0,4,7,0,0,0,0,5,7,0,0,0,0,0,0,0,0,0,0,0,0,0,0,0,0,0,0,0,0,0,0,0,0,0,0,0,0,0,0,0,0,0,0,0,0,0,0,0,0,0,0,0,0,0,0,0,0,4,9,10,5,9,11,3,0,4,10,14,26,0,0,0,0,0,0,0,0
ILOC70600705,85,80,169,6,8,11,0,0,0,95,88,176,0,0,3,0,0,0,0,0,0,0,0,3,14,15,31,0,0,6,0,0,0,14,17,31,24,11,36,3,0,4,0,0,0,24,16,42,28,26,53,0,3,4,0,0,0,31,28,54,20,26,40,3,0,3,0,0,0,19,26,43,8,5,11,0,0,0,0,0,0,8,5,11,85,81,169,6,8,11,0,0,0,95,90,178,0,0,0,0,0,0,0,0,0,0,0,0,0,0,0,0,0,4,0,0,0,0,0,4,0,0,0,3,3,5,0,0,0,0,3,6,0,0,0,0,0,0,0,0,0,0,0,0,0,0,0,0,0,0,0,0,0,0,0,0,0,0,0,0,0,0,0,0,0,0,0,0,0,0,0,0,0,0,0,0,0,0,0,0,3,10,18,0,7,7,0,0,0,3,11,13,0,0,0,0,0,0,0,0
ILOC70600801,235,285,524,59,61,117,5,9,18,303,358,657,23,16,40,6,0,5,0,0,0,29,17,50,34,42,76,7,15,19,0,0,5,42,58,99,44,49,97,4,6,15,0,0,0,52,56,106,79,104,179,19,20,40,0,3,6,96,129,228,48,59,109,21,18,35,3,3,6,69,78,147,13,18,29,4,5,5,0,0,0,13,21,39,226,271,495,56,61,116,4,10,9,285,333,618,0,3,3,0,0,0,0,0,0,0,3,3,0,0,0,0,0,0,0,0,0,0,3,3,0,0,0,0,0,0,0,0,0,0,0,0,0,0,0,3,0,3,0,0,0,3,0,3,0,0,0,0,0,0,0,0,0,0,0,0,0,0,0,0,0,0,0,0,0,0,0,0,0,0,0,3,0,5,0,0,0,3,0,5,9,5,13,0,0,3,0,0,0,11,4,17,0,0,0,0,0,0,0,0
ILOC70700101,171,176,347,22,18,44,0,0,5,190,197,394,20,16,38,0,0,0,0,0,0,20,16,38,44,42,85,3,5,7,0,0,0,47,47,93,42,26,71,5,8,8,0,0,0,46,32,77,48,52,102,3,3,13,5,0,5,53,59,116,16,23,41,8,6,14,0,0,0,19,31,50,3,11,14,3,0,3,0,0,0,9,12,14,169,172,335,22,19,42,0,0,5,190,189,381,0,4,4,0,0,0,0,0,0,0,4,4,0,0,0,0,0,0,0,0,0,0,0,0,0,0,0,0,0,0,0,0,0,0,0,0,0,0,0,0,0,3,0,0,0,4,0,3,0,0,0,0,0,0,0,0,0,0,0,0,0,0,0,0,0,0,0,0,0,0,0,0,0,0,0,0,0,0,0,0,0,0,0,0,0,0,0,0,0,0,0,0,0,4,0,4,0,0,0,0,0,0,0,0
ILOC70700201,176,160,335,9,4,11,6,3,8,179,172,350,13,18,28,0,0,0,0,0,0,13,18,28,43,31,68,0,0,0,0,0,4,42,30,72,32,30,63,0,0,0,0,0,3,34,32,67,60,53,108,0,4,4,0,6,5,61,52,113,23,29,55,9,0,6,0,0,0,32,34,63,4,7,13,0,0,0,0,0,0,4,7,13,170,154,323,4,4,7,0,3,10,177,162,343,4,4,8,0,0,0,0,0,0,4,4,8,0,0,0,0,0,0,0,0,0,0,0,0,0,0,0,0,0,0,0,0,0,0,0,0,0,0,0,0,0,0,0,0,0,0,0,0,0,0,0,0,0,0,0,0,0,0,0,0,0,0,0,0,0,0,0,0,0,0,0,0,0,0,0,0,0,0,0,0,0,0,0,0,0,4,6,3,0,3,0,0,0,4,4,7,0,0,0,0,0,0,0,0
ILOC70700301,45,19,64,120,84,197,27,11,34,185,113,293,3,4,7,3,0,5,0,0,0,11,3,14,8,4,12,10,0,8,0,0,0,14,5,21,4,4,5,37,34,71,5,0,3,48,34,80,7,0,13,34,30,70,6,3,11,51,42,87,7,8,17,24,3,32,12,3,16,40,17,55,5,0,6,9,6,18,3,0,8,17,8,25,39,19,59,110,81,195,19,11,33,175,107,285,0,0,0,0,0,0,0,0,0,4,0,4,4,0,4,23,25,55,3,0,3,30,27,58,0,0,0,46,45,95,4,8,16,58,55,114,0,0,3,42,43,93,0,9,8,49,53,97,0,0,0,34,34,71,0,3,3,38,40,79,0,0,0,14,12,25,0,0,0,14,12,25,0,0,0,3,0,3,3,0,3,7,0,8,4,0,7,43,19,65,21,4,25,68,30,96,0,0,0,0,4,8,0,0
ILOC70700302,47,43,91,69,52,122,4,8,12,122,100,225,7,4,10,3,0,4,0,0,4,11,8,12,15,8,21,0,0,0,0,0,0,14,8,18,7,8,14,27,23,51,3,7,6,33,34,73,12,16,30,24,19,42,4,3,7,40,34,76,12,7,17,10,7,14,0,0,4,23,16,35,0,0,0,4,0,4,0,0,0,7,0,4,47,43,89,61,42,105,7,4,10,115,92,202,0,0,0,0,0,4,0,0,0,0,0,4,0,0,6,14,9,23,6,3,6,15,15,27,0,0,0,8,8,14,0,0,0,8,8,14,0,0,0,17,15,34,3,0,0,19,18,42,0,0,0,8,4,19,0,4,3,11,12,19,0,0,0,0,0,10,0,0,3,4,9,10,0,0,0,0,0,3,0,0,0,0,0,3,0,0,0,6,6,8,0,0,0,6,5,9,0,0,0,0,0,0,0,0
ILOC70700303,25,31,60,0,3,0,0,0,0,29,35,67,4,0,5,0,0,0,0,0,0,4,0,5,4,13,18,0,0,0,0,0,0,4,13,18,6,3,14,0,0,0,0,0,0,6,5,17,9,13,19,0,0,0,0,0,0,8,12,18,4,3,7,0,0,0,0,0,0,4,6,12,0,0,0,0,0,0,0,0,0,0,0,0,25,31,60,0,3,0,0,0,0,29,35,67,0,0,0,0,0,0,0,0,0,0,0,0,0,0,0,0,0,0,0,0,0,0,0,0,0,0,0,0,0,0,0,0,0,0,0,0,0,0,0,0,0,0,0,0,0,0,0,0,0,0,0,0,0,0,0,0,0,0,0,0,0,0,0,0,0,0,0,0,0,0,0,0,0,0,0,0,0,0,0,0,0,0,0,0,0,0,0,0,0,0,0,0,0,0,0,0,0,0,0,0,0,0,0,0
ILOC70700304,67,66,137,45,44,92,11,7,18,126,117,242,5,8,15,0,0,5,0,0,0,7,11,18,19,14,28,5,0,8,5,0,5,25,16,46,7,7,18,13,10,18,0,0,0,15,18,33,19,24,41,13,17,29,5,4,6,33,46,81,17,11,25,6,12,16,4,4,4,26,24,44,9,4,8,6,7,9,0,0,3,11,13,21,71,63,131,45,46,91,11,7,18,121,120,239,0,0,0,0,0,0,0,0,0,0,0,0,0,0,6,14,10,24,6,0,5,19,13,28,0,0,0,42,48,86,9,3,8,50,53,100,0,0,0,27,24,52,7,0,5,31,23,56,0,0,0,33,27,65,4,0,4,36,27,69,0,0,0,12,7,20,6,4,4,7,8,21,0,0,0,4,5,6,0,0,3,3,6,10,0,0,0,22,26,46,0,4,3,25,28,50,0,0,0,0,0,4,0,0
ILOC70700305,28,34,62,0,0,0,0,0,0,28,34,62,4,0,7,0,0,0,0,0,0,4,0,7,11,12,12,0,0,0,0,0,0,11,12,12,0,10,7,0,0,0,0,0,0,0,10,7,5,13,22,0,0,0,0,0,0,5,13,22,3,4,10,0,0,0,0,0,0,3,4,10,0,0,0,0,0,0,0,0,0,0,0,0,28,34,62,0,0,0,0,0,0,28,34,62,0,0,0,0,0,0,0,0,0,0,0,0,0,0,0,0,0,0,0,0,0,0,0,0,0,0,0,0,0,0,0,0,0,0,0,0,0,0,0,0,0,0,0,0,0,0,0,0,0,0,0,0,0,0,0,0,0,0,0,0,0,0,0,0,0,0,0,0,0,0,0,0,0,0,0,0,0,0,0,0,0,0,0,0,0,0,0,0,0,0,0,0,0,0,0,0,0,0,0,0,0,0,0,0
ILOC70700401,117,128,244,12,18,35,7,5,11,142,152,287,13,12,28,0,0,0,0,0,0,13,17,26,29,25,54,0,0,0,0,0,0,34,25,58,25,21,39,0,0,0,0,6,6,20,22,44,32,40,74,6,5,15,3,0,6,41,50,95,12,24,44,3,5,12,0,0,0,17,28,51,4,9,9,4,3,9,0,0,4,8,8,20,117,127,238,11,11,28,7,5,11,134,145,280,0,0,0,0,0,0,0,0,0,0,0,0,0,0,0,4,3,11,0,0,0,4,3,11,0,0,0,0,0,4,0,0,0,0,0,4,0,0,0,0,0,0,0,0,0,0,0,0,0,0,0,3,0,3,0,0,0,3,0,3,0,0,0,0,0,0,0,0,0,0,0,0,0,0,0,0,0,3,0,0,0,0,0,3,3,0,6,8,0,8,0,0,0,10,3,17,0,0,0,0,0,0,0,0
ILOC70700501,30,47,75,0,0,0,0,0,0,30,47,75,0,5,9,0,0,0,0,0,0,0,5,9,9,11,12,0,0,0,0,0,0,9,11,12,3,9,8,0,0,0,0,0,0,3,9,8,6,18,23,0,0,0,0,0,0,6,18,23,5,12,18,0,0,0,0,0,0,5,12,18,7,5,6,0,0,0,0,0,0,7,5,6,30,46,73,0,0,0,0,0,0,30,46,73,0,0,0,0,0,0,0,0,0,0,0,0,0,0,0,0,0,0,0,0,0,0,0,0,0,0,0,0,0,0,0,0,0,0,0,0,0,0,0,0,0,0,0,0,0,0,0,0,0,0,0,0,0,0,0,0,0,0,0,0,0,0,0,0,0,0,0,0,0,0,0,0,0,0,0,0,0,0,0,0,0,0,0,0,0,0,0,0,0,0,0,0,0,0,0,0,0,0,0,0,0,0,0,0
ILOC70700502,65,70,138,0,0,0,0,0,0,66,70,135,9,7,17,0,0,0,0,0,0,9,7,17,9,9,21,0,0,0,0,0,0,9,9,21,10,7,18,0,0,0,0,0,0,10,7,18,12,21,37,0,0,0,0,0,0,12,21,37,17,18,32,0,0,0,0,0,0,15,18,32,0,5,11,0,0,0,0,0,0,0,5,11,65,70,138,0,0,0,0,0,0,66,70,135,0,0,0,0,0,0,0,0,0,0,0,0,0,0,0,0,0,0,0,0,0,0,0,0,0,0,0,0,0,0,0,0,0,0,0,0,0,0,0,0,0,0,0,0,0,0,0,0,5,0,3,0,0,0,0,0,0,5,0,3,0,0,0,0,0,0,0,0,0,0,0,0,0,0,0,0,0,0,0,0,0,0,0,0,6,9,10,0,0,0,0,0,0,6,9,10,0,0,0,0,0,0,0,0
ILOC70700503,159,154,310,0,0,0,0,3,0,161,156,317,27,16,43,0,0,0,0,0,0,27,17,45,21,24,51,0,0,0,0,0,4,24,24,49,28,29,56,0,0,0,0,0,0,28,29,57,47,41,90,0,0,0,0,0,0,47,41,90,20,35,55,0,0,0,0,0,0,20,35,55,8,10,19,0,0,0,0,0,0,8,10,19,153,148,309,0,0,0,0,3,0,154,156,310,0,0,0,0,0,0,0,0,0,0,0,0,0,0,0,0,0,0,0,0,0,0,0,0,0,0,0,0,0,0,0,0,0,0,0,0,0,0,0,0,0,0,0,0,0,0,0,0,0,0,0,0,0,0,0,0,0,0,0,0,0,0,0,0,0,0,0,0,0,0,0,0,0,0,0,0,0,0,0,0,0,0,0,0,8,10,12,0,0,0,0,0,0,8,10,12,0,0,0,0,0,0,0,0
ILOC70700504,596,589,1189,588,548,1132,131,99,236,1316,1238,2553,63,55,121,31,40,69,8,11,22,95,103,205,123,108,232,30,24,59,11,9,20,173,146,317,74,82,157,50,35,81,16,6,23,141,124,265,171,172,346,201,215,411,39,33,70,405,421,827,128,126,251,181,181,359,53,30,78,355,336,685,40,44,83,95,55,146,13,7,19,146,104,245,556,553,1107,540,494,1031,118,79,200,1217,1128,2345,6,3,10,4,9,12,0,0,0,8,5,18,0,0,0,15,13,26,4,3,7,18,14,34,0,0,0,51,46,95,6,8,13,57,54,111,0,0,5,26,37,66,4,3,9,34,42,77,0,0,0,38,33,69,3,4,9,41,33,76,0,0,0,12,14,24,0,0,5,14,17,26,0,0,0,5,6,13,0,0,0,10,8,14,26,35,59,48,40,86,15,14,28,92,88,170,0,0,0,0,0,0,0,0
ILOC70700601,54,73,135,7,6,12,3,0,3,64,86,147,4,19,21,0,0,0,3,0,3,3,19,17,15,18,30,0,0,0,0,0,0,15,18,33,10,9,13,0,0,0,0,0,0,10,9,13,23,23,45,0,3,7,0,0,0,27,25,50,7,8,18,5,0,0,0,0,0,12,10,17,0,0,4,0,0,0,0,0,0,0,0,5,54,72,123,7,6,12,3,0,3,58,75,141,0,0,0,0,0,0,0,0,0,0,0,0,0,0,0,0,0,0,0,0,0,0,0,0,0,0,0,0,0,0,0,0,0,0,0,0,0,0,0,0,0,0,0,0,0,0,0,0,0,0,0,0,0,0,0,0,0,0,0,0,0,0,0,0,0,0,0,0,0,0,0,0,0,0,0,0,0,0,0,0,0,0,0,0,0,0,0,0,0,0,0,0,0,0,4,4,0,0,0,0,0,0,0,0
ILOC70700602,60,69,129,5,9,12,0,0,0,63,76,143,7,4,12,0,0,0,0,0,0,7,0,11,12,17,28,0,4,3,0,0,0,15,19,32,12,10,20,0,0,0,0,0,0,12,10,20,24,22,51,0,0,4,0,0,0,23,24,52,6,11,12,0,7,7,0,0,0,6,17,16,0,5,3,0,0,0,0,0,0,0,5,3,60,69,129,5,9,12,0,0,0,63,76,143,0,0,0,0,0,0,0,0,0,0,0,0,0,0,0,3,0,0,0,0,0,3,0,0,0,0,0,0,0,0,0,0,0,0,0,0,0,0,0,0,0,0,0,0,0,0,0,0,0,0,0,0,0,0,0,0,0,0,0,0,0,0,0,0,0,0,0,0,0,0,0,0,0,0,0,0,0,0,0,0,0,0,0,0,0,0,0,0,0,0,0,0,0,0,0,0,0,0,0,0,0,0,0,0
ILOC70800101,395,412,805,1383,1420,2809,137,124,260,1912,1961,3871,36,38,72,71,84,157,6,5,11,115,124,246,80,67,147,177,161,333,12,12,24,262,242,506,89,71,158,111,116,228,8,10,19,212,195,407,97,106,205,476,536,1008,50,39,89,615,679,1296,72,103,176,378,373,753,39,39,74,489,510,1001,20,26,47,170,158,326,23,20,38,212,202,418,316,342,658,1283,1310,2594,109,98,207,1709,1749,3460,5,0,4,6,0,6,0,0,0,10,0,8,0,3,0,6,12,22,0,0,0,8,17,28,0,5,6,57,57,111,18,11,26,74,65,138,0,0,3,32,27,58,8,3,12,35,34,72,0,0,0,40,37,77,16,11,28,58,48,108,0,0,0,24,20,37,4,6,11,25,25,52,0,0,0,5,4,15,0,0,3,9,6,17,52,55,110,62,40,100,32,15,43,145,108,252,0,0,0,3,11,12,0,0
ILOC70800102,383,468,850,1658,1660,3318,144,151,295,2189,2279,4465,41,29,72,121,91,209,13,8,24,175,127,307,103,98,202,235,235,465,23,18,44,356,349,709,90,78,167,157,166,327,22,20,40,269,259,533,83,132,212,627,615,1241,59,61,119,770,809,1576,52,109,159,381,408,780,28,31,54,462,543,999,14,30,42,140,147,289,6,11,21,158,193,350,362,431,790,1580,1581,3164,121,128,250,2063,2139,4207,0,0,0,0,8,4,0,0,0,0,5,8,0,0,0,6,4,9,0,0,0,6,4,9,0,0,4,14,32,41,0,0,0,18,33,49,4,0,3,3,4,13,0,0,0,10,10,13,0,0,0,10,4,16,0,0,0,10,10,18,0,3,3,3,4,4,0,0,0,3,3,7,0,0,0,0,0,5,0,0,0,0,0,5,29,37,59,16,23,40,20,26,49,62,86,140,0,0,0,0,0,0,0,0
ILOC70800103,90,104,195,740,736,1475,103,114,214,934,953,1886,9,5,12,46,35,80,3,3,9,59,45,102,9,4,14,72,84,162,14,8,18,94,103,195,10,4,23,72,60,129,8,9,12,90,70,165,22,12,29,179,213,390,22,34,60,222,258,478,15,22,41,218,213,424,36,33,70,273,261,535,21,58,77,155,135,291,19,28,46,196,213,409,80,105,186,688,691,1379,98,101,198,865,895,1758,0,0,0,3,0,4,0,0,0,3,0,4,0,4,0,27,35,67,4,3,11,38,38,79,0,0,0,227,215,441,60,61,124,290,280,569,0,0,0,69,69,140,22,17,41,94,84,174,0,0,0,136,136,272,23,25,48,159,164,322,0,3,3,35,42,75,9,9,15,41,50,92,0,0,0,22,20,36,4,3,11,22,23,45,13,16,33,52,56,108,10,17,28,77,92,170,0,0,0,0,0,4,0,0
ILOC70800104,16,18,37,179,169,350,16,18,35,219,209,424,0,5,5,18,10,23,0,0,4,16,14,31,0,3,5,24,16,44,0,0,0,29,18,46,3,0,5,16,16,36,5,3,10,24,20,45,6,0,10,32,43,76,0,0,9,42,53,93,4,8,17,66,65,130,3,10,16,80,80,164,0,5,3,26,12,36,5,3,0,27,18,48,20,16,33,163,154,318,14,18,30,198,192,382,0,0,0,0,3,6,0,0,0,0,3,6,0,0,0,0,0,0,0,0,4,4,3,6,0,0,0,5,3,5,0,0,0,5,3,5,0,0,0,0,0,0,0,0,0,0,0,0,0,0,0,5,5,11,0,0,0,5,3,8,0,0,0,0,0,0,0,0,0,0,0,0,0,0,0,0,0,0,0,0,0,0,0,0,3,0,3,4,3,7,0,0,0,6,3,10,0,0,0,0,0,0,0,0
ILOC70800105,482,576,1060,1773,1848,3623,132,149,278,2387,2578,4964,59,59,116,154,130,286,11,8,17,221,200,425,124,111,239,257,240,500,24,23,51,406,383,783,90,92,185,166,183,350,13,16,31,274,291,566,104,164,265,581,665,1245,46,40,85,729,863,1593,86,118,205,477,461,936,27,39,65,588,618,1210,14,38,50,139,169,309,14,12,35,173,216,393,460,551,1009,1691,1775,3462,113,125,235,2259,2448,4711,0,0,0,0,0,0,0,0,0,0,0,0,0,0,0,10,8,17,0,0,0,7,8,20,0,0,0,38,37,75,3,6,3,39,34,77,0,0,0,10,15,26,0,0,0,10,15,26,0,3,3,15,17,33,0,0,0,15,19,35,0,0,0,18,17,25,0,0,3,18,15,32,0,0,0,9,3,11,0,0,0,9,3,11,25,28,55,22,15,38,5,0,6,51,47,94,0,0,0,0,0,0,0,0
ILOC70800106,172,190,359,1658,1715,3374,128,138,262,1952,2043,3991,23,20,42,133,116,249,4,5,4,162,136,302,31,29,60,176,184,358,6,8,13,214,223,431,25,19,41,137,149,282,12,13,25,171,180,353,49,57,110,652,721,1378,53,53,102,753,833,1581,35,47,88,415,405,823,45,54,94,499,504,1003,8,10,19,144,144,285,9,13,22,161,162,324,162,172,335,1557,1621,3178,98,110,209,1817,1900,3721,0,0,0,0,0,7,0,0,0,0,0,7,0,4,7,35,28,66,17,9,30,54,41,97,4,0,5,70,89,163,41,59,97,112,149,265,4,3,9,44,39,73,29,27,55,70,63,134,5,3,7,72,66,135,54,36,94,132,107,242,0,0,0,28,19,42,15,14,31,37,34,70,0,0,0,8,17,25,6,18,24,21,35,52,42,69,117,61,74,132,60,77,136,164,224,388,0,0,0,12,12,25,11,8
ILOC70800107,460,494,955,1893,2050,3941,128,126,255,2482,2676,5157,43,46,89,139,130,272,9,5,12,185,189,370,109,80,188,233,219,452,13,8,27,356,302,663,88,72,165,171,143,314,8,13,26,277,228,506,119,140,260,724,830,1553,53,46,103,894,1017,1919,76,117,193,437,511,950,33,35,66,548,665,1212,22,40,64,185,210,400,14,10,20,218,265,488,441,477,921,1770,1915,3693,90,101,189,2298,2494,4794,0,0,0,0,0,3,0,0,0,7,3,3,0,0,0,26,27,51,27,27,58,56,56,110,3,3,4,31,39,74,17,17,31,54,58,110,0,0,0,9,9,19,3,5,10,11,21,28,0,0,3,21,18,37,0,4,3,23,23,41,0,0,0,11,13,26,8,9,10,19,24,40,0,0,0,6,0,8,0,0,0,6,0,8,36,30,65,51,60,109,27,38,68,117,126,243,0,0,0,0,5,6,4,0
ILOC70800108,9,12,25,13,12,29,0,0,0,28,31,55,0,0,0,0,0,0,0,0,0,0,0,0,0,8,9,0,0,0,0,0,0,6,8,14,10,9,17,0,0,3,0,0,0,10,5,17,0,0,0,3,0,3,0,0,0,0,0,5,0,0,0,3,9,16,0,0,0,3,9,16,0,0,0,0,0,0,0,0,0,0,0,0,9,15,25,18,11,25,0,0,0,24,28,51,0,0,0,0,0,0,0,0,0,0,0,0,0,0,0,0,0,0,0,0,0,0,0,0,0,0,0,0,0,3,0,0,0,0,0,3,0,0,0,0,0,0,0,0,0,0,0,0,0,0,3,0,0,0,0,0,0,0,6,4,0,0,0,0,0,0,0,0,0,0,0,0,0,0,0,0,0,0,0,0,0,0,0,0,28,14,39,0,0,0,0,0,3,33,13,45,0,0,0,0,0,0,0,0
ILOC70800201,56,62,122,0,0,0,0,0,0,56,62,122,8,11,15,0,0,0,0,0,0,8,11,15,14,13,23,0,0,0,0,0,0,14,13,23,14,8,20,0,0,0,0,0,0,14,8,20,20,27,38,0,0,0,0,0,0,20,27,38,4,5,7,0,0,0,0,0,0,4,5,7,3,0,3,0,0,0,0,0,0,3,0,3,51,59,111,0,0,0,0,0,0,51,59,111,0,0,0,0,0,0,0,0,0,0,0,0,0,0,0,0,0,0,0,0,0,0,0,0,0,0,0,0,0,0,0,0,0,0,0,0,0,0,0,0,0,0,0,0,0,0,0,0,0,0,0,0,0,0,0,0,0,0,0,0,5,3,5,0,0,0,0,0,0,5,3,5,0,0,0,0,0,0,0,0,0,0,0,0,5,9,11,0,0,0,0,0,0,5,9,11,0,0,0,0,0,0,0,0
ILOC70800202,108,139,248,0,4,0,9,16,21,118,154,271,7,7,15,0,0,0,0,5,3,8,13,18,24,17,35,0,0,0,0,0,0,28,17,41,6,12,18,0,0,0,0,0,0,6,10,22,41,60,95,0,0,0,0,8,8,40,64,103,29,36,68,0,4,0,4,0,4,35,42,74,10,7,19,0,0,0,0,0,0,10,7,19,102,137,242,0,4,0,8,15,17,112,149,265,0,0,0,0,0,0,0,0,0,0,0,0,0,0,0,0,0,0,0,0,0,0,0,0,0,0,3,0,0,0,0,0,0,0,0,3,7,3,6,4,5,10,0,0,0,9,13,16,0,0,0,0,0,0,0,0,0,0,0,0,0,0,0,0,4,4,0,0,0,0,5,6,0,0,0,0,0,0,0,0,0,0,0,0,5,3,5,0,4,0,0,3,3,5,9,11,0,0,0,0,0,0,0,0
ILOC70800203,115,143,251,5,5,4,0,0,0,119,146,262,10,8,21,0,0,0,0,0,0,10,8,20,24,26,48,0,0,0,0,0,0,22,26,50,22,33,55,0,0,0,0,0,0,24,33,56,31,38,72,0,0,5,0,0,0,32,39,72,17,33,44,0,0,3,0,0,0,20,30,54,4,3,8,0,0,0,0,0,0,4,3,8,115,140,249,5,5,4,0,0,0,119,144,260,0,0,0,0,0,0,0,0,0,0,0,0,0,0,0,0,0,0,0,0,0,0,0,0,0,0,0,6,4,4,0,0,0,6,4,4,0,5,5,0,0,0,0,0,0,0,5,5,0,0,0,0,0,0,0,0,0,0,0,0,0,0,0,0,0,0,0,0,0,0,0,0,0,0,0,0,0,0,0,0,0,0,0,0,5,6,8,0,0,0,0,0,0,5,6,8,0,0,0,0,0,0,0,0
ILOC70800204,48,49,97,0,0,0,0,0,0,49,49,100,4,3,11,0,0,0,0,0,0,4,3,11,10,3,13,0,0,0,0,0,0,10,3,13,9,7,17,0,0,0,0,0,0,9,7,17,11,18,25,0,0,0,0,0,0,11,18,25,4,20,22,0,0,0,0,0,0,10,20,22,5,4,9,0,0,0,0,0,0,5,4,9,47,51,95,0,0,0,0,0,0,47,51,100,0,0,0,0,0,0,0,0,0,0,0,0,0,0,0,0,0,0,0,0,0,0,0,0,0,0,0,0,0,0,0,0,0,0,0,0,0,0,0,0,0,0,0,0,0,0,0,0,0,0,0,0,0,0,0,0,0,0,0,0,0,0,3,0,0,0,0,0,0,0,0,3,0,0,0,0,0,0,0,0,0,0,0,0,0,0,0,0,0,0,0,0,0,0,0,0,0,0,0,0,0,0,0,0
ILOC70800205,40,61,102,0,0,0,0,0,0,40,63,109,6,4,8,0,0,0,0,0,0,6,4,8,11,7,14,0,0,0,0,0,0,11,7,14,0,13,16,0,0,0,0,0,0,0,13,16,14,16,35,0,0,0,0,0,0,14,16,35,9,23,29,0,0,0,0,0,0,9,23,28,9,0,5,0,0,0,0,0,0,9,0,5,44,61,98,0,0,0,0,0,0,44,61,98,0,0,0,0,0,0,0,0,0,0,0,0,0,0,0,0,0,0,0,0,0,0,0,0,0,0,0,0,0,0,0,0,0,0,0,0,0,0,0,0,0,0,0,0,0,0,0,0,0,0,0,0,0,0,0,0,0,0,0,0,0,0,0,0,0,4,0,0,0,0,0,4,0,0,0,0,0,0,0,0,0,0,0,0,0,0,0,0,0,0,0,0,0,0,0,0,0,0,0,0,0,0,0,0
ILOC70800206,58,55,115,0,0,3,5,0,0,64,59,122,6,3,12,0,0,0,0,0,0,6,3,12,18,9,29,0,0,0,0,0,0,18,9,29,4,6,18,0,0,0,0,0,0,4,6,18,16,17,35,0,0,3,0,0,0,21,17,37,8,17,22,0,0,0,0,0,0,9,17,26,0,6,3,0,0,0,0,0,0,0,3,7,57,52,112,0,0,0,0,0,0,59,55,111,0,0,0,0,0,0,0,0,0,0,0,0,0,0,0,0,0,0,0,0,0,0,0,0,0,0,0,0,0,0,0,0,0,0,0,0,0,0,0,0,0,0,0,0,0,0,0,0,0,0,0,0,0,6,0,0,0,0,4,4,0,0,0,0,0,0,0,0,0,0,0,0,0,0,0,0,0,0,0,0,0,0,0,0,0,0,0,0,0,0,0,0,0,0,0,0,0,0,0,0,0,0,0,0
ILOC70800207,53,62,110,0,0,0,0,0,4,57,65,116,8,4,12,0,0,0,0,0,0,8,4,12,3,7,10,0,0,0,0,0,0,3,7,10,14,18,31,0,0,0,0,0,0,14,18,31,16,25,37,0,0,0,0,0,0,16,25,37,10,9,17,0,0,0,0,0,0,9,9,16,9,7,8,0,0,0,0,0,4,3,4,10,53,62,110,0,0,0,0,0,4,57,65,116,0,0,0,0,0,0,0,0,0,0,0,0,0,0,0,0,0,0,0,0,0,0,0,0,0,0,0,0,0,0,0,0,0,0,0,0,0,0,0,0,0,0,0,0,0,0,0,0,0,0,0,0,0,0,0,0,0,0,0,0,0,0,0,0,0,0,0,0,0,0,0,0,0,0,0,0,0,0,0,0,0,0,0,0,0,0,0,0,0,0,0,0,0,0,0,0,0,0,0,0,0,0,0,0
ILOC70900101,103,119,222,0,6,4,0,0,0,106,123,229,14,9,22,0,0,0,0,0,0,14,9,22,28,17,43,0,0,0,0,0,0,28,17,43,18,15,32,0,0,0,0,0,0,18,15,32,31,46,72,0,6,6,0,0,0,31,49,73,14,31,47,0,0,0,0,0,0,15,31,49,0,5,7,0,0,0,0,0,0,0,5,7,100,112,214,0,6,6,0,0,0,100,110,209,0,0,0,0,0,0,0,0,0,0,0,0,0,0,0,0,0,0,0,0,0,0,0,0,0,0,0,0,0,0,0,0,0,0,0,0,0,0,0,0,0,0,0,0,0,0,0,0,0,0,0,0,0,0,0,0,0,0,0,0,0,0,0,0,0,0,0,0,0,0,0,0,0,0,0,0,0,0,0,0,0,0,0,0,0,0,3,0,0,0,0,0,0,0,0,3,0,0,0,0,0,0,0,0
ILOC70900102,277,285,561,20,19,41,0,0,4,299,308,609,27,26,55,0,0,0,0,0,0,27,26,55,67,60,126,0,0,0,0,0,0,67,62,127,51,51,105,0,0,0,0,0,0,55,50,109,84,83,163,6,10,16,0,0,0,93,92,177,36,54,86,9,6,19,0,0,0,47,55,103,11,15,17,9,0,10,0,0,0,17,14,32,269,272,543,21,20,42,0,0,0,291,296,580,0,0,3,0,0,0,0,0,0,0,0,3,0,0,0,0,0,0,0,0,0,0,0,0,0,0,0,0,0,0,0,0,0,0,0,0,0,0,0,0,0,0,0,0,0,0,0,0,0,0,0,0,0,0,0,0,0,0,3,3,0,0,0,0,0,0,0,0,0,0,0,0,0,0,0,0,0,0,0,0,0,0,0,0,7,5,12,0,5,3,0,0,0,3,11,21,0,0,0,0,0,0,0,0
ILOC70900103,651,171,821,84,31,115,19,12,29,752,212,963,10,6,14,0,0,0,0,0,0,11,9,17,17,9,29,4,10,7,0,0,0,24,20,42,119,22,137,9,4,12,3,0,3,127,27,151,361,57,420,32,8,42,5,0,5,401,73,471,135,53,188,26,9,38,10,3,11,163,69,237,14,18,34,10,0,10,5,0,5,24,18,47,650,166,814,81,29,112,16,8,26,750,205,957,0,0,0,0,0,0,0,0,0,0,0,0,0,0,0,14,10,24,3,4,12,18,15,33,0,0,0,23,30,54,4,3,7,25,36,58,0,0,0,16,11,27,7,3,3,16,12,32,4,0,5,23,18,43,10,13,23,35,32,69,0,0,0,5,5,11,0,0,0,5,5,11,0,0,0,4,0,8,0,0,0,4,0,8,14,7,20,11,11,20,0,7,8,27,19,48,0,0,0,4,18,19,0,6
ILOC70900104,83,97,186,4,10,14,5,0,4,92,105,196,16,15,25,0,0,0,0,0,0,16,15,25,14,22,33,0,0,0,0,0,0,14,22,33,13,7,21,0,0,0,0,0,0,13,11,20,23,34,58,0,4,4,3,0,3,28,37,64,12,18,28,3,0,3,0,0,0,19,18,33,5,6,7,0,3,0,0,0,0,3,9,11,79,98,177,3,7,7,5,0,4,85,105,192,0,0,0,0,0,0,0,0,0,0,0,0,0,0,0,0,0,0,0,0,0,0,0,0,0,0,0,0,0,0,0,0,0,0,0,0,0,0,0,0,0,0,0,0,0,0,0,0,0,0,0,0,0,0,0,0,0,0,0,0,0,0,0,0,0,0,0,0,0,0,0,0,0,0,0,0,0,0,0,0,0,0,0,0,0,4,6,0,0,0,0,0,0,0,9,12,0,0,0,0,0,0,0,0
ILOC70900201,208,217,425,18,15,34,0,12,9,229,239,472,26,17,44,0,0,6,0,0,0,28,20,48,49,43,92,0,0,0,0,0,0,43,46,93,44,39,84,3,0,3,0,0,0,42,40,89,60,59,113,7,6,11,0,4,4,65,67,130,20,45,66,11,10,16,6,0,5,37,56,91,15,8,20,0,0,0,0,0,0,15,8,20,199,207,408,14,12,29,0,6,10,216,230,445,0,0,0,0,0,0,0,0,0,0,0,0,0,0,0,0,0,3,0,0,0,0,0,3,0,0,0,3,3,4,0,0,0,3,3,4,0,0,0,0,0,0,0,0,4,6,0,6,0,0,0,0,0,0,0,0,0,0,3,3,0,0,0,0,0,0,0,0,0,0,0,0,0,0,0,0,0,0,0,0,0,0,3,3,5,0,5,8,3,8,0,0,5,14,0,17,0,0,0,0,0,0,0,0
ILOC70900301,59,43,104,36,24,63,15,11,29,111,86,197,8,7,14,3,0,5,0,0,6,11,12,19,8,5,10,5,4,6,0,0,0,10,5,19,9,5,13,6,4,10,5,4,10,19,13,35,18,11,33,13,3,17,5,3,8,38,24,55,13,11,25,10,13,15,3,3,9,24,19,47,3,5,7,12,3,10,3,0,4,13,11,26,58,40,99,36,26,63,15,14,25,113,80,184,0,0,0,0,0,0,0,0,0,0,0,0,0,0,0,6,0,9,0,0,0,6,0,9,0,0,0,11,4,16,3,7,9,11,10,19,0,0,0,8,10,9,0,0,0,8,10,9,0,0,0,6,10,13,0,4,4,6,11,14,0,0,0,3,0,4,0,0,0,3,0,4,0,0,0,0,0,4,0,0,0,0,0,4,0,0,0,6,3,12,5,0,8,5,10,14,0,0,0,0,0,0,0,0
ILOC70900302,14,31,49,16,28,38,4,0,3,32,56,88,0,6,6,0,4,6,0,0,0,0,6,7,0,9,7,0,3,3,0,0,0,0,12,11,4,3,7,0,0,0,0,0,0,4,3,7,4,3,10,7,9,13,0,0,0,13,20,29,4,9,10,3,8,10,0,0,0,9,15,23,3,4,6,6,0,5,4,0,4,7,5,17,8,21,28,11,19,30,0,0,0,20,40,60,0,0,0,0,4,3,0,0,0,0,0,9,0,0,0,0,5,5,0,0,0,0,8,8,0,0,0,7,5,13,0,0,0,7,5,13,0,0,0,3,5,10,0,0,0,3,5,10,0,0,0,4,3,5,3,0,3,9,3,7,0,0,0,0,0,0,0,0,0,0,0,0,0,0,0,3,3,3,0,0,0,3,3,3,0,0,0,11,6,18,0,0,0,11,11,17,0,0,0,0,0,0,0,0
ILOC70900303,80,92,172,7,6,16,0,0,3,93,95,189,8,7,14,0,0,0,0,0,0,8,8,15,18,11,26,0,0,0,0,0,0,21,11,28,9,13,25,0,0,4,0,0,0,11,11,24,24,38,62,3,0,7,0,0,3,29,39,68,16,11,28,0,3,8,0,0,0,14,17,35,7,6,13,0,0,0,0,0,0,7,6,13,76,82,159,7,6,16,0,0,0,85,97,176,0,0,0,0,0,0,0,0,0,0,0,0,0,0,0,0,0,0,0,0,0,0,0,0,0,0,0,0,0,0,0,0,0,0,0,0,0,0,0,0,0,0,0,0,0,0,0,0,0,0,0,0,0,0,0,0,0,0,0,0,0,0,0,0,0,0,0,0,0,0,0,0,0,0,0,0,0,0,0,0,0,0,0,0,0,0,0,7,0,8,0,0,0,7,0,8,0,0,0,0,0,0,0,0
ILOC70900304,29,39,66,0,0,0,0,0,0,29,39,66,6,8,8,0,0,0,0,0,0,6,8,8,6,9,20,0,0,0,0,0,0,6,9,20,6,9,10,0,0,0,0,0,0,6,9,10,3,5,11,0,0,0,0,0,0,3,5,11,8,8,13,0,0,0,0,0,0,8,8,13,6,4,7,0,0,0,0,0,0,6,4,7,21,33,59,0,0,0,0,0,0,21,33,59,3,9,9,0,0,0,0,0,0,3,9,9,0,0,0,0,0,0,0,0,0,0,0,0,0,0,0,0,0,0,0,0,0,0,0,0,0,0,0,0,0,0,0,0,0,0,0,0,0,0,0,0,0,0,0,0,0,0,0,0,0,0,0,0,0,0,0,0,0,0,0,0,0,0,0,0,0,0,0,0,0,0,0,0,5,4,10,0,0,0,0,0,0,5,4,10,0,0,0,0,0,0,0,0
ILOC70900305,64,81,144,0,0,0,4,0,4,66,81,144,3,7,11,0,0,0,0,0,0,3,7,11,21,15,30,0,0,0,0,0,0,21,15,30,13,13,23,0,0,0,0,0,0,16,13,30,19,25,40,0,0,0,4,0,4,14,25,41,11,15,29,0,0,0,0,0,0,11,15,29,0,6,6,0,0,0,0,0,0,0,6,6,64,81,144,0,0,0,4,0,4,66,81,144,0,0,0,0,0,0,0,0,0,0,0,0,0,0,0,0,0,0,0,0,0,0,0,0,0,0,0,0,0,0,0,0,0,0,0,0,0,0,0,0,0,0,0,0,0,0,0,0,0,0,0,0,0,0,0,0,0,0,0,0,0,0,0,0,0,0,0,0,0,0,0,0,0,0,0,0,0,0,0,0,0,0,0,0,5,5,0,0,0,0,0,0,0,5,5,0,0,0,0,0,0,0,0,0
ILOC70900306,32,30,59,0,0,0,0,0,0,32,30,59,5,4,8,0,0,0,0,0,0,5,4,8,10,5,11,0,0,0,0,0,0,10,5,11,0,6,6,0,0,0,0,0,0,0,6,6,11,9,20,0,0,0,0,0,0,11,9,20,3,3,3,0,0,0,0,0,0,3,3,3,4,10,9,0,0,0,0,0,0,4,10,9,32,30,59,0,0,0,0,0,0,32,30,59,0,0,0,0,0,0,0,0,0,0,0,0,0,0,0,0,0,0,0,0,0,0,0,0,0,0,0,0,0,0,0,0,0,0,0,0,0,0,0,0,0,0,0,0,0,0,0,0,0,0,0,0,0,0,0,0,0,0,0,0,0,0,0,0,0,0,0,0,0,0,0,0,0,0,0,0,0,0,0,0,0,0,0,0,0,0,0,0,0,0,0,0,0,0,4,4,0,0,0,0,0,0,0,0
ILOC70900401,106,80,179,7,7,13,0,0,0,107,86,191,9,8,12,0,0,0,0,0,0,9,8,12,26,13,33,0,0,0,0,0,0,26,13,33,26,6,29,0,0,0,0,0,0,26,10,31,34,28,65,3,0,0,0,0,0,35,33,71,11,12,21,0,4,4,0,0,0,11,19,23,4,8,14,0,0,0,0,0,0,4,12,14,93,69,169,7,4,8,0,0,0,98,76,178,0,0,0,0,0,0,0,0,0,0,0,0,0,0,0,0,0,0,0,0,0,0,0,0,0,0,0,3,3,6,0,0,0,3,3,6,0,0,0,0,0,0,0,0,0,0,0,0,0,0,4,0,0,0,0,0,0,3,0,3,0,0,0,0,0,0,0,0,0,0,0,0,0,0,0,0,0,0,0,0,0,0,0,0,4,3,5,3,4,4,0,0,0,6,3,10,0,0,0,0,0,0,0,0
ILOC70900402,0,0,0,0,0,0,0,0,0,0,0,0,0,0,0,0,0,0,0,0,0,0,0,0,0,0,0,0,0,0,0,0,0,0,0,0,0,0,0,0,0,0,0,0,0,0,0,0,0,0,0,0,0,0,0,0,0,0,0,0,0,0,0,0,0,0,0,0,0,0,0,0,0,0,0,0,0,0,0,0,0,0,0,0,0,0,0,0,0,0,0,0,0,0,0,0,0,0,0,0,0,0,0,0,0,0,0,0,0,0,0,0,0,0,0,0,0,0,0,0,0,0,0,0,0,0,0,0,0,0,0,0,0,0,0,0,0,0,0,0,0,0,0,0,0,0,0,0,0,0,0,0,0,0,0,0,0,0,0,0,0,7,0,0,0,0,0,7,0,0,0,0,0,0,0,0,0,0,0,0,0,0,0,0,0,0,0,0,0,0,0,0,0,0,0,0,0,0,0,0
ILOC70900403,0,0,0,28,39,62,3,0,5,29,43,72,0,0,0,0,0,0,0,0,0,0,0,0,0,0,0,5,0,3,0,0,0,5,0,3,0,0,0,7,3,12,0,0,0,7,3,12,0,0,0,7,20,31,0,0,0,12,22,32,0,0,0,7,7,15,0,0,0,10,7,19,0,0,0,0,5,3,0,0,0,0,5,3,0,0,0,28,33,65,3,0,5,29,35,66,0,0,0,0,0,0,0,0,0,0,0,0,0,0,0,11,8,19,0,0,3,14,7,24,0,0,0,33,28,56,6,0,9,40,31,65,0,0,0,4,3,5,0,0,0,4,3,5,0,0,0,20,14,32,0,0,3,21,15,38,0,0,0,0,0,0,0,0,0,4,0,6,0,0,0,0,0,0,0,0,0,0,0,0,0,0,4,4,12,16,0,0,0,8,11,20,0,0,0,0,0,0,0,0
ILOC70900501,83,78,157,11,24,36,4,3,8,96,100,204,3,12,19,0,0,0,0,0,0,3,12,19,20,14,32,0,4,9,0,0,0,17,18,38,17,9,26,0,0,4,0,0,0,22,14,35,21,26,46,0,5,9,0,0,3,25,34,58,10,13,19,6,12,16,4,0,0,20,27,44,4,8,7,0,0,0,0,0,0,4,8,7,78,78,160,11,17,36,4,0,5,98,102,194,0,0,0,0,0,0,0,0,0,0,0,0,0,0,0,0,0,0,0,0,0,0,0,0,0,0,0,3,0,3,0,0,0,3,0,3,0,0,0,0,0,0,0,0,0,0,0,0,0,0,0,0,0,0,0,0,0,0,0,0,0,0,0,0,0,0,0,0,0,0,0,0,0,0,0,0,0,0,0,0,0,0,0,0,0,3,5,5,5,5,0,0,0,6,7,12,0,0,0,0,0,0,0,0
ILOC70900502,68,60,126,62,59,123,30,18,51,157,140,294,8,4,10,3,4,12,0,3,4,9,13,20,18,13,26,6,10,17,0,3,0,24,24,48,14,18,26,11,11,19,6,4,10,27,31,57,17,17,32,16,25,41,15,7,18,46,47,88,17,8,21,20,10,28,8,4,11,43,24,66,5,0,4,0,0,3,3,0,3,11,5,10,58,59,117,58,51,110,24,17,45,141,128,268,0,0,0,0,0,5,0,0,0,8,0,7,0,0,0,13,6,15,0,0,0,12,6,16,0,0,0,17,18,31,4,0,7,18,15,41,0,0,0,27,23,47,13,7,18,38,26,70,0,0,3,14,20,38,3,4,4,22,23,46,0,0,0,0,0,4,0,0,3,0,0,4,0,0,0,4,5,8,0,0,0,4,5,8,0,0,4,12,10,19,8,4,17,23,16,35,0,0,0,0,0,0,0,0
ILOC70900503,64,86,146,5,7,7,0,0,4,71,92,164,5,9,12,0,0,0,0,0,0,5,9,12,10,10,14,0,0,0,0,0,0,10,10,14,18,16,33,0,0,0,0,0,0,18,16,33,22,24,51,0,0,0,0,0,0,22,31,50,10,12,27,5,3,9,0,0,0,12,18,34,4,11,12,0,0,0,0,0,0,10,11,14,65,86,148,0,7,5,0,0,0,65,92,158,0,0,0,0,0,0,0,0,0,0,0,0,0,0,0,0,0,0,0,0,0,0,0,0,0,0,0,0,0,0,0,0,0,0,0,0,0,0,0,0,0,0,0,0,0,0,0,0,0,0,0,0,0,0,0,0,0,0,0,0,0,0,0,0,0,0,0,0,0,0,0,0,0,0,0,0,0,0,0,0,0,0,0,0,9,7,7,0,0,0,0,0,0,9,3,11,0,0,0,0,0,0,0,0
ILOC70900601,53,62,118,7,5,12,0,0,3,57,70,130,8,10,11,0,0,0,0,0,0,8,10,11,12,7,19,0,0,0,0,0,0,12,11,19,11,9,26,0,0,0,0,0,0,11,9,26,15,21,37,0,4,4,0,0,0,22,20,42,8,13,18,0,3,7,0,0,3,14,17,25,0,5,5,0,0,0,0,0,0,0,4,4,53,61,114,7,5,12,0,0,3,57,69,128,0,0,0,0,0,0,0,0,0,0,0,0,0,0,0,0,0,0,0,0,0,0,0,0,0,0,0,0,0,0,0,0,0,0,0,0,0,0,0,0,0,0,0,0,0,0,0,0,0,0,0,0,0,0,0,0,0,0,0,0,0,0,0,0,0,0,0,0,0,0,0,0,0,0,0,0,0,0,0,0,0,0,0,0,0,0,0,0,0,0,0,0,0,0,0,0,0,0,0,0,0,0,0,0
ILOC70900602,113,118,234,7,9,16,4,3,3,123,132,253,14,8,21,0,0,0,0,0,0,14,8,21,34,26,60,0,0,0,0,0,0,34,26,60,17,15,35,0,0,0,0,0,0,17,15,35,32,32,57,7,5,4,0,3,3,36,35,66,24,26,48,5,5,3,4,0,4,27,30,56,0,6,5,0,0,0,0,0,0,3,5,12,107,117,224,8,5,10,0,0,0,112,120,235,0,0,0,0,0,0,0,0,0,0,5,3,0,0,0,0,0,0,0,0,0,0,0,0,0,0,0,0,0,5,0,0,0,0,0,5,0,0,0,0,0,0,0,0,0,0,0,0,0,0,0,0,0,0,0,0,0,0,0,6,0,0,0,0,0,0,0,0,0,0,0,0,0,0,0,0,0,0,0,0,0,0,0,0,0,0,5,0,0,3,0,0,0,3,4,6,0,0,0,0,0,0,0,0
ILOC70900701,217,276,491,14,26,42,7,6,9,245,312,551,28,31,59,0,0,0,0,0,0,28,32,58,42,48,93,0,0,0,0,0,0,42,48,93,46,53,97,0,0,0,0,0,0,47,53,100,59,84,142,7,9,19,0,3,9,67,96,164,41,55,91,7,11,21,0,4,3,48,72,119,0,9,13,4,0,5,0,0,0,5,6,15,198,248,450,18,26,43,4,3,9,221,275,494,17,14,22,0,0,0,0,0,0,17,14,22,0,0,0,0,0,0,0,0,0,0,0,0,0,0,0,0,3,3,0,0,0,0,3,3,0,0,0,0,5,3,0,0,0,0,5,3,0,0,0,0,0,0,0,0,0,0,0,0,0,0,0,0,0,0,0,0,0,0,0,0,0,0,0,0,0,0,0,0,0,0,0,0,0,0,3,0,4,4,0,0,0,0,8,9,0,0,0,0,0,0,0,0
ILOC70900801,96,97,195,15,11,26,4,5,12,107,118,229,8,8,20,0,0,0,0,0,0,10,8,18,18,10,27,0,0,0,0,0,0,18,10,32,5,12,23,0,0,0,0,0,0,5,12,23,30,37,66,8,3,10,5,5,7,35,43,82,24,19,48,5,5,9,0,0,0,29,28,59,8,6,15,0,4,4,0,0,0,9,11,21,83,93,181,12,11,23,7,5,9,99,115,212,6,0,4,0,0,0,0,0,0,6,0,4,0,0,0,0,0,0,3,3,5,3,7,4,0,0,0,4,4,4,0,5,7,3,6,8,0,0,0,0,0,0,0,0,0,0,0,0,0,0,0,0,0,0,0,0,0,0,0,0,0,0,0,0,0,3,0,0,0,6,0,0,0,0,0,0,0,0,0,0,0,0,0,0,0,0,3,3,10,9,0,0,0,3,9,13,0,0,0,0,0,0,0,0
ILOC70900802,28,34,60,60,44,105,26,10,34,112,89,202,3,0,8,5,0,3,0,0,0,10,4,7,4,9,7,4,0,4,0,0,0,10,9,16,0,7,8,4,8,11,3,0,7,9,16,23,6,9,17,29,22,50,9,7,20,44,34,85,9,10,16,23,12,33,6,0,12,35,20,57,0,0,3,5,4,6,0,0,0,7,3,9,27,33,58,51,36,91,26,10,34,105,79,180,0,0,0,5,0,5,0,0,0,5,0,5,0,0,0,22,22,43,0,0,9,22,27,52,0,0,0,45,48,91,7,11,21,53,60,115,0,0,0,34,33,62,7,6,11,36,36,76,0,0,0,47,44,95,13,12,20,58,56,112,0,0,0,12,9,20,0,0,0,14,9,18,0,0,0,7,10,19,7,0,3,14,11,22,4,9,11,22,13,39,6,5,7,34,27,58,0,0,0,0,4,6,0,0
ILOC70900901,57,53,106,5,0,7,3,0,8,69,54,124,4,0,4,0,0,0,0,0,0,4,0,4,18,12,32,0,0,0,0,0,0,17,12,38,8,12,21,0,0,0,0,0,0,8,12,18,20,14,35,0,0,0,0,0,0,25,14,38,7,9,15,3,0,4,4,0,4,13,11,23,0,0,0,0,0,0,0,0,0,0,0,3,51,47,99,5,0,9,3,0,8,63,55,113,0,0,0,0,0,0,0,0,0,0,0,0,0,0,0,0,0,0,0,0,0,0,0,0,0,0,0,0,0,0,0,0,0,0,0,0,0,0,0,0,0,0,0,0,0,0,0,0,0,0,0,0,0,0,0,0,0,0,0,0,0,0,0,0,0,0,0,0,0,0,0,0,0,0,0,0,0,0,0,0,0,0,0,0,0,0,0,0,0,0,0,0,0,0,0,0,0,0,0,0,0,0,0,0
ILOC70900902,203,218,426,298,251,554,91,83,173,593,555,1149,21,9,31,9,10,13,3,0,4,24,22,47,22,22,42,16,12,22,8,0,9,38,33,72,53,72,128,30,40,70,8,19,27,99,132,233,71,72,145,156,127,281,44,32,79,271,233,507,28,28,56,82,62,147,27,23,51,135,118,253,10,12,20,14,12,21,0,3,3,22,28,46,199,210,406,285,231,513,87,73,160,562,518,1077,0,0,0,4,4,10,0,0,5,12,3,17,0,3,3,29,41,70,3,9,5,31,50,81,0,0,0,68,70,141,7,7,15,74,79,150,0,7,8,58,54,110,7,5,10,62,63,128,0,4,5,45,46,93,5,4,5,51,49,103,0,0,0,17,24,47,0,0,0,20,28,51,0,0,0,8,9,16,0,0,0,8,9,16,11,4,22,33,39,69,5,0,7,51,44,94,0,0,0,3,10,12,0,0
ILOC70901001,120,108,232,12,13,20,0,0,0,128,121,251,18,7,23,0,0,0,0,0,0,18,7,23,25,20,46,0,0,0,0,0,0,25,20,46,24,21,41,0,0,0,0,0,0,24,20,40,31,38,70,3,3,6,0,0,0,37,40,75,25,22,46,6,0,12,0,0,0,27,29,58,0,5,3,0,0,0,0,0,0,0,3,8,122,103,227,4,13,15,0,0,0,124,117,241,0,0,0,0,0,0,0,0,0,0,0,0,0,0,0,0,0,0,0,0,0,0,0,0,0,0,0,0,0,0,0,0,0,0,0,0,0,0,0,0,0,0,0,0,0,0,0,0,0,0,0,0,0,0,0,0,0,0,0,0,0,0,0,0,0,0,0,0,0,0,0,0,0,0,0,0,0,0,0,0,0,0,0,0,0,0,0,10,4,13,0,0,0,10,7,12,0,0,0,0,0,0,0,0
ILOC70901002,13,16,30,60,19,77,55,11,66,129,43,175,0,0,0,0,0,0,0,0,0,0,0,0,0,0,0,0,0,0,0,0,0,0,0,0,0,3,3,9,0,10,8,5,7,12,4,19,10,0,15,23,11,34,23,4,28,61,19,76,6,6,5,22,5,31,24,6,29,53,17,67,0,5,3,0,0,0,0,0,0,4,5,5,12,14,27,58,19,76,52,11,66,127,40,165,0,0,0,0,0,0,0,0,0,0,0,0,0,0,0,11,4,10,7,0,7,16,8,20,0,0,0,10,0,9,3,0,3,15,0,17,0,0,0,75,14,90,79,12,86,157,21,180,3,0,3,16,0,22,18,0,18,39,0,44,0,0,0,65,18,85,65,16,85,139,31,169,0,0,0,0,4,4,0,0,0,0,4,4,14,9,18,78,22,103,88,24,110,178,49,229,0,0,0,0,0,0,0,0
ILOC70901101,179,206,389,16,20,42,6,4,9,205,235,438,19,19,36,0,0,4,0,0,0,23,21,45,36,34,74,3,3,5,0,0,0,41,38,78,47,39,83,0,0,0,0,0,0,47,39,83,48,74,123,12,11,19,0,4,6,60,92,147,28,28,52,3,7,9,0,0,0,31,31,65,4,12,18,0,3,4,0,0,0,3,16,15,172,186,355,18,24,37,4,3,5,190,215,407,6,3,13,0,0,0,0,0,0,6,3,13,0,0,0,0,0,0,0,0,0,0,0,0,0,0,0,0,5,5,0,0,0,0,5,5,0,0,0,0,0,0,0,0,0,0,0,0,3,5,8,0,0,0,0,0,0,0,5,8,0,0,0,0,0,0,0,0,0,5,0,4,0,0,0,0,0,0,0,0,0,0,0,0,8,9,19,10,3,12,0,0,0,19,12,31,0,0,0,0,0,0,0,0
ILOC70901102,24,37,62,3,0,3,0,0,0,32,37,65,0,3,8,0,0,0,0,0,0,0,3,8,0,8,11,0,0,0,0,0,0,0,8,11,7,0,9,0,0,0,0,0,0,3,0,9,7,10,17,0,0,0,0,0,0,11,10,20,7,10,17,0,0,0,0,0,0,8,10,22,0,0,0,0,0,0,0,0,0,0,0,0,24,37,62,3,0,3,0,0,0,32,37,65,0,0,0,0,0,0,0,0,0,0,0,0,0,0,0,0,0,0,0,0,0,0,0,0,0,0,0,0,0,0,0,0,0,0,0,0,0,0,0,0,0,0,0,0,0,0,0,0,0,0,0,0,0,0,0,0,0,0,0,0,0,0,0,0,0,0,0,0,0,0,0,0,0,0,0,0,0,0,0,0,0,0,0,0,0,0,0,0,0,0,0,0,0,0,0,0,0,0,0,0,0,0,0,0
ILOC70901201,19,20,40,0,0,0,0,0,0,19,20,40,0,4,10,0,0,0,0,0,0,0,4,10,3,0,8,0,0,0,0,0,0,3,0,8,0,6,8,0,0,0,0,0,0,0,6,8,3,5,12,0,0,0,0,0,0,3,5,12,4,0,7,0,0,0,0,0,0,4,0,7,0,0,0,0,0,0,0,0,0,0,0,0,17,20,36,0,0,0,0,0,0,17,20,36,0,0,0,0,0,0,0,0,0,0,0,0,0,0,0,0,0,0,0,0,0,0,0,0,0,0,0,0,0,0,0,0,0,0,0,0,0,0,0,0,0,0,0,0,0,0,0,0,0,0,0,0,0,0,0,0,0,0,0,0,0,0,0,0,0,0,0,0,0,0,0,0,0,0,0,0,0,0,0,0,0,0,0,0,0,0,0,0,0,0,0,0,0,0,0,0,0,0,0,0,0,0,0,0
ILOC70901202,13,15,25,0,0,0,0,0,0,13,15,25,0,0,0,0,0,0,0,0,0,0,0,0,3,6,8,0,0,0,0,0,0,3,6,8,0,0,5,0,0,0,0,0,0,0,0,5,7,7,9,0,0,0,0,0,0,7,7,9,0,6,3,0,0,0,0,0,0,0,6,3,0,0,0,0,0,0,0,0,0,0,0,0,13,15,25,0,0,0,0,0,0,13,15,25,0,0,0,0,0,0,0,0,0,0,0,0,0,0,0,0,0,0,0,0,0,0,0,0,0,0,0,0,0,0,0,0,0,0,0,0,0,0,0,0,0,0,0,0,0,0,0,0,0,0,0,0,0,0,0,0,0,0,0,0,0,0,0,0,0,0,0,0,0,0,0,0,0,0,0,0,0,0,0,0,0,0,0,0,0,0,0,0,0,0,0,0,0,0,0,0,0,0,0,0,0,0,0,0
ILOC70901203,20,28,46,0,0,0,0,0,0,21,28,45,0,0,0,0,0,0,0,0,0,0,0,0,9,9,16,0,0,0,0,0,0,9,9,16,4,3,4,0,0,0,0,0,0,4,3,4,3,10,14,0,0,0,0,0,0,3,10,14,0,0,5,0,0,0,0,0,0,3,0,4,0,6,6,0,0,0,0,0,0,0,6,6,18,28,41,0,0,0,0,0,0,18,28,46,0,0,0,0,0,0,0,0,0,0,0,0,0,0,0,0,0,0,0,0,0,0,0,0,0,0,0,0,0,0,0,0,0,0,0,0,0,0,0,0,0,0,0,0,0,0,0,0,0,0,0,0,0,0,0,0,0,0,0,0,0,0,0,0,0,0,0,0,0,0,0,0,0,0,0,0,0,0,0,0,0,0,0,0,0,0,0,0,0,0,0,0,0,0,0,0,0,0,0,0,0,0,0,0
ILOC70901204,159,209,372,17,20,39,19,12,32,205,241,444,5,25,30,0,0,0,0,0,3,8,28,34,39,50,92,0,0,0,0,0,0,39,50,92,23,32,60,3,4,3,3,0,5,33,36,67,50,63,108,3,9,15,4,8,8,53,77,132,32,29,59,16,5,20,8,4,8,51,40,85,6,15,22,0,3,6,4,0,4,15,15,34,162,206,368,20,17,32,19,12,32,196,238,432,0,0,0,0,0,0,0,0,0,0,0,0,0,0,0,0,0,0,0,0,0,6,0,6,0,0,0,0,0,0,0,0,0,0,0,0,0,0,0,0,0,0,0,0,0,0,0,0,0,0,0,0,0,0,0,0,0,0,3,3,0,0,0,0,0,0,0,0,0,0,0,0,0,0,0,0,0,0,0,0,0,0,0,0,3,3,9,3,0,3,0,0,0,7,6,13,0,0,0,0,0,0,0,0
ILOC70901301,184,197,381,17,19,34,3,3,4,203,225,420,23,11,35,0,0,0,0,0,0,21,14,38,34,30,66,0,0,0,0,0,0,34,30,66,38,38,78,0,0,0,0,0,0,38,39,80,52,66,123,10,5,16,0,0,0,65,74,138,27,37,63,4,7,14,0,5,5,29,51,84,11,12,23,0,0,0,0,0,0,9,12,21,171,185,357,17,16,34,3,3,3,193,204,401,8,9,14,0,0,0,0,0,0,8,9,14,0,0,0,0,0,0,0,0,0,0,0,0,0,0,0,0,0,0,0,0,0,0,0,0,0,0,0,0,0,3,0,0,0,0,0,6,0,0,0,5,0,4,4,0,4,6,0,3,0,6,3,0,0,0,0,0,0,0,6,6,0,0,0,0,0,0,0,0,0,0,0,0,0,6,5,4,0,8,0,0,0,4,7,11,0,0,0,0,0,0,0,0
ILOC70901302,0,0,0,0,0,0,0,0,0,0,0,0,0,0,0,0,0,0,0,0,0,0,0,0,0,0,0,0,0,0,0,0,0,0,0,0,0,0,0,0,0,0,0,0,0,0,0,0,0,0,0,0,0,0,0,0,0,0,0,0,0,0,0,0,0,0,0,0,0,0,0,0,0,0,0,0,0,0,0,0,0,0,0,0,0,0,0,0,0,0,0,0,0,0,0,0,0,0,0,0,0,0,0,0,0,0,0,0,0,0,0,0,0,0,4,0,4,3,0,3,0,0,0,0,0,0,0,0,0,0,0,0,0,0,0,0,0,0,0,0,0,0,0,0,0,0,0,0,0,0,0,0,0,0,0,0,0,0,0,0,0,0,0,0,0,0,0,0,0,0,0,0,0,0,0,0,0,0,0,0,0,0,0,0,0,0,0,0,0,0,0,0,0,0,0,0,0,0,0,0
ILOC70901401,96,116,211,10,7,18,0,4,3,105,130,236,7,4,10,0,0,0,0,0,0,4,6,14,16,22,33,3,0,3,0,0,0,22,22,38,21,17,36,0,0,0,0,0,0,21,13,41,32,41,74,3,6,10,0,4,4,33,50,82,16,22,38,0,6,9,0,0,6,20,30,54,3,10,15,0,0,0,0,0,0,5,10,17,96,109,208,4,10,12,0,0,6,102,122,222,0,0,0,0,0,0,0,0,0,0,0,0,0,0,0,0,0,0,0,0,0,0,0,0,0,0,0,0,0,0,0,0,0,0,0,0,0,0,0,0,0,0,0,0,0,0,0,0,0,0,0,0,0,0,0,0,0,0,0,0,0,0,0,0,0,0,0,0,0,0,0,0,0,0,0,0,0,0,0,0,0,0,0,0,0,0,0,0,0,0,0,0,0,0,3,5,0,0,0,0,0,0,0,0
ILOC70901402,106,82,189,15,12,26,9,6,12,131,97,230,11,10,20,0,0,0,0,0,5,13,11,25,17,11,24,4,6,13,0,0,0,23,12,37,8,11,23,0,0,0,0,0,0,8,11,23,37,27,62,3,0,6,0,0,0,34,28,70,23,25,45,3,0,11,6,3,9,31,31,59,10,4,11,4,0,4,0,0,0,13,4,14,104,75,182,15,12,26,9,3,7,127,89,218,0,0,0,0,0,0,0,0,0,0,0,0,0,0,0,0,0,0,0,0,0,0,0,0,0,0,0,3,3,8,0,0,0,3,3,8,0,0,0,9,9,17,0,0,0,9,9,17,5,3,8,16,7,25,0,0,0,21,11,33,0,0,0,0,0,0,0,0,0,0,0,0,0,0,0,6,4,6,0,0,0,6,4,6,0,0,3,5,6,6,0,0,0,4,9,8,0,0,0,0,3,3,0,0
ILOC70901403,90,98,188,19,13,34,3,7,17,110,124,235,5,13,21,3,0,5,0,0,0,9,12,26,22,17,38,5,0,5,0,0,0,25,17,41,17,13,31,0,3,0,0,0,0,18,21,35,25,29,60,3,9,12,3,3,8,34,41,78,17,19,36,0,0,4,0,0,0,18,22,42,5,5,8,4,3,6,0,0,0,10,9,21,85,98,186,19,13,34,3,7,17,113,124,232,0,0,0,0,0,0,0,0,0,0,0,0,0,0,0,8,10,18,0,0,0,6,10,15,0,0,0,34,34,67,3,7,9,38,36,74,0,0,0,16,20,39,4,3,5,27,24,50,0,0,0,13,20,26,0,0,0,15,19,34,0,0,0,5,0,9,0,0,0,5,0,9,0,0,0,0,10,9,0,0,0,0,10,9,5,3,6,13,16,24,0,0,0,18,18,35,0,0,0,3,6,7,0,0
ILOC70901404,42,39,82,0,3,0,0,0,0,46,37,87,8,0,6,0,0,0,0,0,0,8,0,6,14,8,22,0,0,0,0,0,0,14,8,22,4,6,11,0,0,0,0,0,0,4,6,11,7,12,19,0,0,0,0,0,0,7,15,20,10,8,19,0,0,0,0,0,0,10,8,19,0,4,5,0,0,3,0,0,0,5,6,6,41,33,73,0,0,3,0,0,0,38,35,78,0,3,3,0,0,0,0,0,0,0,3,3,0,0,0,0,0,0,0,0,0,0,0,0,0,0,0,0,0,0,0,0,0,0,0,0,0,0,0,0,0,0,0,0,0,0,0,0,0,3,3,0,0,0,0,0,0,0,3,3,0,0,0,0,0,0,0,0,0,0,0,0,0,0,0,0,0,0,0,0,0,0,0,0,0,0,0,0,0,0,0,0,0,0,0,0,0,0,0,0,0,0,0,0
ILOC70901501,91,113,207,6,5,10,0,6,11,96,123,222,8,7,17,0,0,0,0,0,0,8,7,17,24,26,54,0,0,0,0,6,6,24,30,53,18,22,35,0,0,0,0,0,0,18,22,35,30,28,61,5,4,5,0,0,0,35,37,72,6,20,24,0,5,5,0,3,3,12,23,31,0,9,7,0,0,0,0,0,0,5,9,9,83,109,195,6,5,10,0,0,5,97,117,211,0,0,0,0,0,0,0,0,0,0,0,0,0,0,0,0,0,0,0,0,0,0,0,0,0,0,0,5,0,5,3,0,3,5,0,5,0,0,0,0,0,0,0,0,0,0,0,0,0,0,0,0,0,0,0,0,0,0,0,0,0,0,0,0,0,0,0,0,0,0,0,0,0,0,0,0,0,0,0,0,0,0,0,0,0,0,7,0,0,3,0,0,0,5,3,4,0,0,0,0,0,0,0,0
ILOC70901601,75,68,142,0,3,9,4,4,11,80,70,149,5,3,9,0,0,0,0,0,0,5,3,9,20,15,26,0,0,0,0,0,0,20,15,26,14,16,29,0,0,0,4,0,4,16,17,35,20,20,42,0,3,3,3,4,6,21,21,47,8,11,19,0,0,4,0,0,0,13,11,24,6,8,13,0,0,0,0,0,0,6,8,13,74,60,137,0,5,3,4,0,3,76,70,147,0,0,0,0,0,0,0,0,0,0,0,0,0,0,0,0,0,0,0,0,0,0,0,0,0,0,0,0,0,0,0,0,0,0,0,0,0,0,0,0,0,0,0,0,0,0,0,0,0,0,0,0,0,0,0,0,0,0,0,0,0,0,0,0,0,0,0,0,0,0,0,0,0,0,0,0,0,0,0,0,0,0,0,0,11,6,18,0,0,0,0,0,0,11,6,18,0,0,0,0,0,0,0,0
ILOC70901701,312,303,617,43,51,88,12,15,28,370,368,740,36,24,62,4,0,4,0,0,0,36,24,60,78,60,138,3,3,3,0,3,3,81,62,144,53,50,99,0,6,3,0,0,3,59,53,113,86,83,171,21,23,40,5,5,9,109,110,221,46,65,110,16,12,30,4,0,5,68,85,151,11,21,33,5,9,7,0,4,8,19,30,48,297,294,592,38,47,85,12,9,22,346,349,695,0,3,3,0,0,0,0,0,0,0,3,3,0,0,0,5,12,15,0,0,0,5,13,15,0,0,0,0,3,4,0,0,0,0,3,4,0,0,0,0,0,0,0,0,0,0,0,0,0,0,0,0,0,0,0,0,0,0,0,0,5,0,5,0,0,0,0,0,0,5,0,5,0,0,0,0,0,0,0,0,0,5,0,5,3,6,10,13,8,15,0,0,4,12,16,28,0,0,0,0,0,0,0,0
ILOC79499494,658,617,1276,852,767,1616,314,290,607,1826,1675,3500,43,25,75,33,40,78,13,7,20,89,69,164,51,47,102,99,63,158,16,14,27,166,122,285,56,76,127,31,50,81,29,35,68,113,162,276,211,217,428,268,307,576,116,108,219,602,631,1232,262,231,487,248,217,471,105,110,212,613,557,1167,33,26,56,167,84,252,43,23,59,243,131,373,0,0,0,0,0,0,0,0,0,0,0,0,0,0,0,0,0,0,0,0,0,0,0,0,0,0,0,0,0,0,0,0,0,0,0,0,0,0,0,0,0,0,0,0,0,0,0,0,0,0,0,0,0,0,0,0,0,0,0,0,0,0,0,0,0,0,0,0,0,0,0,0,0,0,0,0,0,0,0,0,0,0,0,0,0,0,0,0,0,0,0,0,0,0,0,0,0,0,0,0,0,0,0,0,0,0,0,0,0,0,0,0,0,0,0,0
ILOC79799797,10,0,9,53,10,63,18,0,24,83,15,99,0,0,0,0,0,0,0,0,0,0,0,0,0,0,0,0,0,0,0,0,0,0,0,0,0,0,0,6,3,9,0,0,0,12,3,15,5,0,5,24,3,31,5,0,9,41,4,44,6,0,6,20,5,21,9,0,9,36,5,37,0,0,0,0,0,0,0,0,0,0,0,5,10,0,9,51,10,62,18,0,24,84,15,95,0,0,0,0,0,0,0,0,0,0,0,0,0,0,0,27,8,32,15,0,17,37,8,46,0,0,0,20,0,21,5,4,9,25,3,31,0,0,0,45,8,51,29,0,30,69,13,78,0,0,0,17,3,20,8,0,10,23,0,23,0,0,0,68,8,78,42,3,48,110,18,122,0,0,0,11,4,12,8,0,6,19,7,23,0,0,0,29,3,37,14,0,15,49,5,50,0,0,0,0,0,0,0,0
